{"type":"Feature","properties":{"source":"Natural Earth 1:10m Admin-1 states/provinces boundary lines","license":"public domain","source_blob":"4137e46bd702e2c84fb5044a5fed91fd8cbade0c","simplified_tolerance_degrees":0.03},"geometry":{"type":"MultiLineString","coordinates":[[[48.672,14.044],[48.58,14.233],[48.187,14.335],[48.049,14.535],[47.745,14.601],[47.486,14.794],[47.679,15.01],[47.615,15.171],[47.84,15.645],[47.749,15.675],[46.34,15.571]],[[50.805,15.097],[50.706,15.272],[50.341,15.274],[50.257,15.328],[50.336,15.5],[50.192,15.609],[50.302,16.002],[50.233,16.108],[50.313,16.435],[50.292,16.515],[50.355,16.599],[50.653,16.747],[51.132,17.153],[51.262,17.338],[51.712,18.596],[51.986,18.98]],[[43.284,13.665],[43.444,13.747],[43.541,13.875],[43.684,13.912]],[[47.324,13.633],[47.223,13.952],[47.256,14.096],[47.206,14.161],[46.865,14.214],[46.492,14.125],[46.397,14.302],[46.044,14.192]],[[45.099,12.936],[45.131,13.163],[45.254,13.395],[45.211,13.512],[45.304,13.628],[45.216,13.667],[45.405,13.897]],[[107.025,10.635],[107.254,10.774],[107.327,10.683],[107.458,10.802],[107.517,10.756]],[[106.594,20.647],[106.469,20.601],[106.417,20.719]],[[106.651,21.018],[106.605,21.025]],[[106.034,19.996],[106.06,20.06],[105.819,20.156],[105.543,20.367]],[[105.806,19.274],[105.687,19.309],[105.534,19.454],[105.416,19.473],[105.342,19.548],[105.277,19.514],[105.262,19.62],[105.138,19.787],[105.18,19.891],[104.946,19.992]],[[109.237,13.699],[108.978,13.543],[108.826,13.558]],[[106.519,17.957],[106.35,17.967],[106.278,17.908],[106.139,17.929],[105.927,18.071],[105.603,17.969]],[[106.246,10.077],[106.134,9.994],[106.133,9.946],[105.997,9.889]],[[106.615,10.437],[106.452,10.416],[106.441,10.472],[106.271,10.586],[105.963,10.553]],[[108.906,11.323],[108.868,11.388],[108.772,11.408],[108.697,11.548],[108.62,11.564]],[[105.839,10.005],[105.692,10.123]],[[109.385,12.834],[109.196,12.847],[109.037,12.753]],[[107.008,17.162],[106.817,16.979],[106.534,16.951]],[[107.587,10.574],[107.587,10.574]],[[107.587,10.574],[107.517,10.756]],[[107.412,16.75],[107.309,16.62],[107.115,16.564],[107.167,16.464],[107.069,16.357],[107.068,16.291]],[[104.834,9.534],[105.024,9.528],[105.28,9.406]],[[105.868,9.255],[105.823,9.378],[105.6,9.418],[105.569,9.61]],[[-58.191,-32.492],[-58.103,-32.486],[-57.996,-32.582],[-57.8,-32.614],[-57.47,-32.445],[-57.268,-32.443],[-57.04,-32.363],[-56.67,-32.426],[-56.559,-32.492]],[[-65.426,10.143],[-65.449,10.08],[-65.697,9.953]],[[-67.392,10.543],[-67.34,10.396],[-67.22,10.417]],[[-71.219,9.187],[-71.147,9.128],[-71.157,9.011],[-71.195,8.996],[-71.226,9.048],[-71.296,9.014],[-71.674,8.719],[-71.726,8.617],[-71.808,8.62],[-71.833,8.673],[-71.945,8.611]],[[-71.059,9.338],[-70.928,9.313],[-70.863,9.139],[-70.695,8.985],[-70.58,9.04],[-70.535,8.955]],[[-55.374,-34.803],[-55.374,-34.803]],[[-55.374,-34.803],[-55.473,-34.622]],[[-56.366,-34.794],[-56.364,-34.734]],[[-57.176,-34.454],[-57.099,-34.394],[-57.096,-34.232],[-56.942,-34.148],[-57.078,-33.963]],[[55.746,25.662],[55.802,25.626],[55.928,25.348]],[[56.362,25.068],[56.286,25.078],[56.282,24.951]],[[56.365,25.423],[56.261,25.331]],[[4.186,51.617],[4.23,51.52]],[[-110.004,75.878],[-110.004,72.711]],[[-110.004,72.458],[-110.004,72.495]],[[-110.004,72.524],[-110.004,72.625]],[[-110.004,75.912],[-110.004,78.687]],[[55.492,25.46],[55.628,25.418],[55.61,25.365],[55.424,25.395]],[[55.325,25.307],[55.449,25.307],[55.617,25.185],[55.671,24.709]],[[55.515,25.513],[55.715,25.406],[55.813,25.281],[55.904,25.295],[55.928,25.348]],[[35.105,46.295],[35.06,46.306],[35.029,46.465],[34.762,46.547],[34.733,46.662],[34.631,46.689],[34.797,46.84],[34.56,47.012],[34.475,47.274],[34.506,47.314],[34.298,47.272],[34.204,47.478]],[[10.691,35.79],[10.627,35.621],[10.525,35.584],[10.48,35.508],[10.601,35.502]],[[10.417,36.73],[10.341,36.471]],[[10.254,36.791],[10.211,36.722],[10.055,36.69]],[[11.014,35.563],[10.833,35.459],[10.601,35.502]],[[10.337,36.892],[9.998,36.772],[10.055,36.69]],[[11.016,35.093],[10.896,35.172],[10.833,35.157],[10.775,35.272],[10.726,35.22],[10.616,35.24],[10.421,35.109],[10.229,35.146]],[[143.943,-7.992],[143.002,-7.038],[142.999,-6.837]],[[146.39,-8.584],[146.408,-7.937],[146.626,-7.771]],[[80.262,13.472],[80.278,13.513]],[[-61.462,10.538],[-61.41,10.566]],[[-61.49,10.755],[-61.511,10.676]],[[-61.549,10.667],[-61.511,10.676]],[[-61.353,10.804],[-61.341,10.738],[-61.426,10.729],[-61.41,10.566]],[[-61.462,10.523],[-61.38,10.505],[-61.369,10.566]],[[-61.46,10.31],[-61.428,10.31]],[[-61.178,10.075],[-61.244,10.307]],[[100.467,13.496],[100.499,13.665],[100.561,13.704],[100.664,13.653],[100.713,13.712],[100.855,13.692]],[[99.145,9.791],[98.79,9.687],[98.75,9.601]],[[99.503,10.997],[99.266,10.958],[99.141,11.039]],[[102.356,12.358],[102.33,12.557],[102.364,12.593],[102.412,12.566],[102.397,12.676],[102.495,12.746]],[[100.978,12.64],[101.003,12.793],[101.096,12.911],[101.086,13.022],[101.17,13.021],[101.188,13.076],[101.4,13.018],[101.633,13.149],[101.693,13.134]],[[99.961,12.636],[99.625,12.545],[99.405,12.567]],[[99.961,13.292],[99.888,13.239],[99.859,13.328]],[[98.39,9.345],[98.511,9.306]],[[98.649,8.369],[98.663,8.556],[98.713,8.625]],[[125.49,-8.568],[125.512,-8.62]],[[125.829,-8.491],[125.764,-8.583]],[[126.142,-8.503],[126.179,-8.624],[126.14,-8.681]],[[126.728,-8.761],[126.739,-8.696]],[[125.488,-9.241],[125.511,-9.164],[125.411,-9.034]],[[125.67,-9.193],[125.665,-9.094],[125.579,-8.999],[125.6,-8.928],[125.672,-8.907],[125.688,-8.795]],[[120.475,24.207],[120.667,24.02]],[[120.244,23.838],[120.647,23.775]],[[120.621,24.456],[120.853,24.292],[120.943,24.341],[121.043,24.303],[121.263,24.433]],[[120.915,24.853],[121.046,24.789],[120.96,24.715]],[[120.412,22.483],[120.473,22.837],[120.631,22.884],[120.853,22.858]],[[38.114,40.958],[38.063,40.846],[38.063,40.605],[38.158,40.524]],[[34.216,41.96],[34.14,41.767],[34.532,41.713],[34.588,41.657],[34.472,41.519],[34.472,41.311]],[[35.5,41.642],[35.456,41.524],[35.505,41.285],[35.296,41.258],[35.185,41.299],[35.113,41.4],[34.888,41.27]],[[28.203,41.54],[28.156,41.492]],[[53.705,36.816],[53.753,36.73],[53.974,36.623],[54.12,36.485]],[[-61.521,10.24],[-61.469,10.186],[-61.504,10.07]],[[121.763,24.326],[121.457,24.373]],[[35.931,35.261],[36.026,35.22],[36.253,35.223]],[[12.911,56.474],[12.985,56.434],[12.985,56.377],[13.193,56.339],[13.501,56.424]],[[17.499,62.148],[15.582,62.358],[15.359,62.282]],[[18.555,60.121],[18.461,60.043],[18.494,60.011],[18.427,59.98],[18.39,59.882],[18.178,59.829],[18.09,59.753],[17.582,59.666],[17.59,59.563],[17.444,59.385]],[[19.316,63.458],[19.206,63.594],[18.956,63.77],[18.521,63.852],[18.427,63.983],[17.73,63.889],[16.902,63.96],[16.745,64.017]],[[16.687,57.989],[16.58,58.095],[16.44,58.125],[16.023,58.078],[16.076,57.976],[16.002,57.834],[15.67,57.857],[15.443,57.712]],[[16.066,56.336],[15.86,56.351],[15.579,56.509],[15.363,56.482]],[[-55.129,5.821],[-55.144,5.766]],[[-55.23,5.902],[-55.211,5.799],[-55.144,5.766]],[[30.196,-31.078],[30.061,-30.854],[29.794,-30.709],[29.612,-30.692],[29.471,-30.618],[29.327,-30.656],[29.14,-30.61],[29.151,-30.513],[29.296,-30.374],[29.298,-30.318],[29.13,-30.245],[29.12,-30.086],[29.016,-29.979]],[[23.64,-33.981],[23.687,-33.872],[23.507,-33.784],[23.367,-33.781],[23.632,-33.62],[23.512,-33.461],[23.262,-33.399],[22.75,-33.402],[22.737,-33.363],[22.916,-33.096],[22.953,-32.944],[23.074,-32.846],[23.069,-32.78],[23.115,-32.833],[23.37,-32.768],[23.278,-32.668],[23.243,-32.425],[23.325,-32.355],[23.602,-32.325],[23.757,-32.196],[23.885,-32.228],[24.029,-32.175],[24.182,-31.952],[24.126,-31.888],[24.147,-31.79]],[[41.597,18.121],[41.771,18.314]],[[34.843,28.885],[35.22,28.861],[35.374,28.929],[35.855,28.984],[36.12,28.905],[36.41,28.583],[36.489,28.561],[36.855,28.645],[37.426,28.574],[37.545,28.754],[37.716,28.867],[37.772,28.807],[37.783,28.458],[37.91,28.314],[38.128,28.246],[38.596,28.228],[38.662,28.14],[38.904,28.208],[39,28.168]],[[-16.735,15.477],[-16.69,15.427],[-16.723,15.282],[-16.614,15.131],[-16.451,15.321],[-16.344,15.318],[-16.199,15.01],[-16.132,14.969]],[[21.234,70.224],[21.617,70.187],[21.875,70.102],[22.112,70.158],[22.321,69.952],[22.557,69.917],[22.539,69.867],[22.584,69.841],[22.526,69.8],[22.629,69.706],[22.933,69.64],[22.775,69.515],[22.336,69.468],[22.359,69.394],[22.591,69.231],[22.547,69.119],[21.946,69.066]],[[10.283,59.696],[9.949,59.643],[9.932,59.608],[10.066,59.5],[9.785,59.492],[9.783,59.432]],[[10.487,59.803],[10.35,59.838],[10.375,59.975],[10.624,60.155]],[[10.757,59.844],[10.917,59.846],[10.935,59.977],[10.68,60.153]],[[103.443,4.169],[103.319,4.194],[103.32,3.875],[103.24,4.017],[103.008,4.135],[102.922,4.111],[102.934,4.273],[103.014,4.339],[103.024,4.413],[102.975,4.475],[102.858,4.498],[102.862,4.659],[102.734,4.689],[102.661,4.768]],[[102.489,2.093],[102.537,2.137],[102.481,2.208],[102.52,2.35],[102.599,2.422]],[[100.841,3.843],[100.939,3.861],[100.968,3.773],[101.092,3.776],[101.081,3.73],[101.24,3.717],[101.266,3.668],[101.347,3.703],[101.341,3.791],[101.514,3.675],[101.627,3.772]],[[101.988,2.391],[102.18,2.492],[102.599,2.422]],[[101.721,2.596],[101.773,2.738],[101.76,2.863],[101.88,2.871],[101.963,3.033],[101.916,3.261]],[[115.422,4.962],[115.636,4.941],[115.659,4.825],[115.557,4.574],[115.591,4.388],[115.674,4.323],[115.639,4.146]],[[-11.077,6.593],[-10.974,6.728],[-10.939,6.993]],[[-71.222,19.835],[-71.134,19.752]],[[-70.373,19.714],[-70.398,19.659],[-70.51,19.637],[-70.548,19.518]],[[-61.449,15.633],[-61.408,15.503]],[[-61.416,15.39],[-61.335,15.405]],[[-61.346,15.212],[-61.356,15.244]],[[-61.394,15.314],[-61.328,15.346]],[[-61.373,15.26],[-61.373,15.26]],[[-61.373,15.26],[-61.357,15.254]],[[42.533,11.547],[42.365,11.654]],[[43.086,11.839],[42.7,12.252],[42.696,12.38]],[[51.417,25.952],[51.417,25.83],[51.346,25.829],[51.244,25.928],[51.104,25.928],[51.104,25.824],[50.972,25.825]],[[51.516,25.383],[51.445,25.36]],[[51.474,24.764],[51.474,24.764]],[[-8.811,37.451],[-8.719,37.4],[-8.466,37.375],[-8.306,37.434],[-8.171,37.337],[-8.071,37.327],[-7.786,37.474],[-7.515,37.528]],[[-8.812,37.835],[-8.613,37.754],[-8.522,37.853],[-8.329,37.847],[-8.293,37.982],[-8.401,38.076],[-8.348,38.143],[-8.135,38.223],[-8.162,38.318]],[[-8.79,39.071],[-8.956,38.841],[-8.923,38.778]],[[-9.351,39.292],[-9.231,39.316],[-9.169,39.221],[-9.074,39.309],[-8.994,39.299]],[[-8.824,41.618],[-8.552,41.629],[-8.503,41.734],[-8.179,41.813]],[[-8.787,41.468],[-8.61,41.411],[-8.604,41.349],[-8.316,41.367],[-8.219,41.415],[-8.036,41.325],[-7.976,41.37]],[[124.167,7.432],[124.465,7.67]],[[124.262,8.324],[124.377,8.376],[124.437,8.35]],[[123.615,7.833],[123.704,7.91],[123.689,7.968]],[[125.954,7.047],[126.294,7.299],[126.219,7.455],[126.244,7.558],[126.183,7.995]],[[125.677,7.265],[125.501,7.242],[125.502,7.592],[125.289,7.596]],[[124.037,6.759],[124.52,6.734],[124.567,6.83],[124.643,6.86],[124.711,6.846],[124.694,6.778],[124.836,6.642],[124.909,6.639],[124.896,6.729]],[[124.37,6.133],[124.383,6.162]],[[-76.251,-13.322],[-75.952,-13],[-75.797,-13.029],[-75.635,-12.982]],[[-75.076,-15.438],[-74.962,-15.238],[-74.727,-15.088]],[[-71.488,-17.318],[-71.332,-17.045],[-71.409,-16.979],[-71.448,-16.844],[-71.306,-16.735],[-71.307,-16.625],[-71.205,-16.499],[-70.959,-16.463],[-70.959,-16.358],[-70.875,-16.263],[-70.85,-15.988]],[[-71.176,-17.793],[-71.089,-17.693],[-70.924,-17.616],[-70.708,-17.258],[-70.516,-17.115],[-70.433,-16.836],[-70.332,-16.83],[-70.24,-16.939],[-70.178,-16.87]],[[-80.636,-6.382],[-80.329,-5.959],[-79.95,-5.822],[-79.949,-5.547],[-79.75,-5.745],[-79.765,-5.841],[-79.627,-5.94],[-79.529,-5.933],[-79.451,-5.989]],[[-79.706,-7.179],[-79.493,-6.964],[-79.348,-7.01]],[[-77.892,-10.604],[-77.814,-10.549],[-77.781,-10.367],[-77.7,-10.366],[-77.677,-10.425],[-77.754,-10.521],[-77.602,-10.581],[-77.588,-10.744],[-77.494,-10.745],[-77.197,-10.518],[-77.15,-10.385],[-76.932,-10.287]],[[-78.671,-8.968],[-78.621,-8.952],[-78.537,-8.755],[-78.254,-8.658],[-78.12,-8.312],[-77.898,-8.064],[-77.793,-8.074],[-77.647,-8.011],[-77.62,-8.13],[-77.484,-8.249],[-77.323,-8.534]],[[144.582,-3.996],[144.564,-4.48],[144.446,-4.669],[144.047,-4.966],[143.969,-4.981]],[[143.085,-3.353],[143.055,-3.521],[142.756,-3.41],[142.651,-3.45],[142.603,-3.555],[142.634,-3.865],[142.513,-4.062],[141.796,-4.095],[141.81,-4.061],[141.739,-4.016],[141.342,-4.288],[141.368,-4.588],[142.196,-4.618],[142.299,-4.678],[142.324,-4.968]],[[149.678,-10.336],[149.654,-10.091],[149.323,-9.921],[149.211,-9.81],[148.956,-9.786]],[[8.225,58.157],[8.185,58.196],[8.211,58.289],[8.093,58.312],[8.092,58.357],[7.975,58.345],[7.765,58.481],[7.58,58.48],[7.546,58.546],[7.619,58.6],[7.586,58.691],[7.678,58.769],[7.594,58.878],[7.072,58.847],[7.165,58.949],[7.118,59.019],[7.158,59.033],[7.183,59.174],[6.943,59.209]],[[6.389,58.267],[6.627,58.367],[6.585,58.611],[6.445,58.658],[6.599,58.708],[6.517,58.786],[6.578,58.865],[6.562,58.931],[6.943,59.209]],[[5.105,60.837],[5.164,60.924],[5.269,60.955],[5.864,60.975],[6.027,61.033],[6.27,60.918],[6.491,60.96],[6.557,60.923],[6.678,60.976],[6.824,60.933],[6.723,60.869],[6.864,60.845],[6.861,60.8],[6.959,60.794],[6.984,60.749],[7.478,60.702]],[[-57.101,51.419],[-57.101,52],[-63.739,52],[-63.82,52.068],[-63.64,52.051],[-63.783,52.291],[-63.75,52.322],[-63.973,52.354],[-64.081,52.473],[-63.876,52.608],[-63.379,52.651],[-63.596,52.771],[-63.612,52.861],[-63.719,52.779],[-64.107,52.72],[-64.166,52.675],[-64.19,52.572],[-64.128,52.387],[-64.221,52.266],[-64.155,52.132],[-64.252,52.115],[-64.272,52.039],[-64.235,51.981],[-64.338,52.012],[-64.362,51.967],[-64.279,51.74],[-64.53,51.592],[-64.771,51.764],[-64.957,51.723],[-65.184,51.774],[-65.184,51.823],[-65.277,51.867],[-65.339,51.819],[-65.394,51.898],[-65.376,51.984],[-65.5,52.098],[-65.662,51.988],[-65.655,52.108],[-65.992,52.06],[-66.088,52.091],[-66.078,52.17],[-66.284,52.307],[-66.264,52.156],[-66.374,52.142],[-66.48,52.335],[-66.436,52.376],[-66.35,52.359],[-66.405,52.648],[-66.288,52.61],[-66.401,52.844],[-66.288,52.847],[-66.315,52.937],[-66.425,53.037],[-66.508,52.958],[-66.625,52.937],[-66.656,52.796],[-66.769,52.765],[-66.769,52.679],[-66.852,52.731],[-66.866,52.662],[-67.041,52.775],[-67.062,52.875],[-67.165,52.82],[-67.347,52.916],[-67.385,53.105],[-67.241,53.167],[-66.996,53.081],[-66.962,53.295],[-67.01,53.353],[-66.89,53.415],[-67.031,53.515],[-67.323,53.566],[-67.413,53.694],[-67.595,53.783],[-67.523,53.838],[-67.808,54.034],[-67.774,54.127],[-67.64,54.189],[-67.746,54.344],[-67.75,54.426],[-67.509,54.488],[-67.499,54.595],[-67.268,54.485],[-67.234,54.516],[-67.261,54.571],[-67.086,54.681],[-67.086,54.732],[-67.423,54.997],[-67.408,55.081],[-67.274,55.066],[-67.309,55.016],[-67.025,54.896],[-66.936,54.799],[-66.701,54.74],[-66.721,54.775],[-66.607,54.804],[-66.729,54.939],[-66.661,54.984],[-66.762,55.104],[-66.689,55.202],[-66.837,55.317],[-66.77,55.339],[-66.677,55.258],[-66.559,55.24],[-66.254,54.998],[-66.04,54.911],[-65.856,54.908],[-65.819,54.816],[-65.681,54.715],[-65.48,54.731],[-65.445,54.746],[-65.473,54.842],[-65.296,54.826],[-65.103,54.957],[-64.941,54.93],[-64.782,54.835],[-64.768,54.738],[-64.576,54.727],[-64.392,54.789],[-64.181,54.711],[-64.052,54.607],[-63.899,54.602],[-63.729,54.647],[-63.904,54.782],[-63.824,54.829],[-63.815,54.94],[-63.605,54.902],[-63.589,55.121],[-63.41,55.252],[-63.551,55.226],[-63.66,55.27],[-63.542,55.308],[-63.578,55.339],[-63.33,55.389],[-63.767,55.461],[-63.685,55.52],[-63.669,55.624],[-63.749,55.655],[-63.696,55.777],[-63.762,55.793],[-63.84,55.913],[-63.445,56.023],[-63.804,56.043],[-63.878,56.079],[-63.862,56.123],[-64.01,56.07],[-64.011,56.156],[-63.877,56.217],[-64.091,56.263],[-64.137,56.304],[-64.108,56.375],[-64.17,56.426],[-63.877,56.439],[-64.126,56.709],[-63.993,56.789],[-63.997,56.855],[-63.871,56.878],[-63.915,56.937],[-63.866,56.992],[-63.876,57.059],[-63.795,57.101],[-63.743,57.227],[-63.82,57.275],[-63.85,57.192],[-63.869,57.25],[-63.838,57.325],[-63.708,57.385],[-63.765,57.463],[-63.765,57.564],[-63.584,57.708],[-63.649,57.731],[-63.696,57.659],[-63.77,57.731],[-63.818,57.689],[-63.892,57.73],[-63.939,57.801],[-64.011,57.814],[-64.054,57.768],[-64.221,58.045],[-64.428,58.075],[-64.39,58.188],[-64.209,58.238],[-64.156,58.348],[-63.82,58.474],[-63.89,58.567],[-64.078,58.552],[-64.059,58.669],[-63.484,58.759],[-63.572,58.835],[-63.76,58.879],[-64.157,58.751],[-64.262,58.782],[-64.259,58.85],[-64.31,58.885],[-64.882,58.935],[-64.754,59.065],[-64.438,58.983],[-64.292,59.007],[-64.348,59.066],[-64.469,59.088],[-64.534,59.195],[-64.503,59.43],[-64.349,59.505],[-64.453,59.526],[-64.702,59.447],[-64.903,59.604],[-64.885,59.664],[-64.774,59.699],[-64.814,59.819],[-64.748,59.843],[-64.768,59.88],[-64.654,59.917],[-64.845,59.968],[-64.904,60.048],[-64.782,60.044],[-64.705,60.064],[-64.741,60.101],[-64.599,60.118],[-64.636,60.174],[-64.81,60.198],[-64.845,60.264],[-64.533,60.303],[-64.432,60.373]],[[-87.121,12.458],[-87.006,12.5],[-86.793,12.746],[-86.67,12.779],[-86.664,12.959],[-86.721,13.09]],[[4.23,51.519],[4.281,51.369]],[[5.18,53.009],[5.26,52.865],[5.37,52.79]],[[6.186,53.411],[6.18,53.364],[6.287,53.309],[6.174,53.131],[6.31,53.092]],[[40.527,-13.511],[40.454,-13.509],[40.42,-13.456],[40.253,-13.488],[40.128,-13.448],[39.849,-13.675],[39.517,-13.764],[39.208,-13.954],[39.08,-13.95],[38.841,-14.106],[38.684,-14.147],[38.42,-14.127]],[[33.132,-25.379],[33.131,-25.25],[33.004,-25.206],[32.998,-25.075],[32.929,-25.048],[32.937,-24.782],[32.84,-24.728],[32.722,-24.549],[32.706,-24.405],[32.091,-24.213],[31.926,-24.277]],[[39.129,-16.872],[38.98,-16.619],[39.048,-16.509],[38.921,-16.209],[38.936,-16.104],[38.811,-15.829],[38.682,-15.684],[38.558,-15.636],[38.373,-15.471],[38.21,-15.445],[38.139,-15.347],[37.841,-15.188],[37.687,-15.242],[37.512,-15.132],[37.385,-15.219],[37.215,-15.011],[36.715,-15.004]],[[34.48,-24.852],[34.449,-24.803],[34.324,-24.786],[34.299,-24.722],[34.466,-24.622],[34.378,-24.53],[34.425,-24.46],[34.141,-24.539],[34.003,-24.333],[33.992,-24.086],[33.925,-24.087],[33.916,-24.038],[33.962,-23.697],[33.894,-23.656],[33.951,-23.545],[33.848,-23.399],[33.907,-23.35],[33.843,-23.195],[33.299,-22.558],[33.32,-22.397],[33.374,-22.363],[33.372,-22.109],[33.332,-22],[33.157,-21.822],[33.146,-21.704],[33.277,-21.505]],[[-6.723,34.182],[-6.555,34.12],[-6.363,34.169],[-5.885,34.117]],[[-8.012,33.466],[-7.968,33.335],[-8.118,33.168],[-8.054,32.914],[-7.99,32.834]],[[-9.459,31.945],[-9.334,31.903],[-9.056,31.909],[-8.969,31.798],[-8.857,31.765],[-8.45,31.774],[-8.264,32.112],[-8.392,32.201],[-8.45,32.335],[-8.091,32.583],[-8.051,32.787],[-7.99,32.834]],[[-9.824,30.96],[-9.69,30.829],[-9.548,30.882],[-9.048,30.855],[-8.82,30.969],[-8.751,30.878],[-8.034,30.946],[-7.825,31.14],[-7.326,31.341],[-7.186,31.447]],[[19.141,42.02],[19.242,42.011],[19.215,42.102],[19.37,42.107]],[[18.645,42.418],[18.66,42.387]],[[18.653,42.452],[18.507,42.598]],[[18.971,42.183],[18.971,42.183]],[[18.971,42.183],[18.996,42.222],[18.923,42.302]],[[-5.428,5.099],[-5.436,5.26],[-5.324,5.191]],[[48.031,-14.064],[48.08,-13.956],[48.247,-13.865],[48.181,-14.014],[48.376,-14.12],[48.522,-14.074],[48.702,-14.2],[48.788,-14.184],[48.827,-14.245],[48.971,-14.143],[49.097,-14.196]],[[48.616,-20.42],[48.616,-20.42]],[[48.616,-20.42],[48.405,-20.385],[48.348,-20.299],[48.257,-20.296],[48.166,-20.222],[48.082,-20.438],[47.994,-20.405],[47.781,-20.451]],[[21.328,56.974],[21.396,56.942]],[[23.579,56.982],[23.477,56.936]],[[22.195,57.658],[22.272,57.507],[22.078,57.423],[22.26,57.398]],[[130.211,32.944],[130.032,32.988],[129.759,33.268],[129.824,33.352],[129.723,33.619],[129.996,33.741]],[[130.036,33.458],[130.259,33.468],[130.414,33.387],[130.527,33.414],[130.532,33.338],[130.381,33.236],[130.349,33.142]],[[130.429,32.981],[130.685,33.14],[130.835,33.081]],[[134.31,33.526],[134.19,33.552],[134.159,33.656],[134.06,33.679],[134.018,33.811],[133.906,33.785],[133.648,33.856]],[[134.443,34.212],[134.408,34.157],[134.172,34.158],[133.984,34.074],[133.828,34.093],[133.661,33.998]],[[139.944,40.429],[140.409,40.481],[140.528,40.412],[140.648,40.412],[140.869,40.497],[140.96,40.411],[140.926,40.244]],[[139.881,39.115],[140.343,39.004],[140.533,38.882]],[[139.549,38.545],[139.702,38.494],[139.709,38.388],[139.869,38.301],[139.808,38.219],[139.679,38.188],[139.617,37.91],[139.725,37.82]],[[137.467,34.658],[137.488,34.81],[137.618,34.879],[137.806,35.195]],[[139.787,35.512],[139.527,35.614],[139.454,35.597],[139.49,35.559],[139.463,35.49],[139.399,35.556],[139.122,35.654]],[[139.112,35.111],[138.974,35.205],[138.987,35.381],[138.9,35.381]],[[140.859,35.735],[140.551,35.889],[140.127,35.854],[139.97,35.914],[139.805,36.078],[139.753,36.08]],[[140.797,36.846],[140.57,36.926],[140.565,36.863],[140.45,36.795],[140.237,36.925]],[[135.994,33.686],[135.848,33.838]],[[-78,18.447],[-77.921,18.296]],[[-78.346,18.298],[-78.1,18.339],[-77.921,18.296]],[[-77.736,18.507],[-77.781,18.234]],[[-77.465,18.476],[-77.491,18.196]],[[-77.07,18.413],[-76.996,18.242]],[[-76.257,17.996],[-76.529,18.022],[-76.628,18.074]],[[-77.132,17.875],[-77.211,18.186]],[[-3.539,5.157],[-3.402,5.237],[-3.441,5.299],[-3.407,5.533],[-3.434,5.78]],[[-5.324,5.191],[-5.088,5.231],[-4.938,5.796],[-5.008,6.111],[-5.176,6.153],[-5.244,6.218]],[[-5.859,5.028],[-5.865,5.166],[-5.753,5.212],[-5.744,5.276],[-5.829,5.559],[-5.97,5.515],[-6.052,5.678]],[[-6.198,53.634],[-6.407,53.57],[-6.327,53.487],[-6.456,53.388]],[[-7.852,51.977],[-7.917,51.983],[-8.063,52.135],[-8.145,52.143],[-8.099,52.209]],[[-6.994,52.278],[-6.923,52.466]],[[-9.004,53.147],[-9.018,53.108],[-8.891,53.056],[-8.862,52.969],[-8.597,53.033],[-8.477,52.977],[-8.309,52.98]],[[-9.134,54.165],[-8.924,54.117],[-9.005,54.026],[-8.818,53.97],[-8.645,54.032],[-8.59,54.014],[-8.583,53.958]],[[103.439,-0.746],[102.804,-0.793],[102.541,-1.085],[102.43,-1.06],[102.189,-0.856],[101.984,-0.887],[101.89,-0.995],[101.77,-1.038]],[[100.314,2.555],[100.293,1.921],[100.444,1.616],[100.413,1.561],[100.067,1.379],[100.223,1.161],[100.173,0.758]],[[98.268,4.288],[98.066,4.251],[98.001,3.98],[97.931,3.902],[97.89,3.915],[97.893,3.848],[97.778,3.736],[97.99,3.33],[97.864,3.257],[97.94,3.128],[97.893,3.079],[97.91,2.924],[98.057,2.812],[98.072,2.685],[98.025,2.576],[98.128,2.327],[98.101,2.189],[97.899,2.003],[97.599,1.861],[96.923,1.75]],[[110.844,-8.201],[110.799,-8.122],[110.781,-7.854],[110.537,-7.81],[110.438,-7.56],[110.259,-7.715],[110.246,-7.672],[110.137,-7.677],[110.043,-7.889]],[[-21.958,66.265],[-21.958,66.265]],[[-21.425,64.376],[-21.217,64.399],[-21.149,64.364]],[[-20.701,63.866],[-20.701,63.866]],[[-13.573,65.267],[-13.573,65.267]],[[-87.728,15.921],[-87.795,15.804],[-87.758,15.751],[-87.788,15.721]],[[-73.056,18.458],[-73.063,18.383],[-72.998,18.323]],[[-73.008,18.181],[-73.012,18.221]],[[-73.121,19.629],[-73.067,19.733],[-72.83,19.73],[-72.676,19.807]],[[-72.565,19.876],[-72.676,19.807]],[[-57.913,6.716],[-57.883,6.538],[-57.934,6.533],[-57.937,6.452],[-58.079,6.344],[-58.125,6.08]],[[-58.174,6.815],[-58.178,6.672],[-58.303,6.469],[-58.275,6.106]],[[-58.769,7.679],[-59.096,7.421],[-59.072,7.325],[-59.177,7.097],[-59.154,6.984]],[[-58.602,6.417],[-58.57,5.937],[-58.623,5.581],[-58.693,5.438],[-58.845,5.415]],[[-58.617,6.488],[-58.819,6.538],[-58.834,6.714]],[[-92.162,14.487],[-92.017,14.531]],[[-1.569,5.019],[-1.546,5.177],[-1.421,5.257],[-1.607,5.45],[-1.607,5.581],[-1.815,5.62],[-1.792,5.773],[-1.836,5.888],[-2.159,6.147],[-2.168,6.217],[-2.07,6.298]],[[9.741,53.573],[9.741,53.573]],[[9.741,53.573],[9.768,53.629],[9.816,53.593],[10.192,53.727],[10.165,53.685],[10.223,53.634],[10.183,53.529],[10.328,53.433]],[[10.906,53.961],[10.961,53.912],[10.763,53.865],[10.758,53.749],[10.943,53.681],[10.954,53.566],[10.83,53.57],[10.823,53.516],[10.641,53.451],[10.601,53.372]],[[5.19,59.48],[5.408,59.516]],[[-114.099,28],[-114.207,28]],[[98.433,-0.834],[98.705,-0.666],[98.795,-0.556],[99.084,0.135],[99.354,0.484],[99.564,0.563],[99.814,0.468],[99.908,0.504],[99.889,0.617],[99.707,0.887],[100.173,0.758]],[[-15.677,11.805],[-15.624,11.966]],[[-15.546,11.898],[-15.624,11.966]],[[178.448,-17.55],[178.418,-17.666],[178.283,-17.622],[178.139,-17.668],[178.026,-17.573],[178.006,-17.74],[178.1,-17.702],[177.973,-17.849],[177.997,-17.983],[177.806,-17.993],[177.769,-18.075],[177.826,-18.123],[177.783,-18.223]],[[23.718,59.231],[23.908,59.131],[24.115,59.107],[24.148,59.058],[24.105,58.985]],[[100.872,-2.971],[100.849,-2.696],[100.904,-2.601],[101.171,-2.367],[101.336,-2.297]],[[103.482,-5.299],[103.566,-4.975],[103.765,-4.805]],[[108.257,-1.977],[108.61,-2.171]],[[109.138,2.201],[109.303,2.306]],[[108.302,1.113],[108.247,0.876]],[[26.781,59.503],[26.794,59.405],[26.709,59.361],[26.799,59.34],[26.742,59.261],[26.843,59.255],[26.941,59.15],[26.802,59.112],[26.811,59.02],[26.703,58.956]],[[-88.817,13.26],[-88.732,13.341],[-88.659,13.555],[-88.487,13.688]],[[103.198,1.04],[103.269,0.773],[103.354,0.637],[103.551,0.551]],[[104,-0.245],[103.974,-0.401]],[[104.231,-0.815],[104.373,-0.85]],[[105.004,-1.094],[105.161,-0.995]],[[104.961,-1.887],[105.038,-2.143],[105.104,-2.2],[105.652,-2.276],[105.908,-2.855],[106.154,-2.978],[106.333,-3.255]],[[105.708,-6.037],[105.988,-5.757]],[[114.61,-7.89],[114.453,-8.053],[114.426,-8.156],[114.446,-8.36],[114.634,-8.553]],[[115.892,-8.304],[115.867,-8.454],[115.731,-8.653],[115.727,-8.913]],[[125.392,-7.98],[125.318,-7.789]],[[129.708,-2.358],[129.936,-2.413]],[[131.41,-3.043],[131.559,-3.217]],[[132.292,-4.083],[132.418,-4.28]],[[134.726,-4.934],[134.458,-4.887]],[[125.956,-2.791],[126.264,-2.721]],[[127.847,-2.315],[128.099,-2.273]],[[122.133,0.108],[122.483,0.108]],[[123.982,-1.601],[123.94,-1.825]],[[125.788,1.284],[125.844,1.607]],[[129.766,-0.13],[129.64,-0.396]],[[-88.832,13.266],[-88.781,13.405],[-88.822,13.456],[-88.809,13.548],[-88.837,13.603],[-88.886,13.599],[-88.896,13.663]],[[32.652,29.79],[32.855,29.914]],[[30.398,31.444],[30.518,31.328],[30.525,31.196],[30.699,31.092],[30.764,30.984]],[[32.656,29.121],[32.5,29.106],[32.145,28.968],[31.869,28.968]],[[31.572,31.444],[31.5,31.365],[31.634,31.291],[31.682,31.333],[31.693,31.291],[31.603,31.169],[31.795,31.278]],[[32.257,31.289],[32.256,31.276]],[[32.142,31.087],[32.29,31.114]],[[32.287,31.17],[32.29,31.114]],[[34.886,29.49],[34.468,29.546],[33.768,29.827],[33.13,29.925],[32.855,29.914]],[[-79.896,-3.045],[-79.76,-3.065]],[[-69.212,19.021],[-69.19,18.915],[-69.329,18.924],[-69.22,18.758],[-69.254,18.64]],[[-70.18,18.234],[-70.27,18.369],[-70.237,18.433],[-70.357,18.504]],[[-69.879,18.471],[-69.968,18.537],[-69.981,18.426]],[[-70.966,18.262],[-70.966,18.262]],[[-70.966,18.262],[-70.959,18.354],[-71.052,18.404],[-71.015,18.502]],[[-69.085,18.396],[-69.122,18.476],[-69.093,18.527]],[[32.566,35.173],[32.63,35.106],[32.663,34.909],[32.767,34.903]],[[33.896,34.962],[33.829,35.001]],[[-78.082,22.083],[-78.079,22.033],[-78.252,21.926],[-78.156,21.818],[-78.183,21.769],[-78.299,21.818],[-78.352,21.671],[-78.429,21.67],[-78.459,21.606],[-78.642,21.534]],[[-75.382,19.883],[-75.49,20.062],[-75.429,20.104],[-75.479,20.34],[-75.375,20.423]],[[-76.945,21.458],[-77.1,21.416],[-77.132,21.339],[-77.072,21.309],[-77.13,21.257],[-77.131,21.174],[-77.292,20.995],[-77.357,20.981],[-77.438,21.076],[-77.587,20.938],[-77.647,20.965],[-77.658,20.897],[-77.766,20.876],[-77.831,20.726]],[[-77.831,20.726],[-77.831,20.726]],[[-82.944,22.985],[-82.916,22.841],[-82.978,22.807],[-82.825,22.611]],[[-80.593,23.068],[-80.63,22.974],[-80.726,22.971],[-80.748,22.881],[-80.667,22.796],[-80.585,22.814],[-80.52,22.542]],[[-80.593,22.054],[-80.593,22.054]],[[-80.593,22.054],[-80.618,22.121],[-80.745,22.117],[-80.897,22.211],[-80.943,22.355],[-80.929,22.419],[-80.837,22.482],[-80.624,22.46],[-80.52,22.542]],[[-80.101,21.825],[-80.024,21.939]],[[17.365,43.079],[17.406,43.101],[17.349,43.156],[17.451,43.148]],[[-85.069,10.156],[-84.92,10.111],[-84.87,10.185],[-84.873,10.296],[-84.787,10.315]],[[-75.23,10.763],[-75.229,10.811]],[[-74.859,11.129],[-74.729,10.919],[-74.726,10.605],[-74.917,10.267]],[[-75.586,10.09],[-75.486,10.143],[-75.537,10.047],[-75.476,10.04],[-75.478,9.915],[-75.327,9.881],[-75.374,9.64],[-75.298,9.678],[-75.183,9.643],[-75.008,9.531],[-75.02,9.468],[-74.904,9.437],[-74.941,9.347],[-74.9,9.177],[-74.542,8.815],[-74.603,8.727],[-74.568,8.413],[-74.657,8.317],[-74.805,8.28]],[[117.837,38.271],[117.775,38.236],[117.754,38.128],[117.569,38.049],[117.421,37.847],[116.793,37.838],[116.425,37.481],[116.35,37.621],[116.22,37.462],[116.257,37.394],[116.227,37.363],[115.977,37.324],[115.773,36.946],[115.664,36.815],[115.478,36.754],[115.276,36.48],[115.354,36.303],[115.449,36.249],[115.46,36.158]],[[-79.521,50.943],[-79.513,47.597],[-79.58,47.452],[-79.445,47.275],[-79.431,47.087],[-79.164,46.824],[-78.964,46.533],[-78.694,46.337],[-77.921,46.236],[-77.469,46.115],[-77.307,46.02],[-77.226,45.891],[-77.017,45.796],[-76.936,45.794],[-76.923,45.884],[-76.818,45.886],[-76.647,45.581],[-76.343,45.474],[-76.128,45.53],[-75.869,45.393],[-75.776,45.394],[-75.683,45.469],[-75.284,45.577],[-74.644,45.656],[-74.394,45.573],[-74.478,45.317],[-74.348,45.219]],[[-64.043,45.992],[-64.16,45.964],[-64.273,45.836]],[[-110.004,72.458],[-110,70],[-112.5,70],[-112.5,69.911],[-112.659,69.902],[-112.4,69.869],[-112.875,69.832],[-112.899,70],[-117.124,70.001],[-117.144,69.888],[-116.635,69.63],[-120.681,69.648],[-120.678,68.002],[-112.504,65.501],[-110.669,65.496],[-109.516,64.902],[-109.215,64.812],[-101.999,64.227],[-102.002,60]],[[104.424,10.451],[104.376,10.566],[104.269,10.552]],[[103.917,10.616],[103.955,10.693],[103.942,10.989]],[[114.494,4.681],[114.794,4.3]],[[114.76,4.899],[114.743,4.731]],[[-35.148,-8.914],[-35.488,-8.833],[-35.722,-8.92],[-35.801,-8.87],[-36.006,-8.892],[-36.346,-9.201],[-36.59,-9.297],[-36.878,-9.271],[-36.939,-9.356],[-37.182,-9.242],[-37.519,-8.944],[-37.671,-8.985],[-37.758,-8.859],[-37.968,-9.142],[-38.102,-9.193],[-38.235,-9.33]],[[-37.483,-11.518],[-37.634,-11.522],[-37.68,-11.569],[-37.989,-11.385],[-37.987,-11.219],[-38.063,-11.167],[-38.109,-11.028],[-38.244,-10.872],[-38.191,-10.716],[-37.996,-10.76],[-37.782,-10.628],[-37.836,-10.423],[-37.775,-10.099],[-38.025,-9.748],[-37.992,-9.648],[-38.045,-9.606],[-37.997,-9.527]],[[-48.583,-25.981],[-49.115,-25.992],[-49.552,-26.23],[-49.945,-26.015],[-50.294,-26.04],[-50.337,-26.112],[-50.459,-26.026],[-50.588,-26.007],[-50.558,-26.043],[-50.647,-26.07],[-50.738,-26.236],[-50.907,-26.281],[-51.072,-26.235],[-51.213,-26.313],[-51.291,-26.435],[-51.239,-26.607],[-51.416,-26.705],[-51.499,-26.599],[-52.007,-26.582],[-52.2,-26.452],[-52.642,-26.402],[-52.816,-26.337],[-53.112,-26.369],[-53.355,-26.242],[-53.478,-26.292],[-53.662,-26.26]],[[-40.965,-21.274],[-41.068,-21.214],[-41.255,-21.234],[-41.711,-21.111],[-41.742,-20.822],[-41.864,-20.777]],[[-51.906,-1.157],[-51.98,-1.14],[-52.069,-1.219],[-52.124,-1.154],[-52.266,-1.136],[-52.367,-1.061],[-52.381,-0.887],[-52.517,-0.876],[-52.524,-0.659],[-52.632,-0.557],[-52.627,-0.397],[-52.814,-0.18],[-52.915,-0.192],[-53.012,0.041],[-53.042,0.247],[-53.13,0.399],[-53.116,0.737],[-53.282,0.79],[-53.416,0.942],[-53.466,1.13],[-53.407,1.188],[-53.434,1.256],[-53.543,1.244],[-53.552,1.363],[-53.656,1.365],[-53.666,1.428],[-53.856,1.385],[-53.996,1.522],[-54.077,1.505],[-54.105,1.611],[-54.362,1.762],[-54.735,1.772],[-54.798,2.02],[-54.753,2.074],[-54.784,2.168],[-54.716,2.277],[-54.775,2.457]],[[-48.082,-25.307],[-48.032,-25.229],[-48.179,-25.204],[-48.23,-25.014],[-48.277,-25.033],[-48.421,-24.96],[-48.5,-25.083],[-48.575,-25.048],[-48.546,-24.818],[-48.488,-24.746],[-48.582,-24.682],[-48.781,-24.696],[-49.028,-24.634],[-49.053,-24.685],[-49.296,-24.666],[-49.318,-24.542],[-49.222,-24.35],[-49.336,-24.225],[-49.353,-24.113],[-49.596,-23.882],[-49.553,-23.712],[-49.654,-23.512],[-49.614,-23.393],[-49.638,-23.259],[-49.734,-23.099],[-49.894,-23.049],[-49.978,-22.904],[-50.208,-22.949],[-50.385,-22.912],[-50.765,-22.954],[-50.88,-22.822],[-51.347,-22.652],[-51.695,-22.663],[-52.067,-22.522],[-52.14,-22.542],[-52.217,-22.644],[-52.276,-22.597],[-52.947,-22.571],[-53.168,-22.702]],[[1.988,6.287],[1.958,6.392],[2.024,6.706]],[[2.36,6.336],[2.468,6.396]],[[-88.289,17.136],[-88.602,17.104]],[[-88.39,16.498],[-88.559,16.519],[-88.633,16.686],[-88.774,16.681]],[[-88.167,17.96],[-88.284,17.972]],[[4.299,51.27],[4.329,51.148],[4.182,51.1],[4.189,51.044],[4.24,51.038]],[[-59.518,13.218],[-59.54,13.183]],[[-59.468,13.187],[-59.509,13.146]],[[-59.6,13.084],[-59.57,13.108]],[[-59.651,13.239],[-59.606,13.242]],[[49.532,40.663],[49.483,40.637]],[[49.234,39.156],[49.024,39.27],[48.854,39.132]],[[48.918,38.929],[48.854,39.132]],[[49.371,40.885],[49.193,40.873],[49.028,40.976],[48.845,40.892]],[[49.172,41.14],[49.08,41.186],[48.945,41.169],[48.921,41.045],[48.823,40.984],[48.845,40.892]],[[49.359,39.667],[49.357,39.812]],[[153.507,-28.149],[153.354,-28.25],[153.192,-28.26],[153.107,-28.354],[152.866,-28.323],[152.751,-28.358],[152.617,-28.293],[152.564,-28.333],[152.487,-28.263],[152.387,-28.366],[151.964,-28.54],[152.067,-28.703],[152.014,-28.899],[151.859,-28.916],[151.824,-28.974],[151.725,-28.887],[151.564,-28.951],[151.52,-29.061],[151.376,-29.171],[151.315,-29.099],[151.287,-28.921],[151.062,-28.828],[151.046,-28.735],[150.794,-28.635],[150.45,-28.646],[150.298,-28.535],[149.704,-28.627],[149.595,-28.565],[149.484,-28.584],[149.416,-28.681],[149.094,-28.848],[149.063,-28.936],[148.971,-29],[141,-29]],[[149.972,-37.51],[148.123,-36.788],[148.215,-36.617],[148.068,-36.41],[147.997,-36.059],[147.91,-36.005],[147.714,-35.939],[147.557,-35.996],[147.484,-35.946],[147.382,-35.98],[147.34,-36.076],[147.135,-36.039],[147.08,-36.104],[147.094,-36.168],[147.196,-36.22],[147.107,-36.241],[147.005,-36.09],[146.847,-36.097],[146.504,-35.974],[146.369,-36.053],[146.216,-36.056],[145.983,-36.014],[145.94,-35.967],[145.787,-35.98],[145.494,-35.829],[145.376,-35.873],[145.008,-35.868],[144.934,-36.006],[144.975,-36.097],[144.89,-36.076],[144.741,-36.135],[144.453,-35.947],[144.353,-35.778],[144.1,-35.587],[143.586,-35.353],[143.581,-35.249],[143.418,-35.188],[143.364,-35.107],[143.328,-34.784],[143.143,-34.699],[142.88,-34.679],[142.79,-34.582],[142.726,-34.603],[142.695,-34.731],[142.631,-34.736],[142.643,-34.788],[142.548,-34.771],[142.386,-34.533],[142.396,-34.338],[142.305,-34.317],[142.235,-34.192],[142.094,-34.171],[142.051,-34.116],[141.706,-34.11],[141.546,-34.219],[141.511,-34.172],[141,-34.019]],[[12.533,-13.567],[12.613,-13.534],[12.891,-13.612],[13.101,-13.522],[13.287,-13.562],[13.293,-13.687],[13.382,-13.822],[13.565,-13.847]],[[13.793,-11.749],[14.076,-11.788],[14.103,-11.876],[14.236,-12.002],[14.367,-11.873],[14.483,-11.835],[14.671,-12.082],[14.855,-12.091],[15.021,-12.206]],[[13.489,-10.249],[13.534,-10.216],[13.703,-10.364],[14.008,-10.405],[14.261,-10.277],[14.55,-10.439],[14.618,-10.323],[14.556,-10.213],[14.565,-9.769]],[[-1.106,35.623],[-1.005,35.517],[-1.067,35.416],[-0.715,35.482],[-0.629,35.41],[-0.669,35.332]],[[-1.362,35.32],[-1.321,35.284],[-1.338,35.191],[-1.001,35.087]],[[1.701,36.547],[1.648,36.443]],[[0.74,36.338],[0.704,36.187]],[[2.985,36.815],[2.966,36.748],[3.025,36.71]],[[3.173,36.743],[3.23,36.685]],[[4.039,36.897],[3.933,36.769],[3.959,36.704],[3.745,36.656],[3.734,36.608]],[[7.774,36.89],[7.753,36.772],[7.65,36.663]],[[4.592,36.895],[4.648,36.795],[4.635,36.754],[4.544,36.744],[4.592,36.662],[4.454,36.502],[4.371,36.473]],[[19.305,40.653],[19.45,40.651],[19.707,40.528],[19.776,40.423]],[[19.516,41.26],[19.587,41.244],[19.639,41.296],[19.622,41.446],[19.688,41.463],[19.737,41.407],[19.868,41.449],[19.911,41.51]],[[19.448,41.009],[19.448,41.009]],[[19.448,41.009],[19.469,41.047],[19.671,41.057]],[[-15.012,24.592],[-14.786,24.526],[-14.633,24.406],[-14.142,24.484],[-13.685,24.394],[-13.151,24.524],[-12.826,24.472],[-12.037,24.463]],[[-4.639,51.733],[-4.65,51.818],[-4.768,51.831],[-4.693,51.909],[-4.495,51.96],[-4.559,52.038]],[[-4.694,52.107],[-4.697,52.068],[-4.559,52.038]],[[129.206,-0.928],[129.15,-1.223]],[[120.634,-7.726],[120.952,-7.744]],[[121.194,-5.429],[121.325,-5.728]],[[-2.798,51.563],[-2.853,51.584],[-2.801,51.644],[-2.961,51.627]],[[-3.36,53.351],[-3.341,53.219],[-3.123,53.066]],[[-3.513,53.309],[-3.475,53.17],[-3.586,53.087],[-3.477,53.057],[-3.462,52.976]],[[-5.032,54.994],[-4.631,55.054],[-4.648,55.12],[-4.467,55.158]],[[-3.837,56.107],[-3.824,56.193]],[[-3.505,56.006],[-3.809,55.895]],[[-3.45,55.997],[-3.395,55.817]],[[-3.262,56.353],[-3.243,56.306],[-3.363,56.265],[-3.264,56.219],[-3.303,56.18],[-3.275,56.166],[-3.631,56.128]],[[-4.591,55.942],[-4.598,56.078]],[[-2.36,55.953],[-2.436,55.895],[-2.396,55.872],[-2.821,55.822]],[[-3.056,56.452],[-3.079,56.475]],[[-2.819,56.471],[-2.883,56.518],[-3.079,56.475]],[[-2.436,56.74],[-2.62,56.785],[-2.686,56.917],[-2.873,56.985],[-3.059,56.964],[-3.121,56.89],[-3.275,56.93],[-3.395,56.881]],[[-5.878,54.682],[-5.889,54.769]],[[-5.639,54.464],[-5.819,54.492]],[[-1.245,54.725],[-1.388,54.627]],[[-1.456,55.07],[-1.649,55.068]],[[-0.779,54.557],[-0.838,54.487],[-1.18,54.504]],[[-0.296,53.739],[-0.386,53.789],[-0.45,53.714]],[[-0.7,53.692],[-0.861,53.612]],[[0.87,50.925],[0.763,50.997],[0.48,51.03],[0.331,51.12],[0.063,51.136]],[[0.512,51.488],[0.447,51.338],[0.593,51.312],[0.669,51.391]],[[0.385,51.453],[0.223,51.472]],[[-1.673,50.74],[-1.786,50.769],[-1.839,50.891],[-1.805,50.929],[-1.88,50.925],[-1.95,50.988]],[[-2.946,50.726],[-2.947,50.771],[-2.882,50.797],[-2.949,50.822]],[[-1.797,50.723],[-1.797,50.723]],[[-1.797,50.723],[-1.92,50.75]],[[-2.536,51.673],[-2.379,51.636],[-2.377,51.594],[-2.286,51.623],[-2.272,51.577]],[[-2.679,51.531],[-2.529,51.48],[-2.523,51.419]],[[-2.026,50.725],[-1.995,50.77],[-1.92,50.75]],[[-1.897,50.716],[-1.92,50.75]],[[8.299,4.782],[8.096,4.986],[8.062,5.213],[7.897,5.272],[7.897,5.365]],[[5.46,5.134],[5.666,5.025],[5.947,5.16],[6.05,5.105],[6.21,5.184],[6.209,5.253],[6.289,5.264],[6.333,5.337],[6.493,5.393]],[[5.003,5.855],[5.115,6.127]],[[6.723,4.591],[6.627,4.712],[6.565,4.751],[6.451,4.718],[6.386,4.817],[6.49,5.202],[6.62,5.334],[6.586,5.384],[6.493,5.393]],[[26.779,39.17],[26.779,39.17]],[[26.779,39.17],[27.291,39.464],[27.42,39.38]],[[29.261,36.294],[29.362,36.463],[29.477,36.482],[29.481,36.537],[29.575,36.599],[29.58,36.716],[29.689,36.914]],[[27.262,37.888],[27.532,37.978],[28.254,38.02],[28.562,38.106]],[[28.208,40.399],[28.099,40.297],[28.149,40.226],[28.113,40.153],[28.281,39.896],[28.546,39.745],[28.674,39.764],[28.78,39.619],[28.967,39.589]],[[28.914,40.599],[28.914,40.599]],[[29.428,40.691],[29.421,40.563]],[[30.429,41.171],[30.392,41.094],[30.41,41.043],[30.483,41.033],[30.459,40.936],[30.295,40.941],[30.329,40.91],[30.264,40.857],[30.183,40.646],[29.926,40.577]],[[39.435,-7.182],[39.358,-6.96],[39.246,-6.954],[39.079,-7.056],[39.027,-7.033],[39.105,-6.912],[39.02,-6.773],[39.127,-6.559]],[[39.976,-10.178],[39.706,-10.33],[39.657,-10.445],[39.688,-10.529],[39.632,-10.595],[39.498,-10.383],[39.397,-10.336],[39.283,-10.381],[39.262,-10.446],[39.166,-10.39],[38.873,-10.542],[38.58,-10.538],[38.314,-10.646],[38.168,-10.805],[37.993,-10.817]],[[38.8,-5.963],[38.469,-6.023],[38.147,-5.858],[37.802,-5.895]],[[80.385,5.964],[80.439,6.094],[80.384,6.223],[80.437,6.238],[80.379,6.328],[80.482,6.286],[80.461,6.348],[80.495,6.368]],[[81.712,6.51],[81.608,6.579]],[[80.923,8.989],[80.766,8.937]],[[79.913,8.572],[80.032,8.527]],[[80.442,9.577],[80.456,9.529]],[[50.166,8.333],[50.05,8.44],[49.93,8.46],[49.84,8.33],[49.78,8.53],[49.68,8.58],[49.45,8.59],[49.18,8.77],[49.11,8.9],[49.06,9.57],[48.939,9.563]],[[43.521,0.672],[42.98,1.46]],[[47.04,3.469],[46.39,3.89]],[[45.266,1.987],[45.39,2.15]],[[45.606,2.183],[45.39,2.15]],[[111.3,73.867],[110.878,73.768]],[[110.907,73.692],[111.123,73.62],[111.019,73.569],[110.827,73.563],[110.538,73.406],[110.158,73.395],[110.536,73.317],[110.593,73.263],[110.397,73.194],[110.77,73.171],[110.901,73.05],[110.754,72.999],[110.837,72.945],[110.627,72.895],[110.695,72.826],[110.609,72.786],[110.702,72.65],[111.295,72.503],[111.057,72.381],[111.555,72.316],[111.647,72.27],[111.618,72.213],[111.714,72.206],[111.764,72.144],[111.996,72.133],[112,71.408],[112.706,71.247],[112.519,71.162],[112.573,71.106],[112.218,71],[112.062,71.059],[111.98,70.989],[111.522,70.939],[111.335,70.855],[110.539,70.801],[110.474,70.716],[110.103,70.632],[110.135,70.56],[110.064,70.549],[110.111,70.482],[110.263,70.427],[109.602,70.378],[109.535,70.264],[109.282,70.212],[109.352,70.073],[109.509,70.033],[109.385,69.929],[109.415,69.892],[109.367,69.844],[109.237,69.776],[108.941,69.789],[108.871,69.84],[108.291,69.857],[108.054,69.78],[108.015,69.708],[107.925,69.681],[106.839,69.518],[106.59,69.519],[106.455,69.571],[106.14,69.416],[106.89,68.86],[106.894,68.109],[106.802,67.348],[106.667,67.245],[106.492,67.284],[106.055,67.167],[105.993,67.078],[105.894,67.044],[105.54,67.023],[105.687,66.939],[106.057,66.896],[106.009,66.792],[106.184,66.801],[106.143,66.74],[106.254,66.697],[106.244,66.592],[106.322,66.479],[106.103,66.378],[106.117,66.199],[106.342,66.152],[106.471,66.007],[106.482,65.855],[106.42,65.671],[106.958,65.502],[106.829,65.375],[106.624,65.393],[106.443,65.308],[106.426,65.266],[106.498,65.205],[106.393,65.211],[105.99,65.033],[106.22,64.857],[105.951,64.894],[106.007,64.819],[105.853,64.797],[105.83,64.742],[105.875,64.659],[105.711,64.664],[105.723,64.582],[105.806,64.48],[106.028,64.514],[106.132,64.481],[106.067,64.427],[106.134,64.404],[106.584,64.445],[106.567,64.496],[106.605,64.513],[106.735,64.419],[107.222,64.33],[107.328,64.249],[107.57,64.299],[107.856,64.182],[107.968,64.17],[108.027,64.224]],[[129.471,35.613],[129.269,35.616],[129.176,35.682],[129.008,35.58]],[[126.437,35.371],[126.584,35.392],[126.595,35.294],[126.751,35.34],[126.791,35.43],[126.885,35.461],[126.98,35.383],[127.066,35.43],[127.127,35.284],[127.431,35.291],[127.496,35.333],[127.617,35.277]],[[129.287,35.303],[129.003,35.474],[129.008,35.58]],[[139.026,47.389],[138.856,47.466],[138.731,47.437],[138.552,47.477],[138.622,47.51],[138.592,47.543],[138.643,47.606],[138.513,47.663],[138.816,47.77],[138.826,47.861],[138.579,48.022],[138.627,48.121],[138.722,48.136],[138.708,48.189],[138.543,48.189],[138.537,48.263],[138.481,48.292],[138.485,48.407],[138.306,48.445],[138.181,48.384],[138.165,48.323],[137.995,48.297],[137.886,48.221],[137.436,48.199],[137.315,48.09],[137.417,47.978],[137.605,47.898],[137.44,47.782],[138.05,47.676],[137.972,47.598],[138.066,47.583],[138.087,47.517],[137.452,47.198],[137.362,47.199],[137.262,47.281],[137.203,47.248],[137.065,47.295],[136.95,47.156],[136.932,47.062],[136.978,47.016],[136.607,46.787],[136.451,46.81],[136.264,46.765],[136.069,46.851],[135.942,46.79],[135.716,46.903],[135.746,46.949],[135.367,46.916],[135.423,47.041],[135.305,47.098],[135.309,47.144],[135.09,47.194],[134.999,47.117],[134.851,47.154],[134.674,47.106],[134.537,46.957],[134.445,46.947],[134.411,46.86],[134.468,46.776],[134.419,46.68],[133.998,46.638]],[[38.674,46.863],[38.674,46.863]],[[38.674,46.863],[38.69,46.821],[38.911,46.815],[38.849,46.713],[38.86,46.588],[38.884,46.635],[39.168,46.619],[39.176,46.684],[39.242,46.7],[39.238,46.769],[39.444,46.809],[40.023,46.765],[40.132,46.722],[40.047,46.623],[40.046,46.548],[40.206,46.53],[40.282,46.443],[40.237,46.346],[40.339,46.28],[40.728,46.281],[40.757,46.233],[40.913,46.235],[40.998,46.294],[40.955,46.193],[41.126,46.068],[41.162,45.954]],[[47.496,45.565],[47.466,45.639],[47.365,45.685],[46.889,45.578],[47.04,45.966],[47.174,46.105],[46.84,46.076],[46.87,46.239],[46.493,46.286],[46.664,46.429],[46.954,46.434],[46.939,46.571],[47.213,46.742],[47.126,46.851],[47,46.855],[46.925,46.974],[46.801,47.004],[46.516,47.393],[46.806,47.578],[46.673,47.626],[46.388,47.445],[46.297,47.437],[46.116,47.502],[45.925,47.645],[45.907,47.71],[45.829,47.728],[45.713,47.886],[45.717,48.033],[45.556,47.995],[45.405,48.092],[45.301,48.098]],[[16.785,54.577],[16.97,54.387],[16.933,54.278],[16.967,54.223],[16.811,54.189],[16.883,53.965],[17.058,53.826],[16.952,53.817],[17.002,53.753],[16.93,53.697],[16.948,53.588]],[[122.245,16.511],[122.038,16.508]],[[122.185,17.541],[121.653,17.518]],[[120.951,14.488],[120.951,14.488]],[[120.926,14.681],[120.926,14.681]],[[120.282,14.806],[120.455,14.914]],[[120.597,14.219],[120.869,14.076],[121.033,14.144]],[[120.398,16.919],[120.524,16.912],[120.548,16.708],[120.595,16.653]],[[122.558,13.933],[122.816,13.994]],[[123.049,13.822],[122.924,13.965],[122.816,13.994]],[[123.594,13.529],[123.545,13.505],[123.592,13.445],[123.579,13.378],[123.447,13.378],[123.292,13.245]],[[125.306,5.584],[125.479,5.835],[125.53,6.078],[125.511,6.217],[125.446,6.314],[125.263,6.324],[125.141,6.435]],[[125.316,12.302],[125.273,12.284],[125.209,12.376],[125.162,12.316]],[[124.371,12.29],[124.487,12.331],[124.679,12.23],[124.846,12.227],[125.162,12.316]],[[125.168,10.622],[125.061,10.532],[124.91,10.492],[124.904,10.276],[124.766,10.185]],[[125.831,7.354],[125.834,7.456],[125.884,7.485],[125.853,7.528],[125.924,7.563],[125.905,7.687],[125.944,7.756],[125.92,7.826],[125.778,7.657],[125.703,7.794],[125.675,7.997]],[[-80.478,8.091],[-80.687,8.133]],[[-80.375,7.997],[-80.579,7.815],[-80.557,7.709],[-80.72,7.53]],[[-80.604,7.237],[-80.72,7.53]],[[-80.041,8.398],[-80.164,8.831],[-80.137,8.949]],[[-82.007,8.947],[-82.179,8.844],[-82.202,8.955],[-82.322,9.009],[-82.28,9.081],[-82.323,9.128],[-82.44,9],[-82.335,8.925],[-82.363,8.809]],[[-81.664,7.997],[-81.513,8.251],[-81.519,8.342]],[[58.255,20.609],[58.397,21.044],[58.29,21.096]],[[57.445,18.945],[56.577,19.166],[55.345,21.097]],[[58.127,23.714],[58.127,23.714]],[[58.127,23.714],[58.118,23.462]],[[4.342,6.371],[4.345,6.427],[4.155,6.479],[4.21,6.577],[4.059,6.567],[4.092,6.674],[4.032,6.69],[3.448,6.687],[3.404,6.643],[3.277,6.705],[3.169,6.524],[2.892,6.526],[2.836,6.467],[2.712,6.474]],[[172.233,-40.778],[172.357,-40.963],[172.323,-41.062],[172.465,-41.048],[172.702,-41.209],[172.571,-41.277],[172.546,-41.41],[172.414,-41.428],[172.243,-41.699],[172.129,-41.737],[172.064,-41.955],[172.142,-42.099],[172.325,-42.162],[172.396,-42.306],[172.485,-42.286]],[[173.59,-41.056],[173.549,-41.167],[173.285,-41.389]],[[168.137,-44.281],[168.242,-44.266],[168.351,-44.332],[168.329,-44.49]],[[174.772,-39.859],[174.992,-39.666],[174.97,-39.496],[174.718,-39.141],[174.821,-38.992],[174.799,-38.835],[174.868,-38.777]],[[176.63,-40.454],[176.389,-40.362],[176.369,-40.151],[176.317,-40.074],[176.107,-39.998],[176.202,-39.674],[176.143,-39.588],[176.193,-39.504],[176.098,-39.364],[176.13,-39.303],[176.082,-39.128]],[[125.255,38.767],[125.255,38.767]],[[126.402,37.889],[126.375,38.111],[126.439,38.137],[126.406,38.19],[126.25,38.24],[125.928,38.177],[125.833,38.317],[125.744,38.311],[125.704,38.36],[125.647,38.629]],[[129.17,40.563],[129.073,40.579],[128.924,40.815],[128.956,40.988],[128.923,41.088]],[[-94.084,16.149],[-94.04,16.303],[-94.125,16.509],[-94.04,16.643],[-94.041,16.801],[-93.911,16.881],[-93.873,17.15]],[[-103.749,18.686],[-103.627,18.802],[-103.612,18.888],[-103.478,18.966]],[[-94.137,18.207],[-94.051,17.994],[-94.077,17.882],[-93.623,17.563],[-93.643,17.421],[-93.59,17.376]],[[-114.934,31.909],[-114.956,32.142],[-115.037,32.292],[-114.926,32.483],[-114.819,32.499]],[[-114.071,28],[-112.755,27.999]],[[-87.538,21.499],[-87.538,21.499]],[[-87.538,21.499],[-87.525,21.299],[-87.585,21.111],[-87.534,20.956],[-87.675,20.648],[-87.988,20.443],[-88.194,20.453],[-88.272,20.343],[-88.261,20.263],[-88.346,20.319],[-88.445,20.184],[-88.707,20.081],[-88.791,19.981],[-88.839,20.014],[-88.928,19.941],[-89.369,19.82],[-89.415,19.651]],[[-90.381,20.824],[-90.374,20.519],[-90.236,20.51],[-90.094,20.407],[-90.018,20.468],[-89.811,20.137],[-89.63,20.019],[-89.415,19.651]],[[21.357,32.78],[21.458,32.698],[21.462,32.633],[21.332,32.512],[21.364,32.327],[21.462,32.132],[21.632,31.999],[21.662,31.906],[21.615,31.473],[21.712,31.282],[21.717,31.066]],[[20.576,32.563],[20.565,32.437],[20.357,32.219],[20.311,32.109],[20.35,31.929],[20.549,31.58],[21.146,31.598],[21.215,31.541],[21.319,31.035]],[[20.142,31.224],[20.133,31.261],[20.299,31.232],[20.417,31.088],[20.594,31.007],[21.319,31.035]],[[14.479,32.518],[14.479,32.518]],[[12.573,32.813],[12.462,32.601],[12.286,32.474],[12.122,32.407],[12.098,32.354],[11.863,32.308]],[[77.11,8.285],[77.162,8.302],[77.206,8.479],[77.279,8.526],[77.188,8.639],[77.253,8.851],[77.165,9.001],[77.404,9.461],[77.341,9.58],[77.244,9.558],[77.187,9.597],[77.26,9.952],[77.224,10.066],[77.279,10.203],[77.191,10.351],[76.97,10.225],[76.842,10.311],[76.821,10.633],[76.876,10.678],[76.89,10.78],[76.678,10.956],[76.688,11.033],[76.768,11.046],[76.689,11.174],[76.703,11.238],[76.448,11.207],[76.543,11.338],[76.231,11.529],[76.241,11.604],[76.339,11.591],[76.416,11.667]],[[80.288,13.527],[80.278,13.513]],[[21.06,39.039],[21.086,39.088],[21.362,39.154]],[[21.851,38.388],[21.876,38.454],[21.983,38.509],[21.998,38.743],[21.809,38.733],[21.745,38.667],[21.561,38.731],[21.53,38.787],[21.611,38.851],[21.49,38.884],[21.469,38.953],[21.369,39],[21.396,39.079],[21.362,39.154]],[[22.71,39.935],[22.497,39.933],[22.346,40.048],[22.33,40.135],[22.197,40.089],[22.185,40.164],[22.095,40.167]],[[22.997,38.963],[22.516,39.029],[22.494,39.119],[22.429,39.114],[22.39,39.179],[22.236,39.24],[22.117,39.105],[21.933,39.029],[21.831,39.132],[21.704,39.107],[21.638,39.244],[21.362,39.154]],[[23.854,40.781],[24.094,40.903],[24.118,40.996],[24.006,41.078],[23.816,41.126],[23.709,41.213],[23.719,41.28],[23.634,41.311],[23.625,41.377]],[[41.715,42.059],[41.755,42.133],[42.006,42.159],[42.229,42.097]],[[26.553,60.592],[26.215,60.755]],[[23.021,60.107],[23.114,60.095],[23.311,60.186],[23.642,60.198],[23.592,60.259],[23.725,60.319],[23.794,60.419],[23.7,60.452],[23.865,60.512],[23.897,60.649]],[[21.317,61.939],[21.476,62.022],[21.647,62.021]],[[21.408,61.048],[21.493,61.004],[21.814,61.036],[22.006,60.899],[22.151,60.886],[22.801,60.997],[22.826,61.09],[22.97,61.046]],[[96.827,16.89],[96.715,16.976],[96.394,16.989],[96.294,17.354],[96.061,17.757],[95.747,17.462]],[[96.883,17.457],[96.916,17.612],[97.007,17.604],[97.123,17.482],[97.234,17.546]],[[97.795,14.88],[97.902,15.078],[98.021,15.099],[98.101,14.999],[98.191,14.993]],[[-27.766,71.139],[-26.332,71.346],[-26.177,71.494]],[[-27.913,71.116],[-28.821,71],[-44,71]],[[-50.832,64.987],[-51.05,64.901],[-51.461,64.875],[-51.45,64.831],[-51.733,64.629],[-52.024,64.594]],[[-67.986,76.601],[-67.643,76.601],[-67.643,76.519],[-68.186,76.519],[-68.186,76.301],[-68.554,76.301],[-69.079,76.5]],[[35.075,32.893],[35.154,32.77],[35.025,32.608],[35.082,32.534],[35.172,32.573],[35.21,32.542]],[[34.666,31.874],[34.711,31.868],[34.674,31.786],[34.828,31.792]],[[34.804,32.193],[34.865,32.17],[34.844,32.084],[34.884,32.025],[34.734,32.013]],[[34.868,32.408],[35.033,32.382]],[[-72.799,-36.053],[-72.698,-36.013],[-72.496,-36.06],[-72.383,-36.187],[-72.19,-36.196],[-72.051,-36.124],[-71.415,-36.426],[-71.109,-36.402],[-71.028,-36.481]],[[-73.042,-43.73],[-72.876,-43.696],[-72.825,-43.636],[-72.768,-43.726],[-72.562,-43.777],[-72.348,-43.733],[-72.13,-43.946],[-71.796,-44],[-71.745,-44.045]],[[-71.544,-32.193],[-71.448,-32.043],[-71.339,-32.079],[-71.181,-31.997],[-71.045,-32.031],[-70.96,-31.974],[-70.721,-32.03],[-70.444,-32.214],[-70.331,-32.21]],[[-71.487,-29.211],[-71.337,-29.192],[-71.199,-29.335],[-71.052,-29.386],[-70.975,-29.207],[-70.763,-29.151],[-70.708,-29.071],[-70.605,-29.091],[-70.456,-29.511],[-70.302,-29.676],[-70.089,-29.747],[-69.929,-29.718]],[[-70.063,-21.448],[-69.913,-21.451],[-69.742,-21.384],[-69.45,-21.446],[-68.794,-21.241],[-68.69,-21.124],[-68.558,-21.064],[-68.532,-20.928]],[[-73.749,-40.273],[-72.993,-40.353],[-72.886,-40.522],[-72.527,-40.673],[-72.011,-40.651],[-71.861,-40.559]],[[-73.247,-39.386],[-72.957,-39.38],[-72.966,-39.589],[-72.545,-39.623],[-72.374,-39.733],[-71.992,-39.73],[-71.77,-39.455],[-71.681,-39.496],[-71.641,-39.6]],[[35.645,34.218],[36.011,34.152]],[[35.548,33.906],[35.483,33.865]],[[35.377,33.589],[35.596,33.606],[35.614,33.51]],[[4.111,51.647],[4.198,51.638]],[[10.23,55.695],[10.697,55.689]],[[10.697,55.689],[10.877,55.526]],[[10.697,55.689],[10.854,55.892]],[[11.012,55.048],[10.877,54.772]],[[4.954,53.171],[4.835,53.22]],[[14.231,45.02],[14.204,45.404],[14.117,45.473]],[[14.68,44.671],[14.72,44.73],[14.871,44.679],[14.856,44.786]],[[14.517,44.403],[14.591,44.428]],[[14.738,44.476],[14.878,44.421]],[[15.209,43.85],[15.268,43.894]],[[15.385,43.876],[15.74,43.869],[15.778,43.943],[15.906,43.909],[16.033,44.013],[16.141,44.035],[16.17,43.927],[16.351,43.926]],[[17.229,43.074],[16.565,43.046]],[[20.082,39.526],[20.197,39.346]],[[20.99,37.866],[21.11,37.693]],[[23.342,35.606],[23.543,35.845]],[[23.056,37.309],[23.227,37.273],[23.441,37.392],[23.431,37.452],[23.179,37.507],[23.187,37.608]],[[22.862,36.464],[23.151,36.331],[23.263,36.362]],[[24.111,37.518],[24.26,37.77],[24.53,37.825],[24.605,37.881],[24.735,38.124]],[[26.543,35.43],[26.618,35.076]],[[23.132,39.046],[23.319,39.093],[23.468,39.028]],[[24.53,39.373],[24.493,39.699]],[[24.53,39.373],[24.13,39.018]],[[24.53,39.373],[24.81,39.186]],[[25.099,38.832],[25.108,38.627],[25.062,38.534]],[[20.601,38.967],[20.71,38.889],[20.763,38.728],[20.971,38.653],[20.951,38.436]],[[0.634,39.057],[0.799,38.539]],[[143.361,-39.201],[144.48,-39.201]],[[146.19,-39.202],[148.035,-39.202]],[[129.434,29.034],[129.83,29.084]],[[131.904,33.383],[132.043,33.216]],[[133.599,34.394],[133.685,34.442],[133.867,34.405],[133.996,34.513],[134.431,34.609],[134.55,34.534],[134.566,34.335],[134.765,34.061]],[[132.512,33.954],[132.55,34.017],[132.906,34.173],[133.012,34.308],[133.073,34.243],[133.23,34.304],[133.32,34.264]],[[132.512,33.954],[132.501,33.884]],[[132.512,33.954],[132.418,33.987]],[[132.512,33.954],[132.512,33.954]],[[130.772,34.045],[130.878,33.911],[131.037,33.98],[131.11,33.855]],[[129.871,32.5],[130.025,32.609],[130.275,32.557],[130.456,32.759]],[[129.884,32.063],[130.02,32.036],[130.296,32.181],[130.408,32.114],[130.59,32.163],[130.712,32.091]],[[139.956,41.19],[140.47,41.386],[140.79,41.598],[141.34,41.598],[141.499,41.687]],[[-109.139,26.332],[-108.507,26.802],[-108.473,26.99]],[[-109.293,26.237],[-109.284,26.241]],[[72.847,20.468],[72.882,20.392],[72.818,20.379]],[[25.91,37.895],[26.15,37.927]],[[25.266,40.274],[25.47,40.233]],[[-13.643,9.543],[-13.673,9.574]],[[48.156,29.371],[48.058,29.385],[47.992,29.33]],[[47.891,29.413],[47.865,29.31]],[[48.086,29.5],[48.387,29.549]],[[156.076,51.276],[156.488,51.086],[156.659,50.668],[157.003,50.312]],[[-2.335,59.672],[-1.998,59.335]],[[-3.501,58.778],[-3.281,58.713],[-3.061,58.713],[-2.867,58.597]],[[-7,57.47],[-6.883,57.612],[-6.248,57.91]],[[-4.935,55.84],[-4.97,55.631]],[[-4.935,55.84],[-4.878,55.966],[-4.59,55.934]],[[-4.935,55.84],[-4.752,55.857]],[[-6.48,56.828],[-6.277,56.671],[-6.057,56.659],[-5.94,56.552],[-5.669,56.478],[-5.567,56.485],[-5.353,56.638],[-5.075,56.607],[-4.924,56.659],[-4.709,56.641]],[[-71.907,41.304],[-71.845,41.322],[-71.804,41.416],[-71.801,42.011]],[[-71.729,41.04],[-71.791,41.184],[-71.929,41.31],[-73.613,40.951],[-73.642,41.002]],[[-74.055,40.653],[-74.2,40.631],[-74.257,40.491],[-73.95,40.525],[-73.887,40.49]],[[8.191,56.757],[8.283,56.666],[8.514,56.581],[8.637,56.609],[8.921,56.821],[9.015,56.842],[9.128,56.822],[9.191,56.739],[9.157,56.694],[9.187,56.66],[9.435,56.639],[9.488,56.684],[9.725,56.559],[10.012,56.602],[10.193,56.694]],[[-71.122,41.513],[-71.131,41.661],[-71.236,41.709]],[[-124.219,42],[-120.001,42]],[[-88.855,30.136],[-89.184,30.212],[-89.5,30.161],[-89.526,30.193]],[[-78.573,33.883],[-79.654,34.796],[-80.784,34.828],[-80.793,34.962],[-80.934,35.113],[-81.045,35.065],[-81.061,35.152],[-82.391,35.218],[-82.751,35.073],[-83.115,35]],[[-76.032,36.55],[-80.09,36.54],[-81.659,36.61]],[[-75.943,36.55],[-75.909,36.549]],[[-73.907,40.991],[-74.699,41.356]],[[12.321,45.165],[12.149,45.058],[11.962,45.143]],[[12.149,45.292],[12.037,45.315],[11.976,45.398],[12.024,45.433],[11.982,45.471],[12.035,45.569],[12.092,45.598]],[[12.386,44.229],[12.347,44.192],[12.219,44.215],[12.032,44.33],[11.887,44.175],[11.764,44.197],[11.72,44.132]],[[13.177,43.752],[13.067,43.721],[12.758,43.461]],[[10.259,43.816],[10.421,43.825],[10.479,43.756],[10.711,43.786]],[[14.471,40.625],[14.576,40.675],[14.51,40.757],[14.606,40.848]],[[14.257,42.446],[14.168,42.426],[14.077,42.327],[14.126,42.232],[14.085,42.087]],[[17.392,40.894],[17.316,40.825],[17.397,40.786],[17.354,40.749]],[[17.764,40.293],[17.798,40.38]],[[18.099,40.518],[17.798,40.38]],[[16.573,38.467],[16.431,38.51],[16.42,38.554]],[[14.18,38.026],[14.276,37.921],[14.28,37.84]],[[14.039,37.114],[13.989,37.197],[14.02,37.278],[13.882,37.36],[13.894,37.402],[13.644,37.459],[13.69,37.515],[13.672,37.588],[13.817,37.619],[13.732,37.683]],[[15.093,37.359],[14.924,37.411],[14.851,37.386],[14.788,37.333],[14.87,37.293],[14.777,37.217],[14.867,37.184],[14.794,37.132]],[[8.392,40.412],[8.51,40.423],[8.62,40.319]],[[16.891,38.928],[16.883,39.007],[16.677,39.095],[16.613,39.194]],[[17.024,39.482],[16.877,39.353],[16.717,39.353],[16.763,39.197],[16.613,39.194]],[[16.213,38.81],[16.366,38.78],[16.332,38.661],[16.42,38.554]],[[8.811,40.941],[8.967,40.953],[8.981,40.903],[8.901,40.864],[8.993,40.842],[9.01,40.683],[9.177,40.655],[9.189,40.537]],[[9.646,39.549],[9.347,39.686],[9.386,39.74],[9.278,39.839],[9.28,39.917]],[[9.627,40.225],[9.526,40.219],[9.427,40.103],[9.3,40.043],[9.28,39.917]],[[8.549,39.698],[8.752,39.632],[8.862,39.678],[8.941,39.785],[9.003,39.761]],[[13.745,43.292],[13.601,43.268],[13.59,43.21],[13.453,43.155],[13.459,43.03],[13.344,43.038],[13.216,42.951],[13.242,42.892]],[[16.544,41.235],[16.5,41.152],[16.413,41.194],[16.338,41.16],[16.197,40.911]],[[4.102,43.552],[4.181,43.641],[4.142,43.738],[3.971,43.802],[3.94,43.879],[3.8,43.891],[3.824,43.936],[3.783,43.965],[3.722,43.971],[3.566,43.866],[3.494,43.892],[3.449,43.852],[3.342,43.904]],[[-1.254,44.468],[-1.079,44.53],[-1,44.504],[-0.989,44.431],[-0.644,44.449],[-0.391,44.289],[-0.38,44.209],[-0.239,44.198],[-0.203,44.264],[-0.141,44.227]],[[-1.119,49.346],[-1.123,49.276],[-1.009,49.197],[-0.912,49.209],[-0.863,49.026],[-1.056,48.953],[-1.038,48.898],[-1.147,48.822],[-0.841,48.752]],[[-3.539,47.774],[-3.541,47.831],[-3.398,47.871],[-3.394,47.952],[-3.627,47.983],[-3.732,48.113],[-3.565,48.186]],[[5.672,43.179],[5.761,43.279],[5.691,43.313],[5.683,43.399],[5.779,43.41],[5.682,43.584],[5.707,43.643],[5.813,43.689],[5.754,43.732]],[[6.934,43.48],[6.879,43.518],[6.912,43.598],[6.775,43.655],[6.757,43.731],[6.636,43.789]],[[-1.991,47.035],[-1.72,46.885],[-1.55,46.86],[-1.5,46.883],[-1.547,47.02],[-1.475,47.026],[-1.443,46.934],[-1.27,47.076],[-1.149,47.029]],[[12.393,44.793],[12.293,44.865],[12.288,44.935],[12.087,44.97],[11.797,44.978],[11.622,44.895],[11.422,44.95]],[[14.763,42.078],[14.49,41.776]],[[12.754,43.972],[12.675,43.843],[12.483,43.929]],[[13.906,42.902],[13.665,42.811],[13.536,42.811],[13.43,42.702],[13.338,42.688]],[[15.144,41.931],[15.144,41.931]],[[15.144,41.931],[15.103,41.764],[15.157,41.702],[14.934,41.62],[14.935,41.526],[14.995,41.482]],[[15.647,40.047],[15.789,40.262],[15.538,40.485],[15.518,40.565],[15.446,40.606],[15.488,40.662],[15.386,40.718],[15.344,40.821]],[[-1.59,48.642],[-1.448,48.466],[-1.266,48.535],[-1.079,48.499]],[[15.638,38.535],[15.693,38.324],[15.612,38.234],[15.539,37.924]],[[-16.234,27.819],[-15.848,28.481]],[[-6.331,36.899],[-5.891,36.842],[-5.843,36.911],[-5.669,36.965],[-5.545,36.927],[-5.471,37.045],[-5.426,37.025],[-5.437,36.949],[-5.315,37.016],[-5.236,36.949],[-5.142,37.004]],[[-6.333,36.9],[-6.378,36.934],[-6.339,37.29],[-6.38,37.339],[-6.315,37.438],[-6.394,37.604],[-6.528,37.658],[-6.449,37.734],[-6.266,37.764],[-6.222,37.729],[-6.203,37.799],[-6.124,37.805],[-6.127,37.907],[-6.183,37.939]],[[-2.406,43.33],[-2.491,43.222],[-2.502,43.103],[-2.547,43.088]],[[-2.461,47.453],[-2.292,47.506],[-2.179,47.482],[-2.089,47.633]],[[-1.119,46.311],[-0.97,46.362],[-0.96,46.32],[-0.757,46.301]],[[-0.707,45.322],[-0.584,45.346],[-0.429,45.258],[-0.394,45.166],[-0.226,45.113],[-0.034,45.12]],[[1.373,50.066],[1.681,49.888],[1.755,49.766]],[[13.096,45.652],[12.973,45.843]],[[13.742,41.237],[13.873,41.335]],[[21.051,56.507],[21.005,56.446]],[[14.369,36.008],[14.305,35.985]],[[174.529,-40.877],[174.476,-41.435],[174.679,-41.723]],[[55.006,24.97],[55.006,24.97]],[[55.006,24.97],[55.16,24.603],[55.44,24.608],[55.671,24.709]],[[15.102,44.297],[15.225,44.302],[15.337,44.414],[15.546,44.33],[15.616,44.379],[15.636,44.418],[15.591,44.457],[15.653,44.495],[15.473,44.738],[15.599,44.789],[15.525,44.833],[15.567,44.879]],[[32.731,-16.709],[32.665,-16.745],[32.413,-16.712],[32.07,-16.799],[31.759,-17.186],[31.745,-17.304],[31.607,-17.456],[31.385,-17.622],[31.296,-17.63],[31.317,-17.484],[31.151,-17.468],[31.088,-17.543],[31.089,-17.666]],[[31.089,-17.666],[31.071,-17.731],[30.982,-17.722]],[[31.089,-17.666],[31.197,-17.707],[31.222,-17.848],[31.148,-17.924],[31.133,-18.022],[31.057,-18.052],[30.879,-17.949]],[[30.363,-18.862],[30.689,-18.984],[30.719,-19.172],[30.859,-19.272]],[[30.363,-18.862],[30.45,-18.681],[30.499,-18.767],[30.544,-18.726],[30.607,-18.744],[30.751,-18.592],[30.796,-18.385],[30.703,-18.233],[30.798,-18.076],[30.818,-17.925],[30.879,-17.949]],[[30.363,-18.862],[30.167,-18.747],[29.895,-18.711],[29.581,-18.592],[29.588,-18.378],[29.248,-18.137],[29.201,-18.001],[29.321,-17.767],[29.319,-17.582],[29.402,-17.485],[29.255,-17.316],[28.98,-17.224],[28.917,-17.13],[28.656,-17.224],[28.507,-17.395],[28.248,-17.41]],[[30.859,-19.272],[30.964,-19.156],[31.006,-19.161],[30.998,-19.246],[31.199,-19.248]],[[30.859,-19.272],[30.709,-19.394],[30.765,-19.423],[30.728,-19.456],[30.702,-19.856],[30.472,-19.847],[30.433,-19.991],[30.167,-20.047],[30.153,-20.202],[30.226,-20.205],[30.235,-20.322],[30.458,-20.544],[30.491,-20.69],[30.44,-20.94],[30.333,-21.037],[30.158,-21.031],[29.97,-20.915],[29.798,-21.028],[29.728,-21.024]],[[30.982,-17.722],[30.774,-17.627],[30.782,-17.564],[30.626,-17.557],[30.623,-17.363],[30.735,-17.073],[30.549,-17.05],[30.548,-16.786],[30.379,-16.604],[30.414,-16.342],[30.334,-16.337],[30.267,-16.266],[30.213,-16.281],[30.202,-16.344],[30.049,-16.384],[30.147,-16.176],[30.045,-16.002],[30.312,-15.777],[30.296,-15.639]],[[30.982,-17.722],[30.904,-17.81],[30.943,-17.928],[30.879,-17.949]],[[29.224,-19.487],[29.412,-19.741],[29.429,-19.877],[29.692,-19.922],[29.707,-19.975],[29.8,-19.962],[29.874,-20.041],[29.726,-20.474],[29.686,-20.518],[29.629,-20.492],[29.594,-20.612],[29.619,-20.668],[29.683,-20.663],[29.627,-20.905],[29.467,-21.013],[29.728,-21.024]],[[29.224,-19.487],[29.098,-19.373],[29.116,-19.306],[28.998,-19.184],[29.016,-19.099],[28.944,-19.012],[28.881,-18.747],[29.128,-18.633],[29.124,-18.571],[28.011,-18.543],[28.009,-18.222],[28.107,-18.197],[28.051,-18.163],[28.065,-18.062],[28.009,-18.003],[28.066,-17.93],[28.087,-17.755],[28.201,-17.685],[28.248,-17.41]],[[29.224,-19.487],[29.092,-19.506],[29.122,-19.591],[29.058,-19.657],[29.1,-19.764],[29.055,-19.836],[28.962,-19.836],[28.971,-19.971],[28.841,-20.038],[28.839,-20.094],[28.673,-20.276],[28.6,-20.237]],[[29.728,-21.024],[30.112,-21.497],[30.635,-21.749],[30.784,-22.009],[30.906,-22.083],[31.097,-22.335]],[[28.6,-20.237],[28.5,-20.23]],[[28.6,-20.237],[28.699,-20.199],[28.658,-20.091],[28.58,-20.078],[28.578,-20.037],[28.419,-20.03],[28.392,-20.162],[28.494,-20.171],[28.5,-20.23]],[[28.5,-20.23],[28.332,-20.337],[28.142,-20.084],[27.998,-20.121],[27.952,-20.061],[27.914,-20.187],[27.829,-20.177],[27.645,-20.032],[27.526,-19.861],[27.369,-19.801],[26.938,-19.81],[26.677,-19.887]],[[31.199,-19.248],[31.308,-19.233],[31.338,-19.099],[31.443,-19.092],[31.542,-19.154],[31.596,-19.024],[31.985,-19.132],[31.991,-18.987],[31.9,-18.774],[31.771,-18.631],[31.744,-18.509],[31.851,-18.421],[31.912,-18.166],[32.146,-17.939],[32.166,-17.847],[32.591,-17.599],[32.767,-17.375],[32.969,-17.266]],[[31.199,-19.248],[31.423,-19.396],[31.697,-19.496],[32.019,-19.864],[32.328,-20.005],[32.273,-20.593],[32.135,-20.928],[32.297,-21.213],[32.409,-21.29]],[[28.248,-17.41],[28.165,-17.309],[28.139,-17.149],[28.044,-17.088],[28.023,-16.865]],[[29.065,-13.389],[28.671,-13.731],[28.669,-13.856],[28.5,-13.886],[28.19,-13.866],[27.944,-13.92],[27.808,-13.685],[27.637,-13.648],[27.554,-13.813],[27.49,-13.795],[27.484,-13.868],[27.417,-13.92],[27.347,-13.74],[26.853,-13.717]],[[26.853,-13.717],[26.955,-13.822],[26.908,-14.01],[26.858,-14.038],[26.981,-14.18],[26.928,-14.41],[26.555,-14.451],[26.325,-14.717],[26.174,-14.621],[25.621,-14.555],[25.548,-14.585]],[[26.853,-13.717],[26.795,-13.667],[26.797,-13.563],[26.974,-13.335],[26.965,-13.211],[27.061,-13.13],[27.094,-13.001],[26.883,-12.892],[26.867,-12.663],[27.077,-12.516],[27.052,-12.334],[27.277,-12.346],[27.413,-12.248],[27.511,-12.301],[27.59,-12.243]],[[25.548,-14.585],[25.425,-14.866],[25.456,-15.02],[25.411,-15.131],[25.324,-15.179],[25.325,-15.299]],[[25.548,-14.585],[25.01,-14.624],[24.964,-14.481],[25.051,-14.422],[25.082,-14.232],[24.746,-14.12],[24.661,-13.959],[24.62,-14],[24.489,-13.918],[24.381,-13.958],[24.305,-13.892],[24.3,-13.938],[24.222,-13.906],[24.001,-14],[23.834,-13.956],[23.224,-14.168],[23.183,-14.155],[23.227,-14.076],[23.125,-14.059],[23.082,-13.98],[23.001,-13.993],[22.853,-13.87],[22.748,-13.905],[22.71,-13.99],[22.251,-13.687],[22.119,-13.762],[21.98,-13.695]],[[30.051,-14.671],[29.994,-14.607],[30.035,-14.442],[30.32,-14.143],[30.098,-13.932],[30.882,-13.927],[31.062,-13.774],[31.135,-13.607],[31.429,-13.436]],[[30.051,-14.671],[29.904,-14.654],[29.522,-14.816],[29.46,-14.963],[29.228,-14.957],[29.001,-15.019],[28.744,-15.176],[28.404,-15.146],[28.26,-15.353],[27.828,-15.266],[27.773,-15.335],[27.892,-15.374],[27.934,-15.501],[27.799,-15.561],[27.757,-15.649]],[[30.051,-14.671],[30.207,-14.831],[30.214,-14.982]],[[31.429,-13.436],[31.34,-12.981],[31.22,-12.948],[31.121,-13.041],[31.021,-12.951],[30.85,-12.933],[30.75,-12.871],[30.763,-12.668],[30.687,-12.589],[30.635,-12.625],[30.564,-12.574],[30.57,-12.509],[30.497,-12.451],[30.5,-12.309],[30.162,-12.202],[29.997,-12.001],[29.863,-12.044],[29.8,-12.159]],[[31.429,-13.436],[31.614,-13.367],[31.756,-13.092],[31.913,-13.031],[31.913,-12.935],[32.007,-12.886],[32.068,-12.785],[32.141,-12.443],[32.291,-12.201],[32.433,-12.219],[32.542,-12.068],[32.727,-12.06],[33.088,-11.95],[33.216,-11.673],[33.305,-11.644]],[[29.576,-8.373],[29.524,-8.473],[29.393,-8.551],[29.25,-8.901],[29.176,-8.949],[29.11,-9.091],[29.334,-9.216],[29.359,-9.356],[29.325,-9.433],[29.369,-9.537],[29.543,-9.651],[29.8,-9.709],[29.919,-9.839],[29.938,-10.073],[29.854,-10.23],[29.698,-10.223],[29.441,-10.381],[29.357,-10.63],[29.164,-10.742],[29.161,-10.873],[29.084,-10.958],[29.382,-11.119],[29.397,-11.042],[29.338,-10.908],[29.655,-10.738],[29.781,-10.804],[29.886,-10.949],[29.835,-11.395],[29.96,-11.246],[30.105,-11.242],[30.456,-11.502]],[[30.456,-11.502],[30.448,-11.59],[30.261,-11.819],[29.79,-11.899],[29.799,-12.156]],[[30.456,-11.502],[30.706,-11.29],[30.849,-11.057],[30.971,-10.999],[31.001,-10.92],[31.038,-10.949],[31.059,-10.911],[31.085,-10.961],[31.145,-10.917],[31.144,-10.827],[31.204,-10.811],[31.131,-10.75],[31.275,-10.728],[31.335,-10.612],[31.461,-10.55],[31.553,-10.558],[31.55,-10.309],[31.34,-10.183],[31.265,-9.957],[31.114,-9.756],[31.206,-9.613],[31.365,-9.504],[31.575,-9.571],[31.6,-9.504],[31.751,-9.521],[31.902,-9.437],[32.329,-9.462],[32.231,-9.134]],[[25.325,-15.299],[26.804,-15.343],[26.987,-15.435],[26.959,-15.468],[27.228,-15.497],[27.301,-15.744],[27.41,-15.568],[27.459,-15.579],[27.547,-15.48],[27.66,-15.558],[27.692,-15.669],[27.757,-15.649]],[[25.325,-15.299],[25.343,-15.353],[25.223,-15.594],[25.278,-15.645],[25.278,-15.749],[25.396,-15.751],[25.334,-16.009],[25.428,-16.093],[25.29,-16.293],[24.998,-16.532],[25.101,-16.67],[25.251,-16.706],[25.279,-16.905],[25.091,-17.138],[24.97,-17.56]],[[27.757,-15.649],[27.856,-15.69],[27.971,-15.666],[28.236,-15.819],[28.391,-15.784],[28.754,-15.952],[28.947,-15.957]],[[44.972,17.43],[44.95,17.111],[44.491,16.979],[44.248,16.77],[44.189,16.631]],[[44.189,16.631],[44.075,16.612],[43.818,16.679],[43.6,16.609]],[[44.189,16.631],[44.329,16.534],[44.352,16.195],[44.426,16.028]],[[46.833,16.15],[45.994,16],[45.693,15.898],[45.564,15.79],[45.45,15.78],[44.661,16.011]],[[46.833,16.15],[47.039,16.345],[46.997,16.949]],[[46.833,16.15],[46.34,15.571]],[[44.661,16.011],[44.51,16.057],[44.426,16.028]],[[44.661,16.011],[44.742,15.708],[44.828,15.596],[44.647,15.415],[44.809,15.319],[44.921,15.374],[45.164,15.204],[45.154,15.108],[45.001,14.931],[45.006,14.814]],[[43.186,16.685],[43.6,16.609]],[[43.6,16.609],[43.609,16.214],[43.699,16.012],[43.657,15.948],[43.75,15.97],[43.817,15.731],[43.794,15.655],[43.722,15.638],[43.705,15.526]],[[42.835,15.914],[42.997,15.82],[43.311,15.844],[43.314,15.51]],[[43.314,15.51],[43.332,15.306],[43.571,15.044]],[[43.314,15.51],[43.705,15.526]],[[44.426,16.028],[44.255,15.974],[44.253,15.801],[44.167,15.621],[44.008,15.559],[43.984,15.505]],[[43.571,15.044],[43.7,14.995],[43.702,14.933]],[[43.571,15.044],[43.64,15.217],[43.949,15.4],[43.984,15.505]],[[43.702,14.933],[43.632,14.934],[43.541,14.804],[43.535,14.634],[43.596,14.46],[43.558,14.374]],[[43.702,14.933],[43.726,14.88],[43.824,14.85]],[[43.558,14.374],[43.579,14.156],[43.726,14.076],[43.798,14.114]],[[43.558,14.374],[43.721,14.458],[43.83,14.458],[43.973,14.574],[43.824,14.85]],[[45.006,14.814],[45.107,14.768],[45.183,14.498],[45.515,14.592],[45.498,14.655],[45.554,14.648],[45.569,14.689]],[[45.006,14.814],[44.869,14.756]],[[45.569,14.689],[45.525,14.743],[45.537,14.875],[45.614,15.06],[46.34,15.571]],[[45.569,14.689],[45.722,14.663],[45.696,14.58],[45.781,14.537],[45.859,14.355],[46.002,14.294],[46.044,14.192]],[[44.869,14.756],[44.784,14.972],[44.707,15.029],[44.509,14.933],[44.415,14.977],[44.356,14.915],[44.133,14.986],[43.947,14.869],[43.824,14.85]],[[44.869,14.756],[44.793,14.667],[44.749,14.428],[44.63,14.277]],[[43.705,15.526],[43.863,15.564],[43.984,15.505]],[[45.18,13.964],[45.007,14.205],[44.907,14.222],[44.718,14.162]],[[45.18,13.964],[45.384,14.032],[45.405,13.897]],[[45.18,13.964],[45.083,13.797],[44.858,13.708],[44.853,13.591],[44.791,13.603],[44.628,13.517],[44.533,13.577]],[[44.718,14.162],[44.63,14.277]],[[44.718,14.162],[44.615,14.058],[44.622,13.981],[44.51,13.946],[44.407,13.761]],[[43.798,14.114],[43.799,14.042],[43.684,13.912]],[[43.798,14.114],[43.866,14.246],[43.88,14.198],[43.946,14.208],[43.963,14.335],[44.102,14.434],[44.138,14.365],[44.209,14.377],[44.253,14.444],[44.63,14.277]],[[43.684,13.912],[43.712,13.861],[43.887,13.878],[43.901,13.835],[43.961,13.847],[43.963,13.802],[44.321,13.703],[44.407,13.761]],[[44.407,13.761],[44.414,13.643],[44.533,13.577]],[[46.044,14.192],[45.986,14.024],[45.737,13.844],[45.637,13.823],[45.405,13.897]],[[44.533,13.577],[44.377,13.467],[44.452,13.387],[44.355,13.368],[44.334,13.234],[44.197,13.227],[44.092,13.092],[44.022,13.112],[44.021,13.047],[43.862,13.116],[43.726,13.057],[43.735,12.99],[43.531,12.695]],[[45.093,12.925],[44.528,12.804],[44.415,12.673]],[[107.517,10.756],[107.588,10.912],[107.545,10.992],[107.431,11.038],[107.61,11.362]],[[105.951,20.337],[105.977,20.271],[106.155,20.218],[106.114,20.033]],[[105.951,20.337],[105.841,20.419]],[[105.951,20.337],[105.979,20.426],[106.014,20.405],[106.071,20.483],[106.184,20.491]],[[106.184,20.491],[106.28,20.393],[106.268,20.332],[106.349,20.365],[106.455,20.285],[106.503,20.301]],[[106.184,20.491],[106.112,20.632]],[[105.841,20.419],[105.713,20.42],[105.695,20.321],[105.543,20.367]],[[105.841,20.419],[105.786,20.568]],[[105.543,20.367],[105.309,20.456],[105.152,20.587],[104.843,20.626]],[[106.417,20.719],[106.257,20.696]],[[106.417,20.719],[106.536,20.782],[106.491,20.844],[106.605,21.025]],[[105.112,21.704],[105.093,21.815],[104.848,22.17]],[[105.112,21.704],[105.317,21.514]],[[105.112,21.704],[104.903,21.596],[104.919,21.398],[104.829,21.33]],[[104.848,22.17],[104.946,22.345],[105.049,22.357],[105.18,22.645],[105.568,22.592]],[[104.848,22.17],[104.628,22.258]],[[105.429,21.276],[105.457,21.312],[105.317,21.514]],[[105.429,21.276],[105.495,21.174],[105.763,21.105],[105.772,21.362]],[[105.429,21.276],[105.354,21.301],[105.285,21.192],[105.308,21.012]],[[105.317,21.514],[105.46,21.497],[105.578,21.544]],[[105.578,21.544],[105.518,21.636],[105.558,21.951]],[[105.578,21.544],[105.772,21.362]],[[104.909,21.101],[105.138,20.94],[105.333,20.919],[105.308,21.012]],[[104.909,21.101],[104.88,21.023],[104.914,20.964],[105.093,20.794],[104.994,20.733],[104.857,20.728],[104.843,20.626]],[[104.909,21.101],[104.829,21.33]],[[105.308,21.012],[105.504,20.987],[105.516,20.829],[105.786,20.568]],[[104.829,21.33],[104.736,21.391],[104.582,21.413],[104.47,21.362],[104.357,21.416],[104.311,21.496],[104.35,21.671],[104.307,21.71],[104.17,21.659],[103.925,21.72]],[[104.843,20.626],[104.76,20.574],[104.614,20.643]],[[103.925,21.72],[103.954,21.78],[103.911,21.861],[103.984,21.974],[104.197,21.887],[104.232,21.96],[104.411,21.905],[104.444,21.971],[104.385,22.117],[104.453,22.149],[104.565,22.1],[104.645,22.172],[104.628,22.258]],[[103.925,21.72],[103.835,21.733],[103.635,22.024],[103.569,22.034]],[[103.55,21.887],[103.562,21.611],[103.376,21.395],[103.446,21.29],[103.438,21.073],[103.288,21.078],[103.226,20.826]],[[103.55,21.887],[103.569,22.034]],[[103.55,21.887],[103.383,22.15],[103.324,22.149],[103.264,22.048],[103.04,22.148],[102.935,22.137],[102.908,22.203],[102.829,22.228],[102.777,22.36],[102.523,22.562],[102.325,22.565]],[[103.569,22.034],[103.601,22.151],[103.726,22.236],[103.802,22.363],[103.747,22.42],[103.588,22.452],[103.61,22.556],[103.55,22.649]],[[106.605,21.025],[106.441,21.074],[106.546,21.194]],[[105.751,18.663],[105.662,18.57],[105.169,18.618]],[[106.193,22.407],[106.258,22.446],[106.399,22.378],[106.533,22.403]],[[106.193,22.407],[106.082,22.542],[105.843,22.482],[105.765,22.617],[105.768,22.718],[105.693,22.711],[105.568,22.592]],[[106.193,22.407],[106.26,22.262],[106.123,22.054],[106.114,21.948]],[[107.065,21.361],[107.232,21.422],[107.233,21.544],[107.334,21.613]],[[107.065,21.361],[106.948,21.19],[106.546,21.194]],[[107.065,21.361],[107.007,21.442],[106.922,21.445],[106.828,21.597],[106.748,21.549],[106.659,21.607],[106.58,21.599],[106.478,21.448],[106.399,21.411],[106.178,21.508],[106.168,21.571]],[[104.628,22.258],[104.599,22.234],[104.595,22.332],[104.471,22.419],[104.44,22.553],[104.479,22.583],[104.362,22.693]],[[105.568,22.592],[105.452,22.775],[105.296,22.866],[105.488,23.008],[105.535,23.099]],[[105.568,22.592],[105.609,22.47],[105.5,22.295],[105.489,22.154],[105.558,21.951]],[[105.786,20.568],[105.826,20.66],[106.007,20.713]],[[105.558,21.951],[105.645,22.02],[105.735,22.02],[105.814,21.779],[106.114,21.948]],[[106.114,21.948],[106.142,21.805],[106.257,21.685],[106.168,21.571]],[[109.077,14.672],[108.814,14.673],[108.667,14.596]],[[108.667,14.596],[108.636,14.152],[108.808,13.747],[108.826,13.558]],[[108.667,14.596],[108.618,14.641]],[[108.826,13.558],[108.875,13.211],[108.688,13.071],[108.661,12.996]],[[106.257,20.696],[106.112,20.632]],[[106.257,20.696],[106.127,20.814],[106.152,20.998]],[[106.112,20.632],[106.06,20.617],[106.007,20.713]],[[106.007,20.713],[105.915,20.81],[105.895,20.914],[105.924,20.974],[106.005,20.991]],[[106.152,20.998],[106.005,20.991]],[[106.152,20.998],[106.295,21.001],[106.298,21.134]],[[106.005,20.991],[106.01,21.046],[105.922,21.15],[105.945,21.247]],[[106.546,21.194],[106.386,21.223],[106.298,21.134]],[[106.168,21.571],[106.144,21.621],[106.042,21.628],[106.067,21.461],[105.921,21.328]],[[105.945,21.247],[106.298,21.134]],[[105.945,21.247],[105.921,21.328]],[[105.772,21.362],[105.921,21.328]],[[106.43,11.124],[106.522,11.131],[106.722,10.875],[106.836,10.888]],[[106.43,11.124],[106.343,11.344],[106.464,11.553]],[[106.43,11.124],[106.364,10.982]],[[106.836,10.888],[106.784,11.026],[106.955,11.064],[106.965,11.284]],[[106.836,10.888],[106.881,10.762],[106.751,10.772],[106.757,10.705],[106.893,10.67],[106.984,10.567]],[[106.364,10.982],[106.512,10.886],[106.505,10.723],[106.645,10.639],[106.725,10.644],[106.744,10.552]],[[106.364,10.982],[106.303,11.025],[106.17,10.971]],[[105.963,10.553],[105.524,10.951]],[[105.963,10.553],[105.849,10.301]],[[105.849,10.301],[105.955,10.289]],[[105.849,10.301],[105.915,10.214],[105.901,10.16],[105.728,10.186],[105.692,10.123]],[[105.849,10.301],[105.583,10.447]],[[105.955,10.289],[106.118,10.238]],[[105.955,10.289],[106.422,10.317]],[[108.719,12.181],[108.637,11.839],[108.683,11.727],[108.61,11.64],[108.62,11.564]],[[108.719,12.181],[108.681,12.303]],[[108.719,12.181],[108.81,12.124],[108.891,11.943],[109.05,11.898],[109.114,11.798],[109.204,11.789]],[[108.62,11.564],[108.58,11.505],[108.341,11.508],[108.325,11.356],[108.066,11.203],[108.032,11.294],[107.61,11.362]],[[107.61,11.362],[107.457,11.41],[107.459,11.483],[107.383,11.56],[107.309,11.566]],[[105.241,10.2],[105.423,10.044]],[[105.241,10.2],[104.888,10.382],[104.724,10.521]],[[105.241,10.2],[105.32,10.277],[105.378,10.233],[105.473,10.275],[105.583,10.447]],[[105.423,10.044],[105.529,9.908],[105.368,9.702],[105.392,9.587]],[[105.423,10.044],[105.692,10.123]],[[105.392,9.587],[105.296,9.6],[105.28,9.406]],[[105.392,9.587],[105.569,9.61]],[[108.681,12.303],[108.499,12.299],[108.242,12.157],[108.118,12.152]],[[108.681,12.303],[108.677,12.479],[108.848,12.475],[108.898,12.67],[109.037,12.753]],[[109.037,12.753],[108.76,12.864],[108.661,12.996]],[[107.309,11.566],[107.284,11.655],[107.39,11.752]],[[107.309,11.566],[107.119,11.488],[106.965,11.284]],[[106.965,11.284],[106.791,11.335],[106.718,11.307],[106.696,11.361],[106.638,11.32],[106.619,11.431],[106.464,11.553]],[[108.618,14.641],[108.56,14.811],[108.297,15.048]],[[108.618,14.641],[108.416,14.625],[108.411,14.516],[108.336,14.431],[107.72,14.186],[107.446,13.922]],[[108.661,12.996],[108.472,13.074],[108.387,13.279],[108.107,13.384],[107.681,13.333],[107.562,13.262]],[[108.118,12.152],[107.987,12.091],[108.093,11.922],[108.008,11.774],[107.915,11.793],[107.885,11.862],[107.772,11.85],[107.718,11.91],[107.563,11.787],[107.39,11.752]],[[108.118,12.152],[108.077,12.264],[107.941,12.354],[107.935,12.425],[108.006,12.487],[107.91,12.538],[107.842,12.721],[107.54,12.717]],[[107.39,11.752],[107.36,11.918],[107.258,12.02],[107.228,12.311]],[[106.464,11.553],[106.487,11.593],[106.435,11.678]],[[108.297,15.048],[108.326,15.096],[108.279,15.197],[108.358,15.306],[108.762,15.397]],[[108.297,15.048],[108.203,15.064],[108.138,14.956],[108.006,15.194],[107.862,15.222],[107.65,15.399],[107.576,15.403]],[[105.569,9.61],[105.826,9.724],[105.902,9.917]],[[107.856,16.088],[108.001,16.09],[108.055,15.978],[108.282,15.99]],[[107.856,16.088],[107.953,16.216],[108.2,16.212]],[[107.856,16.088],[107.73,16.014],[107.662,16.091],[107.433,16.055]],[[105.28,9.406],[105.317,9.297],[105.283,9.205],[105.425,9.008]],[[105.583,10.447],[105.387,10.599],[105.369,10.703],[105.294,10.708],[105.22,10.83],[105.194,11.022],[105.29,11.233],[105.263,11.384],[105.295,11.426],[105.115,11.586],[105.155,11.747]],[[65.138,39.464],[64.845,39.267],[64.885,39.164],[64.521,39.056],[64.368,38.94]],[[65.138,39.464],[64.983,39.7],[64.763,39.748],[64.59,39.908],[64.83,40.15],[64.905,40.171],[64.844,40.237],[64.85,40.351],[65.134,40.336],[65.248,40.53],[65.34,40.528],[65.365,40.71],[64.916,40.733],[64.847,40.77],[64.781,40.952],[64.488,40.878],[64.435,40.773],[64.165,40.797],[64.043,40.97],[63.854,40.758],[63.735,40.726],[63.677,40.804],[63.376,40.945],[62.979,41.075],[62.619,41.492],[62.18,41.392]],[[65.138,39.464],[65.256,39.492]],[[67.673,39.003],[67.518,38.96],[67.557,38.841],[67.532,38.705],[67.394,38.713],[67.157,38.497],[67.124,38.387],[66.887,38.269],[66.637,37.967]],[[62.18,41.392],[62.465,41.095],[62.239,40.999]],[[62.18,41.392],[61.743,41.861],[61.996,41.98],[61.859,42.177],[61.882,42.397],[62.471,43.253],[62.185,43.314],[62.028,43.481]],[[65.256,39.492],[65.683,39.483],[65.799,39.556],[65.967,39.411],[65.979,39.337],[66.053,39.32],[66.389,39.398],[66.511,39.34],[66.689,39.431],[66.874,39.405],[66.914,39.296],[67.051,39.299],[67.066,39.339],[67.359,39.29]],[[65.256,39.492],[65.19,39.604],[65.226,39.693],[65.195,39.785],[65.123,39.858],[65.286,39.926],[65.435,39.906],[65.506,40.144],[65.836,40.022],[66.094,40.051],[66.184,40.118],[66.118,40.147],[66.198,40.285],[66.186,40.434],[66.251,40.599],[66.378,40.576],[66.512,40.626],[66.62,40.495]],[[62.239,40.999],[62.447,40.788],[62.187,40.506]],[[62.239,40.999],[62.158,40.996],[61.864,41.285],[61.711,41.355],[61.466,41.39],[61.34,41.288],[61.269,41.302],[61.191,41.39],[60.738,41.64],[60.652,41.757],[60.55,41.777],[60.445,41.975],[60.297,42.003],[60.151,41.948],[60.141,41.874]],[[70.471,41.405],[70.397,41.306],[70.438,41.26],[70.41,41.196],[70.459,41.135],[70.458,41.016]],[[73.712,36.894],[73.72,36.851],[73.887,36.771],[73.886,36.714],[73.416,36.752],[73.073,36.699],[73.094,36.603],[72.985,36.473],[72.896,36.462],[72.877,36.384],[72.692,36.271],[72.572,36.243],[72.529,36.098],[72.589,36.016],[72.516,35.904],[72.792,35.838],[73.088,35.876],[73.155,35.825],[73.126,35.725],[73.307,35.6],[73.41,35.548],[73.772,35.522],[73.784,35.447],[73.69,35.357],[73.722,35.216],[73.81,35.234],[74.125,35.099]],[[71.582,40.774],[71.271,40.617],[71.063,40.696],[71.127,40.762],[70.931,40.775],[70.756,40.696]],[[71.582,40.774],[71.582,40.84],[71.644,40.89],[72.148,40.898],[72.195,41.006]],[[71.582,40.774],[71.648,40.695],[71.748,40.704],[71.877,40.621],[72.103,40.617],[72.208,40.57],[72.228,40.46]],[[66.62,40.495],[66.801,40.775],[66.765,40.887],[66.635,40.935],[66.614,41.084],[66.758,41.153]],[[66.62,40.495],[66.894,40.469],[66.907,40.259],[66.976,40.175],[66.948,40.065],[67.02,40.073],[67.101,39.99],[67.46,39.938],[67.5,39.816],[67.382,39.78],[67.372,39.694],[67.297,39.665],[67.305,39.579],[67.436,39.486]],[[68.64,39.848],[68.64,39.848]],[[68.64,39.848],[68.634,40.036],[68.697,40.112]],[[68.65,40.952],[68.74,40.845],[68.888,40.777],[68.945,40.681],[69.054,40.658],[69.068,40.584],[69.121,40.588],[69.076,40.523],[69.124,40.46],[69.074,40.217]],[[68.266,40.663],[68.251,40.612],[68.17,40.592],[68.165,40.526],[68.217,40.516],[68.099,40.309],[68.106,40.237],[68.364,40.226],[68.668,40.282],[68.643,40.184]],[[-56.322,-31.751],[-56.246,-31.914],[-56.288,-31.94],[-56.359,-32.232],[-56.489,-32.335],[-56.559,-32.492]],[[-56.322,-31.751],[-56.492,-31.871],[-56.829,-31.793],[-57.166,-31.797],[-57.374,-31.687],[-57.75,-31.581],[-57.862,-31.481],[-58.039,-31.509]],[[-56.322,-31.751],[-56.351,-31.589],[-56.158,-31.305]],[[-56.559,-32.492],[-56.667,-32.843]],[[-56.158,-31.305],[-56.064,-31.259],[-55.835,-31.383],[-55.791,-31.511],[-55.666,-31.584],[-55.617,-31.802],[-54.91,-31.865],[-54.655,-32.123]],[[-56.158,-31.305],[-56.183,-31.25],[-56.056,-31.196],[-56.01,-31.082]],[[-54.655,-32.123],[-54.756,-32.102],[-54.84,-32.31],[-55.04,-32.469],[-55.328,-32.494]],[[-54.655,-32.123],[-54.589,-32.11],[-54.54,-32.019],[-54.589,-31.985],[-54.467,-31.664]],[[-55.328,-32.494],[-55.471,-32.427],[-55.521,-32.503],[-55.65,-32.497],[-55.692,-32.546],[-55.768,-32.52],[-55.83,-32.634],[-55.903,-32.604],[-56.014,-32.7],[-56.169,-32.726],[-56.225,-32.823],[-56.667,-32.843]],[[-55.328,-32.494],[-55.316,-32.902],[-55.159,-33.018],[-55.01,-33.025]],[[-56.667,-32.843],[-56.782,-32.87],[-56.868,-32.987],[-56.925,-32.959],[-56.985,-32.994],[-56.969,-33.025],[-57.083,-33.006],[-57.174,-33.05],[-57.127,-33.123]],[[-57.127,-33.123],[-56.67,-33.305],[-56.533,-33.496]],[[-57.127,-33.123],[-57.348,-33.38],[-57.255,-33.545],[-57.16,-33.61],[-57.186,-33.752],[-57.078,-33.963]],[[-57.127,-33.123],[-57.282,-33.147],[-57.305,-33.095],[-57.429,-33.095],[-57.525,-33.021],[-57.65,-33.085],[-57.85,-33.04],[-57.965,-33.131],[-58.06,-33.137],[-58.039,-33.247],[-58.117,-33.234],[-58.136,-33.308],[-58.224,-33.308],[-58.392,-33.424]],[[-56.533,-33.496],[-56.424,-33.483],[-56.411,-33.401],[-56.096,-33.493],[-56.022,-33.434],[-55.863,-33.435],[-55.111,-33.118]],[[-56.533,-33.496],[-56.422,-33.763],[-56.463,-33.902]],[[-55.111,-33.118],[-55.01,-33.025]],[[-55.111,-33.118],[-55.125,-33.382]],[[-55.619,-34.208],[-55.342,-33.873],[-55.292,-33.719],[-55.325,-33.618],[-55.118,-33.457],[-55.125,-33.382]],[[-55.619,-34.208],[-55.473,-34.622]],[[-55.619,-34.208],[-55.882,-34.272],[-55.999,-34.244],[-56.136,-34.365],[-56.351,-34.357],[-56.401,-34.433]],[[-55.125,-33.382],[-54.826,-33.337],[-54.493,-33.449],[-54.306,-33.348],[-54.126,-33.465]],[[-56.463,-33.902],[-56.603,-33.85],[-56.865,-33.985],[-57.078,-33.963]],[[-56.463,-33.902],[-56.415,-34.097],[-56.425,-34.307],[-56.471,-34.36],[-56.401,-34.433]],[[-57.799,-30.791],[-57.715,-30.758],[-57.572,-30.863],[-57.071,-31.078],[-56.699,-31.05],[-56.416,-30.887],[-56.177,-30.94],[-56.017,-31.074]],[[-54.482,-33.926],[-54.375,-33.738],[-54.369,-33.636],[-54.126,-33.465]],[[-54.482,-33.926],[-54.574,-34.04],[-54.705,-34.086],[-54.844,-34.393],[-55.312,-34.61],[-55.473,-34.622]],[[-54.482,-33.926],[-54.461,-34.095],[-54.493,-34.391],[-54.537,-34.421],[-54.498,-34.555],[-54.531,-34.807]],[[-54.126,-33.465],[-53.769,-33.189],[-53.521,-33.125]],[[-55.01,-33.025],[-55.019,-32.95],[-54.878,-32.863],[-54.597,-32.821],[-54.326,-32.716],[-54.045,-32.799],[-53.948,-32.705],[-53.844,-32.765],[-53.5,-32.75],[-53.183,-32.8]],[[75.225,34.639],[75.249,34.762],[75.141,34.87],[74.975,34.813],[74.799,34.852],[74.634,34.94],[74.489,35.12],[74.099,35.093],[74.066,35.05],[74.1,35.01],[74.018,34.881],[73.709,34.763],[73.623,34.564],[73.447,34.558],[73.4,34.376],[73.474,34.269],[73.519,34.008]],[[73.519,34.008],[73.58,33.91],[73.573,33.634],[73.635,33.541],[73.574,33.387],[73.581,33.229],[73.655,33.185],[73.623,33.124],[73.806,33.015],[73.926,33.026],[74.317,32.823]],[[73.519,34.008],[73.37,33.969],[73.317,33.871],[73.126,33.804]],[[-56.401,-34.433],[-56.398,-34.527],[-56.472,-34.597],[-56.46,-34.664],[-56.364,-34.734]],[[-63.949,10.083],[-63.801,10.128],[-63.73,10.205],[-63.555,10.23],[-63.463,10.315],[-63.192,10.168],[-63.113,10.219],[-63.013,10.097]],[[-63.949,10.083],[-64.056,10.054],[-64.062,9.969],[-63.923,9.87],[-63.964,9.762],[-63.847,9.551],[-63.969,9.411],[-63.906,9.205],[-63.772,9.236],[-63.634,9.167],[-63.418,9.008],[-63.301,8.778],[-62.949,8.794],[-63.055,8.709],[-63.041,8.596],[-62.743,8.473],[-62.686,8.386]],[[-63.949,10.083],[-64.037,10.129],[-64.154,10.079],[-64.347,10.095],[-64.536,10.252]],[[-62.686,8.386],[-62.598,8.448]],[[-62.686,8.386],[-62.771,8.375],[-62.907,8.267],[-62.977,8.31],[-63.175,8.313],[-63.474,8.15],[-63.812,8.131],[-63.885,8.018],[-63.981,7.967],[-64.126,7.966],[-64.283,8.081],[-64.352,8.009],[-64.537,7.984],[-64.495,7.791],[-64.637,7.772],[-64.838,7.66],[-65.104,7.834],[-65.357,7.869]],[[-65.697,9.953],[-65.665,9.774],[-65.7,9.686],[-65.489,9.569],[-65.431,9.651],[-65.37,9.555],[-65.218,9.507],[-65.207,9.434],[-65.285,9.377],[-65.258,9.277],[-65.165,9.179],[-64.978,9.112],[-64.937,9.004],[-64.79,8.878],[-64.864,8.741],[-65.149,8.725],[-65.207,8.369],[-65.494,7.992],[-65.484,7.931],[-65.389,7.921],[-65.357,7.869]],[[-65.697,9.953],[-66.19,9.949],[-66.392,10.019],[-66.613,9.966]],[[-65.357,7.869],[-65.648,7.9],[-65.96,7.671],[-66.331,7.648]],[[-67.22,10.417],[-67.153,10.441]],[[-67.22,10.417],[-67.186,10.313],[-67.109,10.265],[-67.134,10.155],[-67.088,10.083],[-66.979,10.072],[-66.924,10.01],[-66.613,9.966]],[[-67.153,10.441],[-67.053,10.479],[-67.007,10.575],[-66.874,10.547]],[[-67.153,10.441],[-67.051,10.395],[-66.897,10.416],[-66.874,10.547]],[[-66.314,10.629],[-66.325,10.531],[-66.874,10.547]],[[-66.613,9.966],[-66.584,9.799],[-66.621,9.721],[-66.543,9.623],[-66.575,9.409],[-66.623,9.392],[-66.997,9.452],[-66.981,9.509],[-66.876,9.562],[-66.859,9.672],[-67.102,9.8],[-67.181,9.92],[-67.341,9.926],[-67.428,9.987],[-67.534,9.951]],[[-67.789,9.827],[-67.756,9.683],[-67.899,9.63],[-67.963,9.546],[-67.917,9.45],[-67.942,9.31],[-67.854,9.085],[-67.993,8.831],[-67.996,8.555],[-68.036,8.538]],[[-67.789,9.827],[-67.799,9.93],[-67.691,9.843],[-67.529,9.907],[-67.534,9.951]],[[-67.789,9.827],[-67.978,9.832],[-67.995,9.889],[-68.081,9.862],[-68.242,9.987],[-68.205,10.063],[-68.242,10.129],[-68.37,9.99]],[[-68.036,8.538],[-67.768,8.239],[-67.677,8.21],[-67.575,8.083],[-67.564,7.995],[-67.517,7.981],[-67.544,7.959]],[[-68.036,8.538],[-68.165,8.609],[-68.574,8.635]],[[-67.544,7.959],[-67.538,7.917],[-67.396,7.911],[-67.14,7.772],[-66.765,7.755],[-66.528,7.816],[-66.457,7.746],[-66.353,7.736],[-66.331,7.648]],[[-67.544,7.959],[-67.954,8.055],[-68.257,7.957],[-68.375,7.991],[-68.485,7.939],[-68.634,7.969],[-68.823,7.903],[-69.189,8.071],[-69.441,8.072],[-69.734,7.844],[-70.014,7.754],[-70.157,7.615],[-70.289,7.604],[-70.368,7.45],[-70.667,7.287],[-70.947,7.308],[-71.249,7.455],[-71.66,7.432],[-71.842,7.495]],[[-68.574,8.635],[-68.75,8.792],[-68.582,8.853],[-68.652,8.945],[-68.611,9.244],[-68.872,9.44],[-68.981,9.782]],[[-68.574,8.635],[-68.654,8.423],[-68.792,8.317],[-68.854,8.112],[-69.128,8.351],[-69.114,8.432],[-69.162,8.442],[-69.292,8.643],[-69.467,8.67],[-69.623,8.778],[-69.705,8.724],[-69.82,8.751],[-70.182,9.008]],[[-68.978,9.857],[-68.981,9.782]],[[-68.978,9.857],[-68.859,9.853],[-68.804,9.961],[-68.63,10.01],[-68.582,10.005],[-68.523,9.896],[-68.37,9.99]],[[-68.978,9.857],[-68.925,9.931],[-68.959,10],[-69.072,9.958],[-69.098,9.877],[-69.238,10.147],[-69.162,10.128],[-69.015,10.248],[-69.027,10.423],[-69.07,10.461],[-69.02,10.555],[-68.892,10.606],[-68.886,10.66]],[[-68.981,9.782],[-69.067,9.71],[-69.212,9.689],[-69.268,9.737],[-69.279,9.844],[-69.378,9.658],[-69.604,9.606],[-69.644,9.415],[-69.867,9.415],[-69.789,9.559],[-69.927,9.574],[-70.033,9.43]],[[-67.534,9.951],[-67.566,10.002],[-67.69,10.024],[-67.656,10.306],[-67.819,10.322],[-67.874,10.379],[-67.869,10.461]],[[-70.182,9.008],[-70.427,9.022],[-70.535,8.955]],[[-70.182,9.008],[-70.118,9.024],[-70.063,9.144],[-70.065,9.252],[-70.138,9.258],[-70.033,9.43]],[[-70.033,9.43],[-70.134,9.598],[-70.013,9.69],[-70.09,9.773],[-70.247,9.827],[-70.352,9.926],[-70.455,9.896],[-70.517,9.929],[-70.58,10.037],[-70.638,10.003],[-70.661,9.905]],[[-66.331,7.648],[-66.427,7.598],[-66.615,7.323],[-67.074,7.094],[-67.042,6.783],[-67.129,6.638],[-67.138,6.459],[-67.451,6.198]],[[-71.842,7.495],[-71.838,7.533],[-71.692,7.549],[-71.32,7.496],[-71.491,7.63],[-71.484,7.684]],[[-71.842,7.495],[-71.881,7.416],[-71.99,7.365],[-72.189,7.45],[-72.396,7.407]],[[-71.484,7.684],[-71.43,7.802],[-71.06,8.11],[-71.012,8.22],[-71.078,8.376],[-70.97,8.592],[-70.769,8.781],[-70.728,8.765],[-70.577,8.857],[-70.535,8.955]],[[-71.484,7.684],[-71.533,7.758],[-71.508,8.005],[-71.589,8.057],[-71.711,8.049],[-71.821,8.17],[-71.897,8.175],[-71.771,8.481],[-71.817,8.587],[-71.945,8.611]],[[-62.598,8.448],[-62.515,8.519],[-62.24,8.598],[-62.075,8.734],[-62.005,8.873],[-62.084,8.945],[-62.055,9.064],[-62.21,9.072],[-62.321,9.141],[-62.321,9.357],[-62.446,9.525],[-62.325,9.719]],[[-62.598,8.448],[-62.247,8.314],[-61.635,8.287],[-61.609,8.119],[-61.319,7.821],[-60.971,7.946],[-60.785,7.752],[-60.544,7.916],[-60.268,7.921]],[[-67.456,6.193],[-67.385,6.12],[-67.332,6.146],[-67.178,6.1],[-67.145,5.934],[-67.204,5.723],[-67.077,5.714],[-67,5.619],[-66.553,5.743],[-66.341,5.924],[-66.244,5.733],[-66.027,5.782],[-65.827,6.11],[-65.597,6.128],[-65.638,5.854],[-65.609,5.715],[-65.552,5.691],[-65.437,5.775],[-65.225,5.759],[-65.265,5.662],[-65.136,5.526],[-65.184,5.434],[-65.117,5.355],[-65.159,5.294],[-65.274,5.277],[-65.282,5.226],[-65.085,4.799],[-64.942,4.625],[-64.668,4.558],[-64.648,4.208]],[[-68.37,9.99],[-68.423,10.173],[-68.362,10.261],[-68.39,10.493],[-68.252,10.595]],[[-71.945,8.611],[-72.042,8.487],[-72.235,8.399],[-72.281,8.542],[-72.416,8.383]],[[-68.886,10.66],[-68.924,10.697],[-69.499,10.695],[-69.664,10.765],[-69.79,10.701],[-69.824,10.73],[-70.047,10.645],[-70.157,10.652],[-70.658,10.305]],[[-68.886,10.66],[-68.769,10.732],[-68.668,10.736],[-68.519,10.639],[-68.274,10.634]],[[-70.658,10.305],[-70.711,10.194],[-70.858,10.07],[-70.807,9.984],[-70.661,9.905]],[[-70.658,10.305],[-70.729,10.332],[-70.779,10.454],[-70.903,10.443],[-71.015,10.519],[-71.081,10.639],[-71.08,10.757],[-71.282,10.991]],[[-70.661,9.905],[-70.641,9.792],[-70.738,9.762],[-70.842,9.608],[-71.062,9.617]],[[-57.078,-33.963],[-57.393,-33.896],[-57.654,-33.938],[-58.17,-33.778],[-58.416,-33.876]],[[-56.364,-34.734],[-56.293,-34.715],[-56.219,-34.764],[-56.132,-34.726],[-56.036,-34.78],[-56.038,-34.886]],[[55.671,24.709],[55.8,24.693]],[[56.152,25.658],[55.97,25.591],[55.985,25.493],[56.1,25.502],[56.128,25.466],[56.092,25.418],[56.133,25.365],[56.001,25.381]],[[56.001,25.381],[55.928,25.348]],[[56.001,25.381],[55.983,25.332]],[[55.983,25.332],[55.977,25.282]],[[55.983,25.332],[55.977,25.282]],[[55.977,25.282],[55.986,25.225]],[[56.164,25.053],[56.27,24.939]],[[56.164,25.053],[56.186,24.911],[56.253,24.895]],[[56.164,25.053],[56.16,25.216],[56.207,25.227]],[[56.27,24.939],[56.282,24.951]],[[56.27,24.939],[56.276,24.914]],[[56.282,24.951],[56.316,24.93]],[[56.349,25.294],[56.383,25.321]],[[56.234,25.313],[56.143,25.327],[56.18,25.295],[56.119,25.219],[55.986,25.225]],[[106.998,10.625],[107.003,10.625]],[[107.026,10.501],[107.02,10.512]],[[4.198,51.638],[4.186,51.617]],[[4.198,51.638],[5.009,51.825]],[[-110.004,72.496],[-110.004,72.524]],[[-110.004,72.627],[-110.004,72.71]],[[-110.004,75.879],[-110.004,75.911]],[[55.986,25.225],[55.952,25.187],[55.976,24.972]],[[56.276,24.914],[56.253,24.895]],[[56.276,24.914],[56.314,24.912]],[[56.253,24.895],[56.275,24.872]],[[56.106,24.82],[56.075,24.689],[56.208,24.532],[56.313,24.14]],[[56.106,24.82],[56.171,24.824]],[[56.106,24.82],[56.025,24.883]],[[33.401,52.344],[33.326,52.153],[33.483,52.067],[33.379,52.057],[33.366,51.947],[33.161,51.904],[33.062,51.793],[33.153,51.693],[33.187,51.516],[33.123,51.51],[33.115,51.375],[33.002,51.381],[33.07,51.249],[32.963,51.178],[32.94,51.097],[33.059,51.078],[33.084,51.032],[33.207,51.048],[33.156,50.997],[33.184,50.918],[33.123,50.813],[33.167,50.743],[33.062,50.538]],[[33.062,50.538],[32.878,50.397],[32.727,50.358],[32.376,50.409],[32.139,50.35]],[[33.062,50.538],[33.285,50.546],[33.731,50.462],[33.898,50.533],[34.055,50.471],[34.212,50.542],[34.252,50.53],[34.259,50.436],[34.376,50.349],[34.369,50.273],[34.502,50.203],[34.474,50.108],[34.908,50.146]],[[30.555,51.243],[30.515,51.22],[30.514,51.013],[30.649,50.986],[30.655,50.892],[30.78,50.844],[30.741,50.757],[31.089,50.767],[31.213,50.659],[31.18,50.588],[31.328,50.508],[31.613,50.518],[31.847,50.624],[32.028,50.545],[31.974,50.475],[32.139,50.35]],[[32.139,50.35],[32.069,50.239]],[[29.353,51.377],[29.385,51.298],[29.27,51.237],[29.305,51.128],[29.363,51.142],[29.488,51.067],[29.462,50.97],[29.393,50.97],[29.505,50.87],[29.49,50.781],[29.567,50.772],[29.592,50.711],[29.481,50.602],[29.499,50.492],[29.426,50.422],[29.567,50.407],[29.695,50.267],[29.734,50.121],[29.669,50.083],[29.733,49.935],[29.442,49.798],[29.418,49.71],[29.483,49.697],[29.447,49.651]],[[29.447,49.651],[29.511,49.64],[29.496,49.573],[29.567,49.528],[29.569,49.422],[29.5,49.379],[29.523,49.326],[29.697,49.227]],[[29.447,49.651],[29.264,49.585],[28.993,49.593],[28.947,49.678],[29.005,49.734],[28.91,49.872],[28.835,49.881],[28.72,49.794],[27.868,49.76]],[[25.547,51.919],[25.663,51.891],[25.51,51.699],[25.512,51.618],[25.603,51.582],[25.551,51.525],[25.556,51.349],[25.82,51.384],[25.813,51.323],[26.059,51.181],[25.947,51.075],[26.041,51.066],[26.096,50.985],[25.979,50.952],[26.014,50.903],[25.966,50.858],[26.003,50.835],[25.875,50.793],[25.833,50.633],[25.656,50.707],[25.449,50.655],[25.363,50.679],[25.384,50.615],[25.29,50.614],[25.287,50.543],[25.133,50.549],[25.168,50.5],[25.092,50.462],[25.204,50.381],[25.063,50.295]],[[25.063,50.295],[25.044,50.349],[24.724,50.344],[24.564,50.437],[24.509,50.408],[24.45,50.47],[24.535,50.5],[24.501,50.546],[24.359,50.61],[24.259,50.576],[24.108,50.63]],[[25.063,50.295],[25.196,50.288],[25.193,50.103],[25.368,50.013]],[[27.666,51.49],[27.586,51.472],[27.6,51.392],[27.502,51.44],[27.509,51.342],[27.417,51.302],[27.449,51.228],[27.3,51.047],[27.199,50.994],[27.272,50.737],[27.192,50.541]],[[27.192,50.541],[27.305,50.478],[27.235,50.38],[27.488,50.224],[27.607,50.249],[27.664,50.033],[27.544,50.007],[27.581,49.951],[27.545,49.911],[27.661,49.799],[27.868,49.76]],[[27.192,50.541],[27.098,50.587],[26.976,50.519],[26.807,50.501],[26.48,50.254],[26.233,50.152]],[[35.692,50.344],[35.503,50.3],[35.397,50.332],[35.25,50.238],[35.128,50.243],[34.908,50.146]],[[34.908,50.146],[34.913,50.056],[34.841,50],[34.869,49.936],[35.166,49.851],[35.239,49.705],[35.424,49.684],[35.475,49.56],[35.391,49.551],[35.465,49.494],[35.32,49.481],[35.361,49.392],[35.279,49.32],[35.033,49.32],[34.973,49.281],[34.984,49.164]],[[32.069,50.239],[31.999,50.247],[31.988,50.169],[31.853,50.1],[31.872,50.023],[31.81,50.006],[31.717,49.849],[31.613,49.858],[31.597,49.898],[31.497,49.84],[31.43,49.906],[31.212,49.854],[31.128,49.614],[31.156,49.556],[30.908,49.346],[30.438,49.349],[30.382,49.233],[30.169,49.284],[30.152,49.33],[30.112,49.275],[29.92,49.246],[29.862,49.174],[29.761,49.175],[29.697,49.227]],[[32.069,50.239],[32.27,50.157],[32.231,50.119],[32.255,50.063],[32.416,49.967],[32.373,49.864],[32.562,49.767],[32.571,49.706],[32.693,49.672],[32.752,49.594],[32.676,49.477],[32.789,49.334],[32.789,49.262]],[[34.984,49.164],[35.17,49.147],[35.462,48.975],[35.794,48.934],[35.953,48.969],[36.022,48.9],[35.962,48.855],[36.164,48.767],[36.133,48.724],[36.286,48.634],[36.284,48.528],[36.375,48.542],[36.471,48.646],[36.595,48.602],[36.725,48.626]],[[34.984,49.164],[34.784,49.175],[34.408,49.077],[34.278,48.922],[34.316,48.84],[34.237,48.746],[33.919,48.866]],[[27.868,49.76],[27.753,49.687],[27.816,49.631],[27.724,49.5],[27.743,49.437],[27.839,49.416],[27.803,49.379],[27.877,49.277],[27.888,49.159],[27.773,49.116],[27.616,49.16],[27.489,49.118],[27.381,48.992],[27.426,48.774],[27.37,48.63]],[[26.233,50.152],[26.222,50.262],[25.947,50.265],[25.809,50.179],[25.453,50.163],[25.467,50.105],[25.368,50.013]],[[26.233,50.152],[26.273,50.113],[26.205,50.086],[26.234,49.999],[26.15,49.961],[26.233,49.779],[26.206,49.696],[26.254,49.658],[26.148,49.517],[26.258,49.29],[26.198,49.185],[26.232,49.079],[26.192,48.906],[26.264,48.808],[26.237,48.68],[26.316,48.643],[26.381,48.517]],[[25.368,50.013],[25.434,49.945],[25.39,49.88],[25.093,49.816],[25.101,49.725],[24.733,49.56],[24.707,49.492]],[[26.381,48.517],[26.471,48.538],[26.606,48.452],[26.616,48.507],[26.709,48.497],[26.613,48.551],[26.722,48.535],[26.717,48.595],[26.773,48.551],[26.819,48.607],[26.859,48.54],[26.945,48.581],[27.248,48.57],[27.234,48.618],[27.37,48.63]],[[26.381,48.517],[26.181,48.527],[26.133,48.609],[26.102,48.607],[26.13,48.555],[26.08,48.547],[26.049,48.648],[25.928,48.587],[25.794,48.67],[25.742,48.63],[25.636,48.678]],[[36.725,48.626],[36.697,48.786],[37.029,48.761],[37.019,48.814],[37.17,48.826],[37.221,48.898],[37.311,48.923],[37.292,48.98],[37.374,49.053],[37.61,49.15],[37.505,49.184],[37.541,49.225],[37.847,49.232]],[[36.725,48.626],[36.79,48.601],[36.751,48.529],[36.887,48.574],[36.812,48.326],[36.904,48.298],[36.927,48.202],[36.872,48.167],[36.893,48.068],[36.839,48.034],[36.581,48.073],[36.577,47.971],[36.634,47.924],[36.534,47.905],[36.576,47.844]],[[33.919,48.866],[33.778,48.923],[33.669,48.869],[33.597,48.922],[33.379,48.94],[33.299,48.995],[33.342,49.044],[32.789,49.262]],[[33.919,48.866],[33.826,48.759],[33.76,48.807],[33.572,48.787],[33.599,48.722],[33.821,48.668],[33.445,48.525],[33.513,48.239],[33.348,48.186],[33.269,48.103],[33.242,48.174],[33.222,48.09],[33.111,48.064],[33.035,47.967]],[[29.697,49.227],[29.707,49.132],[29.595,49.027],[29.671,49.001],[29.636,48.947],[29.716,48.914],[29.772,48.769],[29.884,48.743],[29.859,48.698],[29.958,48.655],[30.022,48.534],[29.958,48.459],[30.076,48.455]],[[32.789,49.262],[32.753,49.181],[32.855,49.018],[32.782,48.964],[32.689,48.987],[32.52,48.929],[32.453,49.056],[32.369,49.046],[32.332,49.09],[32.143,48.976],[32.129,48.913],[32.026,48.928],[31.887,48.86],[31.732,48.943],[31.544,48.924],[31.462,48.761],[31.333,48.724],[30.702,48.765],[30.541,48.619],[30.568,48.562],[30.415,48.572],[30.247,48.478],[30.076,48.455]],[[33.035,47.967],[33.083,47.896],[33.088,47.737],[32.984,47.71],[33.021,47.643],[32.992,47.599],[33.089,47.583]],[[33.035,47.967],[32.976,48.045],[32.894,48.035],[32.829,47.967],[32.69,47.965],[32.716,47.915],[32.663,47.9],[32.645,47.801],[32.234,47.82],[32.139,47.748],[32.022,47.81],[31.857,47.798],[31.863,47.894],[31.708,48.02],[31.769,48.047],[31.752,48.097],[31.617,48.119],[31.512,48.055],[31.504,48.118],[31.25,48.121],[31.183,48.208],[31.063,48.221],[30.913,48.158],[30.716,48.183],[30.293,48.136]],[[30.076,48.455],[29.94,48.376],[29.883,48.433],[29.788,48.361],[29.738,48.27],[29.786,48.251],[29.775,48.203]],[[27.37,48.63],[27.438,48.603],[27.504,48.472]],[[25.636,48.678],[25.629,48.76],[25.461,48.825],[25.471,48.862],[25.356,48.855],[25.354,48.814],[25.251,48.775],[25.25,48.818],[25.328,48.842],[25.225,48.842],[25.246,48.931],[25.166,48.865],[25.12,48.951],[24.993,48.97],[24.898,49.04],[24.986,49.052],[24.982,49.099],[24.86,49.119],[24.879,49.229],[24.707,49.492]],[[25.636,48.678],[25.565,48.625],[25.606,48.522],[25.585,48.393],[25.37,48.38],[24.989,48.1],[24.928,47.997],[24.985,47.84],[24.929,47.714]],[[36.576,47.844],[36.098,47.836],[36.06,47.871],[36.118,47.939],[36.021,48.004],[36.045,48.043],[35.975,48.029],[35.959,48.091],[35.809,48.067],[35.674,48.127],[35.515,48.079],[35.118,48.129],[34.886,48.081],[34.851,48.123],[34.813,48.016],[34.916,47.947],[34.808,47.878],[34.902,47.831],[34.886,47.76],[34.944,47.746],[34.916,47.531],[34.595,47.569],[34.204,47.478]],[[36.576,47.844],[36.584,47.791],[36.653,47.788],[36.747,47.675],[36.752,47.602],[36.944,47.57],[37.129,47.451],[37.221,47.455],[37.182,47.353],[37.114,47.371],[37.029,47.288],[36.919,47.301],[36.939,47.209],[36.857,47.194],[37.118,47.028],[37.114,46.966],[37.01,46.927],[37.038,46.877]],[[34.204,47.478],[33.902,47.514],[33.643,47.489],[33.563,47.575],[33.339,47.495],[33.089,47.583]],[[33.089,47.583],[33.13,47.423],[33.059,47.452],[33.026,47.409],[33.121,47.349],[33.136,47.224],[32.976,47.187],[32.915,47.104],[33.062,47.015],[33.025,46.97],[32.951,46.986],[33.01,46.936],[32.807,46.882],[32.941,46.862],[32.709,46.824],[32.543,46.874],[32.523,46.833],[32.235,46.809],[32.172,46.747],[31.965,46.722]],[[31.816,46.483],[31.852,46.522]],[[35.265,46.261],[35.28,46.255]],[[61.022,39.514],[60.517,39.489]],[[61.022,39.514],[60.995,39.321],[60.77,39.247],[60.691,38.94],[60.594,38.92],[60.545,38.756],[60.459,38.754],[60.603,38.302],[60.854,38.096],[60.983,37.9],[60.889,37.872],[60.949,37.717],[60.901,37.699],[60.893,37.618],[60.964,37.391],[61.165,37.379],[61.243,37.287],[61.34,37.31],[61.42,37.271],[61.381,37.182],[61.273,37.165],[61.155,37.356],[61.002,37.36],[61.506,36.664],[61.512,36.073],[61.596,35.952],[61.46,35.892],[61.575,35.768],[61.524,35.628],[61.419,35.546]],[[61.022,39.514],[61.222,39.501],[62.739,38.255],[63.229,38.06],[63.709,37.618],[63.72,37.575],[63.489,37.344],[63.509,36.856],[64.729,36.851]],[[60.517,39.489],[60.357,39.476],[60.266,39.628],[60.084,39.584],[60.011,39.641],[59.994,39.999],[59.185,40.004],[58.988,40.11],[58.478,40.214],[58.386,40.211],[58.373,40.158],[57.885,40.097],[57.48,40.102],[57.28,40.032],[57.165,40.092]],[[60.517,39.489],[60.49,40.314],[60.255,40.342],[60.248,41.001],[60.981,41.003],[61.004,41.23]],[[10.529,36.35],[10.366,36.365]],[[10.366,36.365],[10.341,36.471]],[[10.366,36.365],[10.356,36.242],[10.268,36.221],[10.206,36.133]],[[10.601,35.502],[10.521,35.419],[10.344,35.496],[10.306,35.576]],[[10.341,36.471],[10.247,36.445],[9.971,36.635]],[[10.055,36.69],[9.971,36.635]],[[10.306,35.576],[10.16,35.827],[10.254,36.006],[10.174,36.069],[10.206,36.133]],[[10.306,35.576],[10.236,35.546],[10.248,35.485],[10.174,35.359],[10.229,35.146]],[[9.971,36.635],[9.856,36.57]],[[9.454,35.488],[9.327,35.481]],[[9.454,35.488],[9.274,35.712],[9.507,35.74],[9.489,35.899],[9.728,36.067]],[[9.454,35.488],[9.483,35.348],[9.725,35.187],[9.986,35.154],[10.052,35.014]],[[9.327,35.481],[9.002,35.703]],[[9.327,35.481],[9.148,35.257],[9.263,35.198],[9.271,35.052],[9.108,35.002],[9.027,34.905],[9.06,34.874],[8.806,34.751]],[[10.229,35.146],[10.052,35.014]],[[10.052,35.014],[9.824,34.626],[10.05,34.547],[10.052,34.495],[9.744,34.349],[9.718,34.32],[9.761,34.243],[9.714,34.249]],[[9.714,34.249],[9.66,34.293],[9.559,34.252]],[[9.714,34.249],[9.931,34.158],[10.01,34.173]],[[9.559,34.252],[9.561,34.378],[9.289,34.539],[9.29,34.661],[8.806,34.751]],[[9.559,34.252],[9.268,34.205]],[[9.002,35.703],[9.024,35.838],[9.15,36.045],[9.031,36.136],[8.917,36.438]],[[9.002,35.703],[8.69,35.785],[8.602,35.649],[8.461,35.674],[8.327,35.621]],[[8.806,34.751],[8.57,34.637],[8.259,34.741]],[[9.268,34.205],[9.358,34.124],[9.265,34.046],[9.297,33.845],[9.379,33.717],[9.583,33.586],[9.551,33.488],[9.741,33.291]],[[9.268,34.205],[9.053,34.179],[9,34.105],[8.669,34.091]],[[9.741,33.291],[10.059,33.329],[10.279,33.44],[10.46,33.653]],[[9.741,33.291],[9.926,33.2],[9.91,33.075]],[[9.91,33.075],[9.988,32.981],[9.922,32.789],[9.961,32.659],[9.672,32.803],[9.524,32.735],[8.333,32.526]],[[9.91,33.075],[10.638,33.261],[10.63,33.189],[11.007,33.058],[11.134,32.912],[11.104,32.682],[11.438,32.484],[11.264,32.382],[11.182,32.262]],[[10.206,36.133],[10.073,36.083],[10.042,36.009],[9.903,36.069],[9.728,36.067]],[[9.728,36.067],[9.742,36.168],[9.572,36.248],[9.73,36.352],[9.731,36.443]],[[9.856,36.57],[9.759,36.721],[9.553,36.829]],[[9.856,36.57],[9.731,36.443]],[[7.554,47.344],[7.559,47.321]],[[7.554,47.344],[7.437,47.379]],[[7.554,47.344],[7.559,47.321]],[[7.559,47.321],[7.556,47.318]],[[8.406,47.142],[8.442,47.113]],[[8.406,47.142],[8.261,47.282],[8.184,47.224],[7.983,47.277],[7.839,47.232]],[[8.406,47.142],[8.407,47.246]],[[8.442,47.113],[8.386,47.068],[8.502,47.023],[8.465,46.993]],[[8.442,47.113],[8.624,47.096],[8.683,47.165]],[[8.562,46.988],[8.708,46.923],[8.818,46.933],[8.845,46.89],[8.93,46.922]],[[8.562,46.988],[8.465,46.993]],[[8.562,46.988],[8.459,46.905],[8.473,46.856]],[[8.93,46.922],[8.959,46.961],[8.89,47.026],[8.985,47.169]],[[8.93,46.922],[8.948,46.88],[8.872,46.815]],[[8.985,47.169],[8.955,47.214],[8.775,47.221]],[[8.985,47.169],[9.18,47.122],[9.132,47.042],[9.219,47.027],[9.241,46.92]],[[8.775,47.221],[8.93,47.275],[8.969,47.317],[8.932,47.38]],[[8.775,47.221],[8.683,47.165]],[[8.465,46.993],[8.227,46.972]],[[8.683,47.165],[8.407,47.246]],[[8.446,46.769],[8.409,46.656]],[[8.446,46.769],[8.392,46.775]],[[8.446,46.769],[8.473,46.856]],[[8.409,46.656],[8.412,46.581],[8.477,46.532]],[[8.409,46.656],[8.266,46.535],[8.003,46.557],[7.723,46.42],[7.624,46.443],[7.51,46.376],[7.228,46.331]],[[7.062,46.978],[7.225,47.002],[7.206,46.906],[7.356,46.891],[7.304,46.748],[7.378,46.656],[7.243,46.556]],[[7.062,46.978],[7.021,46.99]],[[7.062,46.978],[7.107,46.901],[7.041,46.852],[6.946,46.947]],[[7.243,46.556],[7,46.445],[6.919,46.519],[6.827,46.517],[6.905,46.569],[6.807,46.581],[6.809,46.651],[6.872,46.664],[7.001,46.844],[6.907,46.925]],[[7.243,46.556],[7.203,46.437],[7.228,46.331]],[[7.021,46.99],[6.946,46.947]],[[7.021,46.99],[7.09,47.091],[7.039,47.123],[6.877,47.09],[6.85,47.165]],[[7.839,47.232],[7.873,47.048],[7.952,47.003],[7.876,46.924],[7.871,46.85],[7.977,46.779],[8.044,46.788]],[[7.839,47.232],[7.823,47.269]],[[8.044,46.788],[8.28,46.759],[8.368,46.789]],[[8.044,46.788],[8.077,46.898],[8.227,46.972]],[[8.392,46.775],[8.368,46.789]],[[8.392,46.775],[8.422,46.783],[8.364,46.872],[8.473,46.856]],[[8.368,46.789],[8.327,46.818],[8.308,46.967],[8.227,46.972]],[[7.556,47.318],[7.349,47.217],[7.393,47.161],[7.491,47.165],[7.388,47.096],[7.465,47.08],[7.553,47.165],[7.673,47.172],[7.583,47.278],[7.823,47.269]],[[7.556,47.318],[7.175,47.297],[7.155,47.248],[6.85,47.165]],[[7.823,47.269],[8.022,47.368],[7.955,47.458]],[[7.437,47.379],[7.576,47.413],[7.664,47.492],[7.713,47.467],[7.645,47.372],[7.786,47.339],[7.955,47.458]],[[7.437,47.379],[7.384,47.413]],[[6.85,47.165],[6.838,47.168]],[[7.384,47.413],[7.455,47.421],[7.421,47.451]],[[7.384,47.413],[7.337,47.432]],[[7.384,47.413],[7.388,47.433]],[[15.647,46.594],[15.755,46.573]],[[15.647,46.594],[15.646,46.643]],[[15.647,46.594],[15.52,46.648]],[[15.755,46.573],[15.771,46.634]],[[15.755,46.573],[15.754,46.547]],[[15.754,46.547],[15.732,46.505]],[[15.754,46.547],[15.816,46.497]],[[15.732,46.505],[15.696,46.512]],[[15.732,46.505],[15.733,46.503]],[[15.696,46.512],[15.564,46.51]],[[15.696,46.512],[15.71,46.465]],[[15.564,46.51],[15.539,46.497]],[[15.564,46.51],[15.56,46.562]],[[15.56,46.562],[15.514,46.633]],[[15.56,46.562],[15.46,46.55]],[[15.646,46.643],[15.716,46.676],[15.771,46.634]],[[15.646,46.643],[15.622,46.678]],[[15.8,46.647],[15.771,46.634]],[[15.8,46.647],[15.804,46.7]],[[15.8,46.647],[15.863,46.611]],[[15.804,46.7],[15.785,46.712]],[[15.804,46.7],[15.889,46.663]],[[15.323,46.511],[15.371,46.587],[15.443,46.585]],[[15.323,46.511],[15.27,46.573]],[[15.323,46.511],[15.312,46.492]],[[15.443,46.585],[15.435,46.627]],[[15.443,46.585],[15.46,46.55]],[[15.27,46.573],[15.199,46.529]],[[15.27,46.573],[15.333,46.644]],[[14.924,46.505],[14.9,46.504]],[[14.924,46.505],[14.966,46.489]],[[14.924,46.505],[14.945,46.563],[14.894,46.605]],[[14.9,46.504],[14.797,46.519]],[[14.9,46.504],[14.815,46.551]],[[14.966,46.489],[15.01,46.55]],[[14.966,46.489],[14.956,46.46]],[[15.01,46.55],[15.103,46.57]],[[15.01,46.55],[14.92,46.615]],[[15.183,46.619],[15.199,46.529]],[[15.183,46.619],[15.126,46.601]],[[15.183,46.619],[15.173,46.641]],[[15.199,46.529],[15.189,46.517]],[[15.126,46.601],[15.103,46.57]],[[15.126,46.601],[15.086,46.648]],[[15.103,46.57],[15.189,46.517]],[[142.999,-6.837],[142.68,-6.809],[142.639,-5.939],[142.201,-5.531],[142.209,-5.407]],[[142.999,-6.837],[143.685,-6.836],[144.715,-6.739]],[[146.626,-7.771],[146.716,-7.839],[146.742,-7.959],[146.992,-8]],[[146.626,-7.771],[146.411,-7.627],[146.096,-7.536],[145.846,-7.237]],[[145.038,-5.788],[145.166,-5.875]],[[145.038,-5.788],[144.848,-5.551],[144.505,-5.3],[144.341,-5.243],[144.247,-5.263]],[[145.038,-5.788],[144.799,-5.785],[144.806,-5.942],[144.712,-6.024],[144.741,-6.133],[144.697,-6.252],[144.605,-6.394],[144.54,-6.368]],[[145.166,-5.875],[145.365,-5.86],[145.458,-5.958],[145.607,-5.917],[145.868,-5.996]],[[145.166,-5.875],[145.15,-6.064],[145.245,-6.155],[145.26,-6.301],[145.164,-6.41],[145.049,-6.415],[144.986,-6.477],[145.201,-6.674],[145.317,-6.694],[145.302,-6.875]],[[144.715,-6.739],[144.928,-6.738],[145.302,-6.875]],[[144.715,-6.739],[144.544,-6.589],[144.457,-6.572],[144.451,-6.484],[144.536,-6.438],[144.54,-6.368]],[[145.302,-6.875],[145.846,-7.237]],[[143.969,-4.981],[144.247,-5.263]],[[143.969,-4.981],[143.064,-5.072],[142.763,-5.02]],[[144.247,-5.263],[144.201,-5.349],[144.048,-5.43],[144.117,-5.589],[144.096,-5.696],[143.772,-5.868],[143.805,-5.936]],[[142.763,-5.02],[142.324,-4.968]],[[142.763,-5.02],[142.789,-5.505],[142.894,-5.641],[143.248,-5.778],[143.493,-5.957],[143.805,-5.936]],[[146.793,-5.816],[146.48,-5.999],[145.868,-5.996]],[[145.868,-5.996],[146.129,-6.249],[145.992,-6.738],[146.015,-6.884],[145.937,-6.972],[145.846,-7.237]],[[146.992,-8],[147.595,-8.505],[147.619,-8.562],[147.51,-8.753],[147.512,-8.866],[147.739,-9.161],[147.801,-9.155],[147.948,-9.309],[148.037,-9.441],[148.056,-9.584],[148.314,-9.758],[148.39,-9.755],[148.809,-9.961],[148.976,-9.928],[148.956,-9.786]],[[146.992,-8],[147.977,-8.004]],[[144.54,-6.368],[144.013,-6.018],[143.805,-5.936]],[[142.324,-4.968],[142.352,-5.196],[142.293,-5.352],[142.209,-5.407]],[[142.209,-5.407],[140.977,-4.988]],[[28.843,47.095],[28.785,47.139],[28.79,47.203]],[[28.843,47.095],[28.949,47.027],[28.967,47.059],[28.974,47.01]],[[28.843,47.095],[28.662,47.139],[28.772,47.053]],[[28.79,47.203],[28.827,47.265],[29.022,47.333]],[[28.79,47.203],[28.655,47.331],[28.58,47.332]],[[29.292,47.136],[29.24,46.976],[29.115,46.987],[29.057,47.042],[28.974,47.01]],[[29.292,47.136],[29.277,47.196],[29.371,47.304]],[[29.292,47.136],[29.188,47.163],[29.189,47.112],[29.124,47.074],[29.069,47.102],[29.179,47.197],[29.163,47.231]],[[29.292,47.136],[29.382,47.042],[29.295,46.992],[29.316,46.959],[29.462,46.951]],[[28.974,47.01],[28.908,46.961]],[[29.022,47.333],[28.982,47.363],[29.082,47.406],[29.108,47.469]],[[29.022,47.333],[29.074,47.246],[29.151,47.245]],[[29.163,47.231],[29.151,47.245]],[[29.163,47.231],[29.174,47.29],[29.125,47.274],[29.151,47.245]],[[28.534,47.756],[28.637,47.717]],[[28.534,47.756],[28.439,47.806],[28.478,47.889]],[[28.534,47.756],[28.405,47.688]],[[28.637,47.717],[28.611,47.667],[28.718,47.605],[28.709,47.555]],[[28.637,47.717],[28.766,47.736],[28.841,47.832],[28.963,47.842],[28.942,47.883]],[[28.478,47.889],[28.506,47.959],[28.467,47.997]],[[28.478,47.889],[28.637,47.842],[28.683,47.934],[28.785,47.983],[28.829,47.917],[28.942,47.883]],[[28.709,47.555],[28.793,47.533],[28.905,47.599],[29.027,47.529]],[[28.709,47.555],[28.521,47.418]],[[29.027,47.529],[29.108,47.469]],[[29.027,47.529],[28.976,47.743],[29.018,47.854],[28.942,47.883]],[[28.942,47.883],[28.936,47.942]],[[29.108,47.469],[29.137,47.484]],[[29.57,46.724],[29.758,46.659],[29.728,46.594],[29.899,46.553]],[[29.57,46.724],[29.45,46.824]],[[29.57,46.724],[29.573,46.666],[29.43,46.606],[29.457,46.484]],[[28.763,46.417],[28.586,46.503]],[[28.763,46.417],[28.952,46.555],[29.065,46.546],[29.056,46.499]],[[28.763,46.417],[28.705,46.3],[28.804,46.296],[28.825,46.235],[28.915,46.218],[28.916,46.167]],[[28.586,46.503],[28.584,46.669]],[[28.586,46.503],[28.472,46.426]],[[28.472,46.426],[28.513,46.326],[28.441,46.097]],[[28.472,46.426],[28.227,46.396]],[[28.441,46.097],[28.459,46.088]],[[28.441,46.097],[28.111,46.101]],[[28.487,47.049],[28.736,46.823]],[[28.487,47.049],[28.505,47.064]],[[28.487,47.049],[28.424,46.937],[28.342,47.042],[28.343,46.994],[28.223,46.905],[28.105,46.92]],[[28.736,46.823],[28.971,46.804]],[[28.736,46.823],[28.584,46.669]],[[28.584,46.669],[28.577,46.708],[28.399,46.724],[28.36,46.691],[28.377,46.621],[28.245,46.631]],[[28.459,46.088],[28.571,46.064],[28.622,45.967],[28.663,45.968],[28.828,46.01],[28.916,46.167]],[[28.459,46.088],[28.468,45.924],[28.392,45.866]],[[28.392,45.866],[28.302,45.761],[28.338,45.671],[28.46,45.697],[28.515,45.803]],[[28.392,45.866],[28.515,45.803]],[[28.515,45.803],[28.564,45.735]],[[28.504,45.566],[28.28,45.585],[28.27,45.521]],[[29.863,41.151],[29.849,41.029],[29.647,40.91],[29.451,41.009],[29.254,40.875]],[[32.507,40.705],[32.443,40.673],[32.477,40.539],[32.315,40.415],[32.177,40.431],[31.568,40.308],[31.069,40.411],[31.007,40.242],[30.864,40.143]],[[32.507,40.705],[32.665,40.698],[32.959,40.594],[33.271,40.331],[33.345,40.338],[33.378,40.397],[33.595,40.34]],[[32.507,40.705],[32.526,40.789]],[[30.864,40.143],[30.739,40.168]],[[30.864,40.143],[30.946,40.015],[31.247,40.058],[31.727,40.024],[31.757,39.92],[31.88,39.838],[31.847,39.726],[31.961,39.566],[31.983,39.348],[32.043,39.275],[31.861,39.171]],[[30.626,40.331],[30.739,40.168]],[[30.626,40.331],[30.595,40.449],[30.691,40.574],[30.825,40.596],[30.828,40.689],[30.891,40.727]],[[30.626,40.331],[30.499,40.34],[30.426,40.394],[30.081,40.391],[29.941,40.534]],[[30.739,40.168],[30.555,40.115],[30.491,39.965],[30.245,39.85],[30.235,39.748],[30.136,39.639]],[[32.526,40.789],[32.492,40.868],[32.278,40.949],[32.284,41.004],[32.149,41.019]],[[32.526,40.789],[32.796,40.963],[33.027,41.012],[33.069,41.093]],[[30.891,40.727],[30.869,40.922],[30.962,41.022],[30.956,41.082]],[[30.891,40.727],[31.346,40.68],[31.422,40.725],[31.463,40.85],[31.733,40.911],[31.799,41.042]],[[32.149,41.019],[31.799,41.042]],[[32.149,41.019],[32.198,41.242],[32.287,41.331]],[[31.799,41.042],[31.556,41.059],[31.346,41.151]],[[79.85,11.955],[79.778,11.914],[79.769,11.977],[79.672,11.982],[79.703,11.858],[79.811,11.833]],[[75.222,12.022],[75.223,12.1],[75.397,12.143],[75.31,12.094],[75.304,12.043]],[[79.847,10.98],[79.737,10.986],[79.743,10.944],[79.704,10.944],[79.847,10.81]],[[77.585,30.383],[77.662,30.395],[77.946,30.228],[77.746,29.977],[77.831,29.66],[77.967,29.724],[78.107,29.655],[78.155,29.675],[78.198,29.748],[78.155,29.925],[78.218,29.954],[78.643,29.538],[78.92,29.422],[78.714,29.291],[78.868,29.215],[78.914,29.106],[79.056,29.152],[79.296,28.972],[79.371,28.97],[79.444,28.85],[79.813,28.877],[79.834,28.806],[79.887,28.818],[79.972,28.733],[80.073,28.821]],[[77.585,30.383],[77.434,30.421],[77.452,30.455],[77.381,30.429],[77.208,30.477],[77.134,30.554],[77.115,30.722],[77.002,30.777],[76.906,30.899],[76.768,30.908]],[[77.585,30.383],[77.57,30.278],[77.23,29.977],[77.058,29.555],[77.12,29.484],[77.066,29.425],[77.148,29.415],[77.134,29.116],[77.201,28.877]],[[77.585,30.383],[77.576,30.429],[77.813,30.521],[77.743,30.601],[77.771,30.635],[77.706,30.791],[77.793,30.896],[77.75,30.98],[77.929,31.165],[78.313,31.294],[78.501,31.22],[78.793,31.207],[78.87,31.122],[78.993,31.131],[78.879,31.3]],[[75.847,32.517],[75.913,32.419],[75.613,32.251],[75.615,32.197],[75.661,32.189],[75.581,32.077],[75.88,31.972],[76.158,31.339],[76.275,31.31],[76.36,31.43],[76.439,31.3],[76.624,31.226],[76.615,31.03],[76.768,30.908]],[[75.847,32.517],[75.502,32.301],[75.442,32.36],[75.298,32.332]],[[75.847,32.517],[75.926,32.641],[75.909,32.773],[75.815,32.932],[75.955,32.901],[76.397,33.198],[76.542,33.233],[76.74,33.197]],[[76.768,30.908],[76.833,30.842],[76.815,30.789]],[[77.281,27.809],[77.34,27.55],[77.443,27.396],[77.602,27.329],[77.657,27.203],[77.503,27.08],[77.719,27.016],[77.423,26.884],[77.398,26.779],[77.72,26.934],[78.016,26.867],[78.107,26.947],[78.223,26.937],[78.247,26.918],[78.173,26.869],[78.2,26.824]],[[77.281,27.809],[77.529,27.953],[77.468,28.047],[77.539,28.181],[77.467,28.315],[77.497,28.393],[77.327,28.52]],[[77.281,27.809],[77.052,27.811],[77.078,27.746],[76.896,27.679],[76.941,28.135],[76.843,28.234],[76.647,28.086],[76.658,28.017],[76.559,27.971],[76.446,28.065],[76.477,28.085],[76.442,28.122],[76.483,28.117],[76.453,28.163],[76.303,28.199],[76.333,28.052],[76.254,28.08],[76.16,28.044],[76.209,27.827],[75.988,27.848],[75.926,27.938],[75.986,27.971],[76.03,28.102],[75.941,28.118],[76.032,28.188],[76.081,28.175],[75.958,28.343],[75.773,28.433],[75.594,28.643],[75.486,28.927],[75.519,28.989],[75.393,29.106],[75.388,29.258],[75.338,29.235],[75.314,29.299],[75.08,29.236],[74.831,29.404],[74.605,29.338],[74.537,29.441],[74.61,29.488],[74.575,29.59],[74.605,29.755],[74.459,29.763],[74.547,29.861],[74.517,29.947]],[[78.2,26.824],[78.351,26.858],[78.564,26.758],[78.71,26.799],[78.861,26.701],[78.926,26.706],[79.061,26.355],[78.938,26.255],[78.953,26.1],[78.74,25.79],[78.748,25.643],[78.371,25.553],[78.251,25.398],[78.366,25.186],[78.325,25.002],[78.169,24.865],[78.272,24.624],[78.224,24.519],[78.35,24.408],[78.356,24.309],[78.423,24.318],[78.489,24.411],[78.81,24.22],[78.972,24.423],[78.871,24.626],[78.72,24.656],[78.724,24.849],[78.514,25.273],[78.582,25.407],[78.728,25.346],[78.727,25.494],[78.782,25.524],[78.836,25.42],[78.891,25.538],[78.909,25.441],[78.96,25.427],[78.87,25.181],[78.999,25.283],[79.047,25.257],[79.024,25.175],[79.28,25.164],[79.262,25.296],[79.312,25.365],[79.31,25.244],[79.442,25.297],[79.339,25.147],[79.358,25.071],[79.399,25.141],[79.48,25.106],[79.554,25.179],[79.863,25.153],[79.84,25.241],[80.198,25.416],[80.284,25.414],[80.322,25.288],[80.422,25.186],[80.27,25.089],[80.297,25.012],[80.407,25.013],[80.407,25.064],[80.478,25.018],[80.514,25.05],[80.458,25.117],[80.546,25.108],[80.565,25.152],[80.639,25.073],[80.718,25.082],[80.666,25.15],[80.835,25.218],[80.859,25.188],[80.762,24.983],[81.005,24.966],[81.098,24.909],[81.181,24.958],[81.243,25.17],[81.418,25.104],[81.469,25.127],[81.425,25.165],[81.537,25.2],[81.578,25.085],[81.842,25.027],[81.873,24.93],[81.956,24.871],[82.122,24.808],[82.209,24.843],[82.208,24.764],[82.263,24.791],[82.265,24.715],[82.323,24.694],[82.307,24.632],[82.41,24.636],[82.441,24.721],[82.595,24.688],[82.708,24.722],[82.772,24.668],[82.818,24.581],[82.734,24.552],[82.765,24.33],[82.733,24.214],[82.674,24.18],[82.801,23.999]],[[78.2,26.824],[78.101,26.795],[78.079,26.683],[77.903,26.664],[77.715,26.506],[77.442,26.413],[77.21,26.242],[77.019,26.172],[76.74,25.923],[76.641,25.92],[76.546,25.848],[76.481,25.732],[76.551,25.46],[76.766,25.335],[76.923,25.306],[77.181,25.343],[77.281,25.443],[77.359,25.412],[77.382,25.143],[76.999,25.088],[76.847,25.012],[76.882,24.891],[76.783,24.827],[77.015,24.699],[77.061,24.578],[76.922,24.496],[76.876,24.565],[76.807,24.565],[76.82,24.337],[76.894,24.23],[76.863,24.175],[76.767,24.16],[76.669,24.224],[76.661,24.31],[76.512,24.209],[76.456,24.265],[76.215,24.284],[76.174,24.351],[76.124,24.312],[76.117,24.134],[75.985,24.037],[75.987,23.965],[75.793,23.882],[75.729,23.916],[75.693,23.789],[75.597,23.818],[75.486,23.989],[75.529,24.043],[75.73,24.001],[75.806,24.098],[75.746,24.172],[75.804,24.293],[75.734,24.424],[75.765,24.493],[75.874,24.501],[75.813,24.718],[75.747,24.78],[75.448,24.703],[75.192,24.732],[75.187,24.893],[75.297,24.839],[75.406,24.89],[75.245,24.911],[75.32,24.935],[75.319,25.06],[75.133,25.04],[75.095,24.897],[74.995,24.864],[74.817,24.927],[74.833,24.801],[74.979,24.777],[74.957,24.683],[74.881,24.665],[74.781,24.782],[74.784,24.668],[74.712,24.524],[74.847,24.436],[74.731,24.268],[74.87,24.236],[74.968,24.041],[74.903,23.855],[74.935,23.666],[74.853,23.527],[74.631,23.42],[74.521,23.29],[74.72,23.169],[74.323,23.036]],[[71.057,24.693],[71.222,24.637],[71.546,24.688],[71.821,24.636],[71.857,24.685],[71.935,24.658],[72.051,24.708],[72.173,24.634],[72.328,24.642],[72.249,24.593],[72.414,24.523],[72.457,24.431],[72.545,24.51],[72.718,24.39],[72.897,24.361],[72.955,24.385],[72.995,24.49],[73.091,24.507],[73.097,24.404],[73.217,24.369],[73.108,24.292],[73.102,24.159],[73.246,24.016],[73.354,24.105],[73.424,23.941],[73.368,23.9],[73.358,23.787],[73.503,23.702],[73.504,23.603],[73.566,23.635],[73.615,23.602],[73.627,23.439],[73.803,23.439],[73.885,23.339],[73.96,23.359],[74.098,23.26],[74.122,23.17],[74.233,23.156],[74.323,23.036]],[[74.323,23.036],[74.359,22.884],[74.459,22.822],[74.376,22.651],[74.151,22.51],[74.025,22.491],[74.098,22.417],[74.246,22.386],[74.197,22.333],[74.059,22.321],[74.141,22.071],[74.129,21.952]],[[73.947,30.204],[73.971,30.142],[73.887,29.984],[74.517,29.947]],[[74.517,29.947],[74.651,29.914],[74.816,29.986],[74.996,29.873],[75.095,29.928],[75.1,29.827],[75.148,29.793],[75.193,29.833],[75.238,29.752],[75.172,29.688],[75.249,29.56],[75.452,29.809],[75.699,29.769],[75.797,29.83],[75.887,29.749],[76.044,29.758],[76.226,29.869],[76.177,29.946],[76.253,30.089],[76.214,30.137],[76.373,30.117],[76.409,30.186],[76.455,30.102],[76.531,30.084],[76.641,30.198],[76.539,30.245],[76.73,30.35],[76.728,30.42],[76.829,30.427],[76.9,30.372],[76.901,30.599],[76.827,30.681]],[[83.523,24.53],[83.398,24.493],[83.454,24.362],[83.337,24.14]],[[83.523,24.53],[83.524,24.746],[83.355,24.875],[83.323,25.079],[83.357,25.213],[83.887,25.517],[84.143,25.736],[84.213,25.728],[84.222,25.661],[84.276,25.641],[84.326,25.663],[84.326,25.749],[84.524,25.7],[84.612,25.787],[84.374,25.94],[84.261,25.931],[83.988,26.209],[84.008,26.251],[84.186,26.285],[84.186,26.395],[84.016,26.473],[83.926,26.465],[83.926,26.546],[83.963,26.516],[84.054,26.565],[84.099,26.65],[84.394,26.654],[84.246,26.757],[84.226,26.892],[84.149,26.876],[84.071,26.924],[83.853,27.346]],[[83.523,24.53],[83.918,24.544],[84.022,24.639],[84.131,24.47],[84.157,24.511],[84.19,24.477],[84.203,24.521],[84.305,24.531],[84.314,24.443],[84.484,24.303],[84.798,24.497],[84.909,24.354],[85.081,24.393],[85.089,24.342],[85.281,24.487],[85.517,24.499],[85.578,24.558],[85.657,24.558],[85.647,24.649],[85.719,24.754],[85.831,24.771],[85.912,24.698],[86.04,24.75],[86.126,24.581],[86.29,24.552],[86.276,24.435],[86.439,24.34],[86.494,24.48],[86.586,24.561],[86.702,24.548],[86.755,24.588],[86.89,24.532],[86.918,24.613],[87.042,24.588],[87.121,24.986],[87.186,25.062],[87.261,25.064],[87.303,25.184],[87.423,25.189],[87.523,25.324],[87.784,25.214]],[[83.337,24.14],[83.221,23.954],[83.116,23.915],[82.936,23.92],[82.801,23.999]],[[83.337,24.14],[83.518,24.075],[83.54,23.957],[83.712,23.801],[83.762,23.597],[83.916,23.564],[83.924,23.623],[83.986,23.639],[84.015,23.554],[83.944,23.383],[84.028,23.358],[84.029,23.146],[84.119,22.996],[84.152,23.024],[84.331,22.97],[84.337,22.862],[83.97,22.539]],[[77.327,28.52],[77.313,28.707],[77.201,28.877]],[[77.327,28.52],[77.194,28.433],[77.003,28.559],[76.873,28.519],[76.835,28.571],[76.947,28.696],[76.954,28.835],[77.201,28.877]],[[72.947,20.127],[72.892,20.252],[73.065,20.337],[73.123,20.278],[73.037,20.212],[73.046,20.149],[73.155,20.178],[73.166,20.115]],[[72.947,20.127],[72.708,20.073]],[[72.947,20.127],[72.997,20.04],[73.143,20.027],[73.166,20.115]],[[73.166,20.115],[73.231,20.126],[73.263,20.191],[73.383,20.186],[73.361,20.369],[73.459,20.538],[73.364,20.648],[73.434,20.716],[73.63,20.564],[73.7,20.562],[73.792,20.606],[73.899,20.751],[73.868,20.975],[73.552,21.191],[73.696,21.165],[73.808,21.286],[73.919,21.292],[74.042,21.462],[74.297,21.52],[74.28,21.574],[73.821,21.508],[73.757,21.596],[73.839,21.682],[73.809,21.836],[74.129,21.952]],[[76.815,30.789],[76.694,30.764],[76.781,30.673],[76.827,30.681]],[[76.815,30.789],[76.827,30.681]],[[82.801,23.999],[82.768,23.929],[82.532,23.775],[81.937,23.841],[81.809,23.795],[81.682,23.885],[81.62,23.868],[81.686,23.707],[81.591,23.561],[81.628,23.488],[81.759,23.544],[81.928,23.495],[82.034,23.368],[82.186,23.309],[82.157,23.148],[82.129,23.096],[81.946,23.043],[81.94,22.946],[81.779,22.836],[81.766,22.664],[81.642,22.551],[81.418,22.437],[81.358,22.498],[81.235,22.444],[81.165,22.465],[81.119,22.295],[80.986,22.115],[81.002,22.063],[80.903,22.085],[80.822,21.803],[80.74,21.741],[80.679,21.351]],[[74.129,21.952],[74.249,21.93],[74.408,22.023],[74.486,21.946],[74.521,21.718],[74.708,21.611],[75.011,21.573],[75.209,21.403],[76.083,21.368],[76.143,21.193],[76.109,21.153],[76.167,21.094],[76.287,21.075],[76.626,21.209],[76.637,21.349],[76.777,21.48],[76.814,21.6],[77.116,21.724],[77.219,21.701],[77.333,21.774],[77.474,21.767],[77.548,21.707],[77.575,21.548],[77.432,21.534],[77.494,21.391],[77.91,21.401],[78.366,21.625],[78.413,21.606],[78.428,21.508],[78.8,21.489],[78.918,21.514],[78.95,21.59],[79.216,21.655],[79.259,21.714],[79.486,21.663],[79.565,21.539],[79.759,21.594],[79.85,21.529],[80.005,21.548],[80.187,21.639],[80.403,21.48],[80.403,21.394],[80.484,21.402],[80.626,21.326],[80.679,21.351]],[[-111.05,42],[-111.05,41],[-109.046,41]],[[-111.05,42],[-111.051,44.498]],[[-111.05,42],[-114.043,42]],[[-109.046,41],[-104.054,41]],[[-109.046,41],[-109.047,37]],[[-114.043,42],[-114.04,37.003]],[[-114.043,42],[-117.017,42]],[[-114.04,37.003],[-109.047,37]],[[-114.04,37.003],[-114.042,36.22],[-114.124,36.046],[-114.257,36.032],[-114.366,36.147],[-114.555,36.161],[-114.721,36.093],[-114.74,35.986],[-114.667,35.874],[-114.668,35.517],[-114.572,35.213],[-114.582,35.151],[-114.636,35.137],[-114.628,35.004]],[[-109.047,37],[-109.047,31.327]],[[-109.047,37],[-103.001,37]],[[-104.054,41],[-104.053,43]],[[-104.054,41],[-102.052,41],[-102.051,40]],[[-103.001,37],[-103,36.5]],[[-103.001,37],[-102.04,37]],[[-103,36.5],[-103.042,36.5],[-103.066,32.002],[-106.662,32],[-106.601,31.836],[-106.506,31.77]],[[-103,36.5],[-100.002,36.5],[-99.999,34.575],[-99.882,34.565],[-99.681,34.395],[-99.416,34.38],[-99.362,34.462],[-99.192,34.322],[-99.176,34.221],[-98.975,34.216],[-98.72,34.137],[-98.586,34.157],[-98.491,34.075],[-98.343,34.143],[-98.107,34.15],[-98.088,34.028],[-97.956,33.995],[-97.927,33.873],[-97.84,33.868],[-97.641,33.995],[-97.586,33.906],[-97.469,33.892],[-97.436,33.827],[-97.267,33.855],[-97.212,33.91],[-97.178,33.869],[-97.201,33.787],[-97.144,33.725],[-97.094,33.742],[-97.075,33.862],[-97.018,33.859],[-96.933,33.957],[-96.851,33.872],[-96.748,33.849],[-96.601,33.905],[-96.582,33.839],[-96.41,33.787],[-96.329,33.702],[-96.29,33.763],[-96.203,33.764],[-96.147,33.828],[-95.938,33.896],[-95.783,33.855],[-95.77,33.896],[-95.598,33.952],[-95.497,33.875],[-95.357,33.868],[-95.22,33.963],[-94.967,33.855],[-94.873,33.756],[-94.484,33.647]],[[-104.048,48.993],[-104.045,45.942]],[[-104.045,45.942],[-104.057,45]],[[-104.045,45.942],[-96.556,45.942]],[[-104.057,45],[-104.053,43]],[[-104.057,45],[-111.051,45],[-111.051,44.498]],[[-104.053,43],[-98.485,43],[-98.007,42.784],[-97.839,42.872],[-97.276,42.884],[-97.127,42.79],[-96.697,42.672],[-96.629,42.543],[-96.483,42.518]],[[-96.556,45.942],[-96.602,46.324],[-96.715,46.445],[-96.795,46.642],[-96.759,46.921],[-96.828,47.002],[-96.856,47.602],[-97.122,48.133],[-97.157,48.534],[-97.101,48.651],[-97.226,48.993]],[[-96.556,45.942],[-96.642,45.759],[-96.863,45.601],[-96.708,45.422],[-96.566,45.394],[-96.454,45.297],[-96.454,43.5]],[[-102.051,40],[-102.04,37]],[[-102.051,40],[-95.317,40]],[[-96.483,42.518],[-96.524,42.653],[-96.638,42.751],[-96.455,43.122],[-96.481,43.217],[-96.571,43.229],[-96.533,43.375],[-96.599,43.496],[-96.454,43.5]],[[-96.483,42.518],[-96.397,42.497],[-96.342,42.181],[-96.154,41.988],[-96.153,41.898],[-96.064,41.796],[-96.082,41.55],[-95.988,41.534],[-96,41.48],[-95.924,41.455],[-95.958,41.338],[-95.87,41.309],[-95.925,41.224],[-95.853,41.176],[-95.882,41.065],[-95.828,40.794],[-95.869,40.729],[-95.773,40.661],[-95.768,40.6]],[[-102.04,37],[-94.618,37]],[[-95.317,40],[-95.42,40.045],[-95.404,40.114],[-95.478,40.249],[-95.65,40.311],[-95.696,40.518],[-95.768,40.549],[-95.768,40.6]],[[-95.317,40],[-95.091,39.861],[-94.948,39.901],[-94.875,39.742],[-94.969,39.739],[-95.111,39.55],[-94.9,39.385],[-94.83,39.217],[-94.61,39.144],[-94.618,37]],[[-94.484,33.647],[-94.387,33.562],[-94.193,33.594],[-94.047,33.554],[-94.041,33.011]],[[-94.484,33.647],[-94.439,35.386],[-94.618,36.5]],[[-94.618,37],[-94.618,36.5]],[[-96.454,43.5],[-91.25,43.501]],[[-95.768,40.6],[-94.131,40.575],[-91.731,40.619],[-91.442,40.38]],[[9.731,36.443],[9.572,36.405],[9.391,36.44],[9.31,36.355],[9.118,36.373],[9.012,36.449]],[[8.917,36.438],[9.012,36.449]],[[8.917,36.438],[8.355,36.356]],[[9.553,36.829],[9.808,36.956],[9.98,36.932],[10.097,37.103],[10.218,37.129]],[[9.553,36.829],[9.373,36.735],[9.364,36.852],[9.254,36.909],[9.184,37.036],[9.081,37.057],[9.079,37.167]],[[9.012,36.449],[9.073,36.554],[9.021,36.743],[8.914,36.78],[8.977,36.867],[8.896,37.019]],[[8.669,34.091],[8.534,33.914],[7.918,33.499],[7.708,33.411]],[[8.669,34.091],[8.358,34.092],[8.298,34.172],[8.166,34.206],[8.028,34.319],[8.144,34.394],[8.102,34.536]],[[-61.496,10.636],[-61.511,10.676]],[[-61.41,10.566],[-61.369,10.566]],[[-61.369,10.566],[-61.239,10.591]],[[-61.239,10.591],[-61.201,10.625],[-61.24,10.723],[-61.157,10.769],[-61.172,10.804]],[[-61.239,10.591],[-61.197,10.456]],[[-61.244,10.307],[-61.197,10.456]],[[-61.244,10.307],[-61.428,10.31]],[[-61.197,10.456],[-61.038,10.464]],[[-61.428,10.31],[-61.441,10.259]],[[-61.441,10.259],[-61.49,10.249]],[[-61.441,10.259],[-61.373,10.217],[-61.379,10.073]],[[104.813,16.191],[104.988,16.294]],[[104.813,16.191],[104.679,16.241],[104.631,16.215],[104.497,16.342],[104.356,16.323]],[[104.813,16.191],[104.576,16.096],[104.464,15.909],[104.425,15.721],[104.444,15.635],[104.512,15.583]],[[102.071,16.885],[101.791,16.766]],[[102.071,16.885],[102.195,16.857],[102.275,16.889],[102.337,16.82],[102.563,16.761],[102.612,16.77],[102.676,16.944]],[[102.071,16.885],[102.035,16.953],[102.151,17.022],[101.946,17.198],[102.024,17.323],[101.985,17.441],[102.125,17.483],[102.121,17.583]],[[101.791,16.766],[101.751,16.67]],[[101.791,16.766],[101.722,16.766],[101.713,16.92],[101.639,17.048],[101.562,16.993],[101.46,17.076],[101.32,17.065],[101.21,17.116],[101.126,17.031],[101.122,16.93],[101.066,16.906]],[[100.938,17.555],[100.883,17.467],[100.906,17.336],[100.988,17.327],[101.093,17.227],[101.024,16.999],[101.066,16.906]],[[101.066,16.906],[100.898,16.794],[100.926,16.688],[100.856,16.644],[100.795,16.456],[100.668,16.347]],[[102.058,18.088],[102.107,18.212]],[[102.058,18.088],[102.154,17.993],[102.205,18.019],[102.327,17.95],[102.463,17.759],[102.54,17.751],[102.665,17.596],[102.752,17.607],[102.848,17.7],[102.885,17.885],[102.983,17.823],[103.059,17.886],[103.169,17.802],[103.261,17.879],[103.308,17.832],[103.4,17.866]],[[102.058,18.088],[102.025,17.733],[102.121,17.583]],[[103.436,17.99],[103.381,17.98],[103.4,17.866]],[[103.436,17.99],[103.542,18.062],[103.636,18.009],[103.634,17.965],[103.74,17.911],[103.762,17.945],[103.786,17.848],[103.899,17.875],[103.939,17.786],[104.01,17.801]],[[103.436,17.99],[103.322,18.077],[103.372,18.189],[103.3,18.236],[103.296,18.297]],[[103.4,17.866],[103.368,17.786],[103.397,17.599],[103.29,17.5],[103.247,17.307],[103.591,17.161],[103.65,17.044]],[[104.01,17.801],[104.076,17.675],[104.009,17.476],[104.051,17.391],[104.415,17.415],[104.444,17.247],[104.362,17.083],[104.394,17.022],[104.239,16.896]],[[104.01,17.801],[104.006,17.923],[104.108,17.864],[104.125,18],[104.203,18.019]],[[104.239,16.896],[104.137,16.893],[104.073,16.833]],[[104.239,16.896],[104.529,16.815],[104.667,16.827],[104.734,16.749],[104.758,16.819]],[[104.073,16.833],[104.184,16.667],[104.244,16.433]],[[104.073,16.833],[104.019,16.854],[103.938,16.78],[103.65,17.044]],[[100.212,14.955],[100.232,14.79]],[[100.212,14.955],[100.14,14.924],[100.045,14.963],[99.97,14.909],[99.726,14.961]],[[100.212,14.955],[100.306,15],[100.267,15.033],[100.309,15.168]],[[100.232,14.79],[100.197,14.564],[100.254,14.486]],[[100.232,14.79],[100.338,14.794],[100.477,14.725]],[[99.726,14.961],[99.652,14.993],[99.634,14.947],[99.564,14.957],[99.323,15.072],[99.28,15]],[[99.726,14.961],[99.809,15.088],[99.722,15.289],[99.764,15.317],[100.058,15.263],[100.058,15.42]],[[100.309,15.168],[100.443,15.06]],[[100.309,15.168],[100.231,15.335],[100.058,15.42]],[[100.254,14.486],[100.282,14.383],[100.221,14.177]],[[100.254,14.486],[100.414,14.509],[100.428,14.445],[100.499,14.455],[100.516,14.686]],[[100.477,14.725],[100.443,15.06]],[[100.477,14.725],[100.516,14.686]],[[101.193,14.756],[101.187,14.542],[101.243,14.48]],[[101.193,14.756],[101.278,14.73],[101.454,14.876],[101.386,15.055],[101.281,15.088],[101.3,15.302]],[[101.193,14.756],[101.084,14.853],[100.916,14.75],[100.829,14.883],[100.594,14.656]],[[101.243,14.48],[101.185,14.355],[101.059,14.408],[101.037,14.327],[100.949,14.295],[100.912,14.214]],[[101.243,14.48],[101.283,14.503],[101.409,14.425]],[[100.912,14.214],[100.877,14.26],[100.823,14.242]],[[100.912,14.214],[100.905,13.955]],[[100.823,14.242],[100.603,14.123],[100.35,14.114]],[[100.823,14.242],[100.763,14.413],[100.77,14.561],[100.607,14.549],[100.594,14.656]],[[99.28,15],[99.289,14.838],[99.438,14.765],[99.459,14.691],[99.529,14.728],[99.544,14.796],[99.658,14.803],[99.867,14.638],[99.891,14.561],[99.825,14.518],[99.822,14.248],[99.765,14.166],[99.812,14.062]],[[99.28,15],[99.069,15.014],[98.998,15.082],[98.98,15.221]],[[100.058,15.42],[99.898,15.531],[99.852,15.636],[99.696,15.678],[99.479,15.562],[99.121,15.77]],[[103.113,16.913],[103.128,16.826],[103.165,16.863],[103.194,16.822],[103.163,16.643]],[[103.113,16.913],[102.955,16.841],[102.837,16.874],[102.832,16.976],[102.717,17.075],[102.676,16.944]],[[103.113,16.913],[103.142,16.958],[103.251,16.96],[103.4,16.903],[103.436,16.828],[103.531,17.074],[103.583,17.1],[103.65,17.044]],[[103.163,16.643],[103.2,16.626],[103.182,16.373],[103.298,16.402],[103.453,16.192],[103.526,16.21]],[[103.163,16.643],[103.091,16.513],[102.941,16.446],[102.953,16.403],[102.851,16.269],[102.946,15.789]],[[104.244,16.433],[104.059,16.396],[104.04,16.441],[103.825,16.466],[103.705,16.382],[103.751,16.304],[103.727,16.221],[103.526,16.21]],[[104.244,16.433],[104.304,16.472],[104.356,16.323]],[[103.526,16.21],[103.469,16.105],[103.496,15.925],[103.436,15.712],[103.355,15.701],[103.297,15.603],[103.437,15.524],[103.417,15.428]],[[102.676,16.944],[102.513,17.133],[102.603,17.221],[102.476,17.239],[102.375,17.617],[102.225,17.639],[102.121,17.583]],[[100.39,19.724],[100.184,19.612],[100.081,19.43],[99.933,19.386],[99.909,19.483],[99.687,19.43]],[[99.687,19.43],[99.781,19.066],[100.121,18.812]],[[99.687,19.43],[99.631,19.508],[99.59,19.472],[99.564,19.13],[99.4,18.998]],[[101.3,15.302],[101.232,15.399],[101.128,15.396],[100.977,15.482],[100.74,15.498]],[[101.3,15.302],[101.426,15.215],[101.879,15.38],[102.04,15.659],[102.085,15.62],[102.16,15.737],[102.332,15.806]],[[101.3,15.302],[101.373,15.414],[101.396,15.699],[101.333,15.742],[101.326,15.841],[101.385,15.959],[101.324,16.067],[101.379,16.358],[101.512,16.548],[101.513,16.678],[101.751,16.67]],[[100.443,15.06],[100.559,15.262],[100.744,15.437],[100.74,15.498]],[[100.516,14.686],[100.594,14.656]],[[100.221,14.177],[100.277,14.167],[100.283,14.116]],[[100.221,14.177],[99.986,14.146],[99.812,14.062]],[[100.35,14.114],[100.283,14.116]],[[100.35,14.114],[100.363,14],[100.552,13.948]],[[100.283,14.116],[100.264,14.029],[100.336,13.799]],[[99.904,16.688],[99.917,16.586],[100.032,16.496]],[[99.904,16.688],[99.939,16.716],[99.888,16.752],[99.956,16.865],[100.131,16.909],[100.127,16.969],[99.914,17.155],[99.983,17.166]],[[99.904,16.688],[99.851,16.736],[99.693,16.732],[99.518,16.881],[99.346,16.888]],[[100.032,16.496],[100.234,16.594],[100.287,16.51],[100.533,16.538],[100.668,16.347]],[[100.032,16.496],[99.995,16.338]],[[100.121,18.812],[100.353,18.815]],[[100.121,18.812],[100.12,18.579],[100.066,18.554],[100.004,18.405],[99.724,18.071],[99.597,18.03],[99.375,17.779],[99.311,17.763],[99.363,17.677],[99.473,17.729]],[[99.4,18.998],[99.311,19.178],[99.323,19.543],[99.261,19.641],[99.417,19.814],[99.386,19.89],[99.42,19.957],[99.501,19.973],[99.553,19.915],[99.58,19.956],[99.589,20.014],[99.503,20.072],[99.565,20.124],[99.509,20.153]],[[99.4,18.998],[99.324,18.862],[99.365,18.765],[99.315,18.53]],[[99.983,17.166],[100.035,17.438],[99.93,17.57],[99.977,17.676],[99.897,17.804]],[[99.983,17.166],[100.205,17.197],[100.294,17.367],[100.581,17.421],[100.872,17.704],[100.956,17.708]],[[99.897,17.804],[99.955,17.783],[100.273,17.959],[100.337,17.895],[100.422,18.016]],[[99.897,17.804],[99.785,17.784],[99.732,17.722],[99.59,17.816],[99.473,17.729]],[[99.346,16.888],[99.243,16.545],[98.988,16.461],[99.079,15.869]],[[99.346,16.888],[99.27,16.957],[99.317,17.261]],[[99.473,17.729],[99.414,17.463],[99.481,17.343],[99.456,17.254],[99.391,17.204],[99.317,17.261]],[[99.317,17.261],[99.263,17.398],[99.17,17.335],[99.016,17.408],[99.012,17.611]],[[99.121,15.77],[99.103,15.626],[99.042,15.544],[99.056,15.393],[98.98,15.221]],[[99.121,15.77],[99.079,15.869]],[[100.74,15.498],[100.833,15.625],[100.755,15.931]],[[99.995,16.338],[99.89,16.072],[99.676,15.788],[99.539,15.917],[99.278,15.888],[99.204,15.935],[99.079,15.869]],[[99.995,16.338],[100.045,16.176],[100.216,15.927],[100.755,15.931]],[[101.751,16.67],[101.956,16.633],[102.077,16.504],[102.405,16.459],[102.453,16.407],[102.404,16.238],[102.267,16.073],[102.392,15.984],[102.332,15.806]],[[100.668,16.347],[100.698,16.252],[100.63,16.054],[100.767,15.99],[100.755,15.931]],[[102.332,15.806],[102.424,15.695],[102.692,15.719],[102.789,15.64]],[[100.353,18.815],[100.397,18.74],[100.367,18.673],[100.41,18.494],[100.541,18.449],[100.457,18.164],[100.405,18.131],[100.422,18.016]],[[100.353,18.815],[100.42,18.936],[100.5,18.969],[100.46,19],[100.478,19.051],[100.571,19.029],[100.563,19.091],[100.631,19.13],[100.605,19.33],[100.514,19.374],[100.575,19.508]],[[100.422,18.016],[100.577,18.051],[100.761,18.026],[100.891,18.153],[100.919,18.25],[101.074,18.372]],[[99.315,18.53],[99.102,18.27],[99.017,18.247],[99.093,17.954],[99.18,17.853],[99.108,17.807],[99.054,17.62],[99.012,17.611]],[[99.315,18.53],[99.143,18.704],[99.011,18.668],[98.927,18.529],[98.7,18.423],[98.681,18.301],[98.79,18.244],[98.809,17.98],[98.856,17.965],[98.911,17.823],[98.847,17.717],[98.71,17.756]],[[99.012,17.611],[98.915,17.64],[98.864,17.533],[98.721,17.485],[98.699,17.652],[98.746,17.698],[98.71,17.756]],[[102.789,15.64],[102.828,15.512],[102.922,15.511],[103.018,15.445],[102.953,15.385],[103.001,15.357],[102.977,15.187],[102.854,15.154],[102.707,14.953],[102.524,14.967],[102.568,14.815],[102.442,14.854],[102.509,14.653],[102.486,14.558],[102.617,14.286],[102.594,14.149]],[[102.789,15.64],[102.869,15.637],[102.896,15.763],[102.946,15.789]],[[102.594,14.149],[102.518,14.087],[102.491,14.143],[102.29,14.128],[102.192,14.185],[102.154,14.136],[102.053,14.186]],[[102.594,14.149],[102.914,14.165]],[[102.946,15.789],[103.009,15.726],[102.979,15.667],[103.116,15.482]],[[103.116,15.482],[103.343,15.402],[103.417,15.428]],[[103.116,15.482],[103.103,15.429],[103.257,15.312],[103.367,15.353],[103.5,15.3],[103.445,15.186],[103.443,14.933],[103.288,14.77],[103.233,14.598],[103.243,14.342]],[[100.552,13.948],[100.488,13.798],[100.336,13.799]],[[100.552,13.948],[100.679,13.918],[100.905,13.95]],[[100.336,13.799],[100.332,13.73]],[[100.332,13.73],[100.259,13.661],[100.079,13.684]],[[100.332,13.73],[100.401,13.491]],[[100.905,13.95],[100.905,13.955]],[[100.905,13.95],[100.924,13.813],[100.855,13.692]],[[100.855,13.692],[100.947,13.633],[100.841,13.478]],[[100.079,13.684],[100.025,13.741],[99.96,13.724],[99.948,13.916],[99.88,13.945]],[[100.079,13.684],[100.038,13.504]],[[101.141,13.968],[101.153,13.851],[101.354,13.86],[101.565,13.75],[101.756,13.801],[101.818,13.721],[101.876,13.723]],[[101.141,13.968],[100.905,13.955]],[[101.141,13.968],[101.222,14.052],[101.325,14.064],[101.301,14.145],[101.397,14.268],[101.512,14.278],[101.409,14.425]],[[101.876,13.723],[101.908,13.769],[101.856,13.837],[101.87,13.933],[102.053,14.186]],[[101.876,13.723],[101.917,13.588],[101.99,13.58],[101.993,13.506],[101.945,13.469],[101.995,13.336]],[[100.981,13.463],[101.141,13.59],[101.277,13.551],[101.365,13.458],[101.521,13.401],[101.718,13.172]],[[101.718,13.172],[101.693,13.134]],[[101.718,13.172],[101.886,13.22],[101.995,13.336]],[[100.089,13.426],[100.038,13.504]],[[100.038,13.504],[99.918,13.51],[99.859,13.328]],[[98.75,9.601],[98.774,9.543],[98.657,9.423],[98.673,9.357],[98.549,9.352],[98.511,9.306]],[[98.75,9.601],[98.661,9.662],[98.641,9.786],[98.903,10.017],[98.938,10.109],[98.894,10.208],[98.953,10.353],[98.903,10.456],[98.976,10.603],[98.879,10.788]],[[103.417,15.428],[103.887,15.471],[103.986,15.41]],[[103.986,15.41],[104.129,15.565]],[[103.986,15.41],[104.061,15.402],[104.077,15.354],[103.978,15.262],[104.018,15.039],[103.917,14.854],[104,14.804],[104.062,14.654],[104.046,14.357]],[[104.129,15.565],[104.254,15.368],[104.418,15.285]],[[104.129,15.565],[104.211,15.607],[104.127,15.702],[104.112,15.823],[104.072,15.847],[104.01,15.798],[104.019,15.976],[104.108,15.983],[104.105,16.091],[104.233,16.168],[104.356,16.323]],[[104.418,15.285],[104.401,15.521],[104.492,15.535],[104.512,15.583]],[[104.418,15.285],[104.674,15.254],[104.737,15.171],[104.689,15.134],[104.694,14.972],[104.813,14.892],[104.915,14.655],[104.861,14.65],[104.833,14.56],[104.853,14.447],[104.916,14.393]],[[104.512,15.583],[104.625,15.558],[104.672,15.638],[104.814,15.507],[104.923,15.486],[105.057,15.905],[105.035,16],[105.107,16.096]],[[98.71,17.756],[98.536,17.515],[98.568,17.293],[98.428,17.25],[98.336,17.304],[98.322,17.523],[98.258,17.594],[98.303,17.696]],[[102.053,14.186],[101.95,14.278],[101.965,14.377],[101.89,14.393],[101.753,14.316],[101.62,14.432],[101.483,14.461],[101.409,14.425]],[[101.995,13.336],[102.044,13.159],[102.175,13.245],[102.265,13.198],[102.329,13.273]],[[101.693,13.134],[101.744,12.957],[101.826,12.89],[101.789,12.698]],[[99.859,13.328],[99.704,13.312],[99.636,13.2],[99.458,13.18],[99.351,13.228],[99.278,13.143],[99.186,13.212]],[[98.511,9.306],[98.506,8.979],[98.457,8.954],[98.456,8.89],[98.605,8.791],[98.55,8.651],[98.713,8.625]],[[98.713,8.625],[98.767,8.674],[98.918,8.584],[98.885,8.514],[98.913,8.314],[99.266,8.342]],[[99.772,9.312],[99.731,9.153],[99.785,9.057],[99.693,8.932],[99.59,8.917],[99.53,8.847],[99.447,8.601],[99.332,8.521],[99.285,8.542],[99.266,8.342]],[[99.266,8.342],[99.316,8.293],[99.287,8.103],[99.338,7.943]],[[99.338,7.943],[99.511,7.872],[99.609,7.981],[99.728,7.992],[99.744,7.851]],[[99.338,7.943],[99.294,7.844],[99.34,7.742],[99.257,7.655]],[[99.812,14.062],[99.88,13.945]],[[99.88,13.945],[99.797,13.815],[99.147,13.724]],[[98.98,15.221],[98.893,15.275],[98.664,15.618],[98.544,15.675]],[[98.303,17.696],[98.234,17.729],[98.24,17.84],[98.084,18.015],[98.127,18.097],[98.1,18.349],[98.209,18.456],[98.115,18.54],[98.121,18.77],[98.084,18.83],[98.118,19.083],[98.183,19.163],[98.337,19.035],[98.458,19.007],[98.645,19.067],[98.589,19.204],[98.608,19.479],[98.478,19.706]],[[98.303,17.696],[97.908,17.555]],[[99.744,7.851],[99.959,7.904],[100.13,7.802]],[[99.744,7.851],[99.821,7.673],[99.828,7.515],[100.031,7.092]],[[99.746,7.13],[99.824,7.142],[99.883,7.069],[99.928,7.138],[100.046,7.063]],[[100.046,7.063],[100.122,6.93],[100.213,6.885],[100.199,6.699]],[[100.046,7.063],[100.031,7.092]],[[100.031,7.092],[100.284,7.208],[100.379,7.31]],[[100.13,7.802],[100.155,7.874],[100.342,7.939]],[[100.13,7.802],[100.201,7.772]],[[101.101,6.638],[101.029,6.477],[100.925,6.434],[100.911,6.318],[100.824,6.299]],[[101.101,6.638],[101.039,6.733],[101.068,6.858]],[[101.101,6.638],[101.218,6.596],[101.298,6.676],[101.338,6.55],[101.509,6.596],[101.602,6.555]],[[101.602,6.555],[101.543,6.448],[101.437,6.416],[101.382,6.2],[101.487,6.052],[101.5,5.893]],[[101.602,6.555],[101.581,6.61],[101.615,6.628],[101.723,6.574]],[[125.512,-8.62],[125.764,-8.583]],[[125.512,-8.62],[125.495,-8.65]],[[125.103,-8.74],[125.179,-8.754]],[[125.179,-8.754],[125.495,-8.65]],[[125.179,-8.754],[125.239,-8.787],[125.326,-8.991],[125.413,-8.982]],[[125.495,-8.65],[125.434,-8.794],[125.488,-8.856]],[[125.413,-8.982],[125.411,-9.034]],[[125.413,-8.982],[125.488,-8.856]],[[125.764,-8.583],[125.805,-8.753]],[[125.488,-8.856],[125.645,-8.773],[125.688,-8.795]],[[126.739,-8.696],[126.651,-8.649],[126.519,-8.683],[126.455,-8.607],[126.432,-8.706],[126.14,-8.681]],[[126.739,-8.696],[126.812,-8.62],[126.688,-8.431]],[[126.14,-8.681],[126.092,-8.688],[126.034,-8.794],[126.138,-9]],[[125.805,-8.753],[125.688,-8.795]],[[125.805,-8.753],[125.81,-8.857],[126.048,-9.057]],[[125.411,-9.034],[125.342,-9.143],[125.292,-9.145],[125.311,-9.21],[125.153,-9.171]],[[70.656,39.495],[70.485,39.402],[70.286,39.39],[70.125,39.307],[70.094,39.342],[69.881,39.319],[69.808,39.264],[69.736,39.293],[69.666,39.262],[69.694,39.223],[69.652,39.115],[69.559,39.072],[69.5,39.186],[69.403,39.18],[69.347,39.099],[69.066,39.03],[68.761,39.076],[68.59,39.048],[68.475,38.94],[68.153,38.899]],[[72.229,39.19],[72.22,39.128],[72.027,38.957],[72.007,38.885],[72.063,38.808],[71.751,38.646],[71.605,38.637],[71.427,38.475],[71.372,38.514],[71.278,38.489],[71.178,38.608],[71.042,38.607],[71.051,38.699],[70.993,38.806],[70.859,38.762],[70.733,38.804],[70.648,38.775],[70.545,38.717],[70.594,38.658],[70.439,38.516]],[[70.439,38.516],[70.353,38.607],[70.229,38.6],[70.164,38.546],[70.16,38.632],[69.987,38.734],[69.797,38.595],[69.713,38.616],[69.374,38.325],[69.181,38.437],[68.927,38.393],[68.822,38.327],[68.609,38.328],[68.519,38.102],[68.544,38.019],[68.461,37.91],[68.238,37.943]],[[70.439,38.516],[70.342,38.418],[70.299,37.998]],[[120.741,23.616],[120.654,23.572],[120.468,23.639],[120.223,23.508],[120.124,23.52]],[[120.741,23.616],[120.825,23.591],[120.832,23.482],[120.962,23.475]],[[120.741,23.616],[120.636,23.644],[120.647,23.775]],[[120.667,24.02],[120.768,24.013],[120.829,24.109],[120.996,24.129],[121.168,24.223],[121.343,24.235]],[[120.667,24.02],[120.627,23.854],[120.684,23.806],[120.647,23.775]],[[121.263,24.433],[121.316,24.436]],[[121.263,24.433],[121.206,24.517],[121.07,24.503],[121.076,24.614],[120.96,24.715]],[[121.343,24.235],[121.457,24.373]],[[121.343,24.235],[121.291,24.175],[121.327,24.089],[121.216,23.771],[121.221,23.609],[121.019,23.437]],[[120.962,23.475],[120.658,23.297],[120.653,23.229]],[[120.962,23.475],[121.019,23.437]],[[120.873,24.748],[120.96,24.715]],[[121.316,24.436],[121.457,24.373]],[[121.316,24.436],[121.412,24.595]],[[120.972,24.952],[121.25,24.808],[121.302,24.764],[121.287,24.657],[121.412,24.595]],[[121.412,24.595],[121.483,24.681]],[[121.019,23.437],[120.989,23.379],[121.05,23.299]],[[120.653,23.229],[120.537,23.238],[120.534,23.329],[120.439,23.414],[120.198,23.3],[120.117,23.318]],[[120.653,23.229],[120.402,22.919],[120.167,22.932]],[[121.05,23.299],[121.301,23.106],[121.411,23.402],[121.48,23.435]],[[121.05,23.299],[120.921,23.24],[120.888,23.168],[120.881,23.024],[120.823,22.944],[120.853,22.858]],[[120.853,22.858],[120.911,22.801],[120.899,22.734],[120.752,22.599],[120.793,22.422],[120.753,22.368],[120.803,22.27],[120.876,22.238]],[[24.707,49.492],[24.427,49.507],[24.383,49.394],[24.423,49.366],[24.282,49.301],[24.363,49.297],[24.357,49.241],[24.418,49.235],[24.425,49.185],[23.694,49.095],[23.576,48.969],[23.533,48.724]],[[37.847,49.232],[37.929,49.291],[37.861,49.423],[37.963,49.52],[37.944,49.597],[38.001,49.661],[37.998,49.716],[37.94,49.727],[38.045,49.785],[38,49.823],[38.08,49.843],[38.023,49.909]],[[37.847,49.232],[37.934,49.2],[37.895,49.156],[38.07,49.148],[38.041,49.07],[38.077,48.998],[38.01,48.954],[38.21,48.924],[38.28,48.839],[38.266,48.733],[38.306,48.725],[38.249,48.667],[38.26,48.544],[38.314,48.521],[38.31,48.45],[38.399,48.442],[38.481,48.358],[38.41,48.324],[38.424,48.286],[38.566,48.278],[38.604,48.179],[38.814,48.111],[38.84,48.028],[39.027,48.007],[39.036,47.857]],[[22.865,49.013],[22.982,48.859],[23.112,48.87],[23.202,48.777],[23.533,48.724]],[[23.533,48.724],[23.777,48.642],[23.907,48.538],[23.917,48.474],[24.129,48.533],[24.151,48.369],[24.31,48.387],[24.495,48.267],[24.543,48.209],[24.532,48.141],[24.64,48.057],[24.57,47.937]],[[30.293,48.136],[30.083,48.144],[29.997,48.221],[29.882,48.18],[29.775,48.203]],[[30.293,48.136],[30.315,48.093],[30.211,48.068],[30.216,47.999],[30.395,47.792],[30.42,47.648],[30.666,47.626],[30.695,47.588],[30.78,47.634],[30.868,47.543],[30.834,47.43],[30.915,47.277],[31.154,47.272],[31.116,47.182],[31.304,47.102],[31.224,46.977],[31.032,46.948],[31.162,46.825],[31.188,46.629]],[[29.775,48.203],[29.667,48.173],[29.675,48.09],[29.246,48.085],[29.078,48.144],[29.046,48.083],[28.862,48.001]],[[29.904,0.438],[29.947,0.406],[29.998,0.434],[30.17,0.715]],[[57.165,40.092],[57.079,40.176],[57.129,40.304],[57.029,40.554],[56.91,40.663],[56.778,40.931],[56.603,41.104],[56.534,41.299]],[[57.165,40.092],[56.986,40.006],[57.103,39.632],[56.977,39.567],[56.571,38.519],[56.704,38.453],[56.897,38.465],[57.138,38.262]],[[36.705,40.862],[36.699,40.807],[36.947,40.72],[37.22,40.698],[37.449,40.576],[37.584,40.569],[37.635,40.461]],[[36.705,40.862],[36.594,40.91],[36.443,40.87]],[[36.705,40.862],[36.999,40.98],[37.152,41.147]],[[37.635,40.461],[37.69,40.379],[37.802,40.336],[38.002,40.412],[38.008,40.481],[38.158,40.524]],[[37.635,40.461],[37.524,40.317],[37.351,40.259],[36.769,40.207],[36.635,40.01],[36.089,39.924]],[[38.158,40.524],[38.275,40.186],[38.454,40.1],[38.556,40.119],[38.762,40.055]],[[34.472,41.311],[34.837,41.202],[34.888,41.27]],[[34.472,41.311],[34.419,41.302],[34.218,41.059],[34.28,40.969],[34.256,40.919],[34.027,40.861]],[[34.888,41.27],[34.975,41.087],[35.089,41.087]],[[36.443,40.87],[36.243,41.007],[36.073,40.855],[35.706,40.879],[35.461,41.029],[35.089,41.087]],[[36.443,40.87],[36.41,40.831],[36.494,40.746],[36.31,40.524],[36.136,40.444],[35.842,40.505],[35.716,40.337],[35.579,40.277],[35.51,40.189]],[[35.089,41.087],[35.031,40.818],[35.082,40.725],[35.432,40.608],[35.458,40.562],[35.327,40.234]],[[28.156,41.492],[28.193,41.355],[28.149,41.213],[28.175,41.081]],[[28.156,41.492],[27.601,41.42],[27.518,41.311],[27.396,41.265],[27.24,41.365],[26.81,41.33]],[[26.786,40.726],[26.932,40.715],[26.964,40.561]],[[26.786,40.726],[26.781,40.659]],[[26.786,40.726],[26.716,40.935],[26.829,41.173],[26.81,41.33]],[[26.81,41.33],[26.78,41.376],[26.906,41.667],[26.838,41.975]],[[37.801,-7.943],[37.369,-8.499],[37.378,-8.615],[37.306,-8.809],[37.36,-9.142],[37.258,-9.198],[37.143,-9.561]],[[37.801,-7.943],[37.901,-7.593],[38.36,-7.522],[38.303,-7.319],[38.516,-7.043],[38.478,-6.968],[38.325,-6.941],[38.286,-6.885],[38.304,-6.692],[38.2,-6.705],[38.023,-6.641],[37.991,-6.585],[38.057,-6.252],[37.802,-5.895]],[[37.801,-7.943],[37.992,-8.08],[38.289,-8.176],[38.504,-8.36],[38.536,-8.495],[38.64,-8.469],[38.687,-8.372],[38.802,-8.383],[39.183,-8.286],[39.285,-8.319]],[[37.143,-9.561],[36.869,-9.713],[36.664,-9.909],[36.504,-9.961],[36.478,-9.914],[36.564,-9.762],[36.481,-9.553],[36.364,-9.727],[36.133,-9.751],[36.088,-9.709],[35.973,-9.809],[35.718,-9.777],[35.918,-9.434],[35.9,-9.189],[35.697,-9.34]],[[37.143,-9.561],[37.106,-9.679],[36.877,-9.954],[36.871,-10.159],[37.162,-10.293],[37.718,-10.427],[37.822,-10.498],[37.993,-10.817]],[[36.862,-6.002],[36.83,-6.108],[36.858,-6.343],[36.671,-6.626],[36.641,-7.003],[36.516,-7.143],[36.515,-7.332],[36.478,-7.37]],[[36.862,-6.002],[37.061,-5.868]],[[36.862,-6.002],[36.675,-5.912],[36.57,-5.749],[36.445,-5.681],[36.244,-5.458],[36.237,-5.293],[36.312,-5.12],[36.361,-4.676],[36.299,-4.185],[36.049,-4.255],[35.953,-4.351],[35.82,-4.362],[35.641,-4.483],[35.652,-4.607],[35.51,-4.862],[35.341,-4.854]],[[36.478,-7.37],[36.517,-7.501],[36.784,-7.581],[36.818,-7.652],[36.968,-7.654],[36.766,-7.956],[36.508,-7.943],[36.347,-8.031],[36.309,-8.18],[36.094,-8.242],[35.911,-8.503],[35.717,-8.637],[35.67,-8.857],[35.627,-8.731],[35.341,-8.688],[35.365,-9.009]],[[36.478,-7.37],[36.449,-7.321],[36.326,-7.321],[36.243,-7.172],[36.11,-7.126],[35.707,-7.068],[35.443,-6.933],[35.178,-6.979],[35.081,-6.92]],[[37.061,-5.868],[37.169,-6.111],[37.358,-5.931],[37.391,-5.789],[37.527,-5.839],[37.628,-5.98],[37.802,-5.895]],[[37.061,-5.868],[37.211,-5.736],[37.252,-5.565],[37.366,-5.38],[37.389,-5.206],[37.592,-4.978],[37.75,-5.009],[37.947,-4.962],[38.049,-4.999],[37.971,-4.806],[38.03,-4.639]],[[35.341,-4.854],[35.319,-4.949],[35.07,-5.149],[35.14,-5.405],[35.339,-5.7],[35.211,-5.952],[35.214,-6.649],[35.186,-6.715],[35.06,-6.721],[35.081,-6.92]],[[35.341,-4.854],[35.145,-4.724],[35.136,-4.642],[34.869,-4.381],[35.017,-4.108],[34.892,-3.909]],[[54.12,36.485],[53.861,36.36],[53.788,36.164],[53.543,35.942],[53.035,35.831]],[[54.12,36.485],[54.464,36.49],[55.011,36.785],[55.504,36.773],[55.64,37.099],[55.867,37.354]],[[53.035,35.831],[53.079,35.618],[53.047,35.528],[52.888,35.41],[52.675,35.336],[52.22,35.414],[51.87,35.57],[51.823,35.315],[51.981,35.125],[51.882,34.875]],[[53.035,35.831],[52.398,35.976],[52.177,35.79],[52.029,35.771],[51.95,35.8],[51.754,36.011],[51.357,36.116]],[[48.883,37.203],[49.144,37.032],[49.246,36.813]],[[48.883,37.203],[48.676,37.218],[48.6,37.155],[48.455,37.224]],[[48.883,37.203],[48.867,37.352],[48.548,37.679],[48.456,37.88],[48.52,38.066],[48.754,38.296],[48.613,38.396]],[[49.246,36.813],[49.34,36.777],[49.472,36.624],[49.805,36.562],[50.086,36.666],[50.305,36.67]],[[49.246,36.813],[49.056,36.733],[49.015,36.657],[49.155,36.434],[49.299,36.375],[49.404,36.109],[49.098,35.996],[49.033,35.889],[48.876,35.927],[48.598,35.849],[48.803,35.636]],[[50.305,36.67],[50.576,36.989]],[[50.305,36.67],[50.788,36.366],[50.801,36.319]],[[48.455,37.224],[48.325,37.247],[48.204,37.347],[48.17,37.469],[47.944,37.566],[47.914,37.675],[47.955,37.832],[47.799,37.984],[47.713,38.236],[47.232,38.252],[47.224,38.335],[47.302,38.444],[47.424,38.525],[47.612,38.558],[47.541,38.63],[47.588,38.764],[47.53,38.877],[47.526,39.083],[47.238,38.981],[47.123,38.826],[47.152,38.805],[46.997,38.689],[46.848,38.722],[46.594,38.681],[46.582,38.798],[46.659,38.866],[46.749,38.859],[46.773,38.941],[46.884,38.919],[47.093,39.012],[47.086,39.111],[47.014,39.187]],[[48.455,37.224],[48.334,37.173],[47.935,37.196],[47.585,37.155],[47.207,36.869],[47.194,36.757]],[[47.899,32.601],[47.734,32.335],[47.747,32.22],[47.58,32.103]],[[47.899,32.601],[47.555,33.081],[47.029,33.366],[47.009,33.433],[46.828,33.554],[46.964,33.717],[47.389,33.854],[47.432,33.929],[47.386,34.038]],[[47.899,32.601],[48.144,33.006],[48.567,33.045],[48.785,32.961],[49.006,32.942],[49.239,32.807],[49.453,32.809]],[[-61.639,10.21],[-61.671,10.147],[-61.707,10.166]],[[1.42,9.292],[1.206,9.213],[1.001,9.206],[1,9.068],[0.952,9.022],[0.731,9.049],[0.585,8.877],[0.484,8.835]],[[0.997,10.217],[0.737,10.17],[0.679,9.878],[0.554,9.877],[0.52,9.94],[0.425,9.962],[0.395,10.036]],[[1.604,8.367],[1.236,8.372],[1.265,8.164],[1.21,7.979],[0.84,7.968],[0.603,7.893]],[[1.564,6.903],[1.5,6.838],[1.366,6.828],[1.241,6.722],[1.121,6.808],[0.924,6.81],[0.883,6.644],[0.713,6.534]],[[-75.243,38.025],[-75.648,37.966]],[[121.483,24.681],[121.449,24.797],[121.35,24.855],[121.327,24.931],[121.409,25.04],[121.287,25.124]],[[121.483,24.681],[121.846,24.961],[121.972,24.987]],[[121.689,25.169],[121.635,25.131],[121.729,25.06],[121.773,25.069],[121.761,25.143]],[[37.216,35.551],[37.092,35.629],[37.056,35.714],[37.101,35.764],[36.993,35.831],[36.881,36.031],[36.726,36.126],[36.839,36.246],[36.766,36.332],[36.649,36.306]],[[37.216,35.551],[37.353,35.502],[37.576,35.511],[37.809,35.435],[38.235,35.436]],[[37.216,35.551],[37.099,35.442],[37.078,35.39],[37.136,35.406],[37.142,35.349],[37.083,35.319],[37.01,35.323],[36.998,35.426],[36.904,35.358],[36.829,35.417],[36.537,35.408],[36.426,35.437],[36.393,35.5],[36.412,35.711],[36.255,35.756]],[[36.155,35.822],[36.162,35.79],[36.284,35.794],[36.255,35.756]],[[36.255,35.756],[36.199,35.673],[36.253,35.223]],[[38.635,36.744],[38.641,36.675],[38.573,36.647],[38.592,36.612],[38.665,36.638],[38.669,36.558],[38.593,36.383],[38.425,36.292],[38.137,36.238],[38.06,36.134],[38.18,35.963],[38.052,35.769],[38.021,35.633],[38.235,35.436]],[[38.235,35.436],[38.302,35.382]],[[36.253,35.223],[36.257,35.048],[36.137,35.002],[36.26,34.966],[36.313,34.901]],[[38.302,35.382],[38.684,35.372],[39.242,35.249]],[[38.302,35.382],[38.243,35.096],[38.057,35.007],[37.992,34.899],[37.741,35.119],[37.511,35.052],[37.497,34.963],[37.346,34.985],[37.254,34.91],[37.188,34.945],[36.973,34.861],[36.874,34.978],[36.56,34.902],[36.495,34.953],[36.419,34.852],[36.34,34.85],[36.313,34.901]],[[36.313,34.901],[36.112,34.63]],[[39.242,35.249],[39.675,35.771],[39.631,35.792],[39.641,35.864],[39.805,36.464]],[[39.242,35.249],[39.374,35.149],[39.445,34.936],[40.173,34.072]],[[39.805,36.464],[39.72,36.529],[39.538,36.557],[39.442,36.692]],[[39.805,36.464],[39.901,36.324],[40.775,35.626],[41.308,35.552]],[[36.604,34.2],[36.87,34.228],[37.069,34.01],[37.256,33.942],[37.648,33.528],[38.316,33.131]],[[14.467,46.292],[14.417,46.289]],[[14.467,46.292],[14.544,46.312]],[[14.467,46.292],[14.463,46.206]],[[14.417,46.289],[14.407,46.192]],[[14.417,46.289],[14.367,46.304],[14.405,46.352]],[[14.544,46.312],[14.536,46.36]],[[14.544,46.312],[14.553,46.243]],[[14.536,46.36],[14.569,46.369]],[[14.536,46.36],[14.405,46.352]],[[14.394,46.16],[14.407,46.192]],[[14.394,46.16],[14.249,46.243]],[[14.394,46.16],[14.325,46.098]],[[14.407,46.192],[14.459,46.193]],[[14.249,46.243],[14.167,46.281]],[[14.249,46.243],[14.162,46.179]],[[14.167,46.281],[14.179,46.284]],[[14.167,46.281],[13.997,46.239]],[[14.179,46.284],[14.275,46.275]],[[14.179,46.284],[14.111,46.307]],[[14.326,46.321],[14.33,46.257],[14.275,46.275]],[[14.326,46.321],[14.267,46.326]],[[14.326,46.321],[14.405,46.352]],[[14.275,46.275],[14.267,46.326]],[[14.405,46.352],[14.437,46.419]],[[14.956,46.46],[15.089,46.426]],[[14.956,46.46],[14.892,46.424]],[[15.089,46.426],[15.124,46.422]],[[15.089,46.426],[15.067,46.352]],[[14.902,46.394],[14.892,46.424]],[[14.902,46.394],[14.867,46.316]],[[14.902,46.394],[15,46.377]],[[14.892,46.424],[14.804,46.425]],[[14.781,46.339],[14.804,46.425]],[[14.781,46.339],[14.867,46.316]],[[14.781,46.339],[14.706,46.287]],[[14.804,46.425],[14.755,46.421]],[[14.64,46.366],[14.706,46.287]],[[14.64,46.366],[14.569,46.369]],[[14.64,46.366],[14.755,46.421]],[[14.706,46.287],[14.855,46.253]],[[14.899,46.209],[14.683,46.199]],[[14.899,46.209],[14.91,46.211]],[[14.899,46.209],[14.828,46.16]],[[14.683,46.199],[14.59,46.189]],[[14.683,46.199],[14.65,46.165],[14.684,46.144]],[[15.816,46.497],[15.823,46.495]],[[15.816,46.497],[15.781,46.468]],[[15.733,46.503],[15.781,46.468]],[[15.733,46.503],[15.717,46.46]],[[15.863,46.611],[15.933,46.596]],[[15.863,46.611],[15.888,46.646]],[[15.933,46.596],[15.956,46.588]],[[15.933,46.596],[15.888,46.646]],[[15.888,46.646],[15.889,46.663]],[[15.371,46.136],[15.383,46.108]],[[15.371,46.136],[15.363,46.181]],[[15.371,46.136],[15.44,46.129],[15.383,46.108]],[[15.383,46.108],[15.368,46.072]],[[15.539,46.497],[15.408,46.478]],[[15.539,46.497],[15.546,46.483]],[[15.71,46.465],[15.717,46.46]],[[15.71,46.465],[15.546,46.483]],[[14.469,46.143],[14.459,46.193]],[[14.469,46.143],[14.409,46.083]],[[14.469,46.143],[14.514,46.146]],[[14.459,46.193],[14.463,46.206]],[[14.463,46.206],[14.501,46.203]],[[14.538,46.174],[14.501,46.203]],[[14.538,46.174],[14.514,46.146]],[[14.538,46.174],[14.583,46.198]],[[14.501,46.203],[14.553,46.243]],[[14.514,46.146],[14.521,46.132]],[[14.244,46.02],[14.342,46.014]],[[14.244,46.02],[14.19,46.025]],[[14.244,46.02],[14.342,46.014]],[[14.342,46.014],[14.385,46.032]],[[15.928,46.542],[15.956,46.588]],[[15.928,46.542],[15.924,46.534]],[[15.928,46.542],[15.987,46.547]],[[15.956,46.588],[15.978,46.586]],[[14.59,46.148],[14.521,46.132]],[[14.59,46.148],[14.59,46.189]],[[14.59,46.148],[14.569,46.108]],[[14.521,46.132],[14.569,46.108]],[[16.136,46.829],[16.064,46.764]],[[16.136,46.829],[16.125,46.833]],[[16.136,46.829],[16.211,46.745]],[[16.064,46.764],[16.056,46.816]],[[16.064,46.764],[16.056,46.756]],[[16.179,46.698],[16.108,46.69]],[[16.179,46.698],[16.241,46.654]],[[16.179,46.698],[16.211,46.745]],[[16.108,46.69],[16.11,46.624]],[[16.108,46.69],[16.056,46.756]],[[15.924,46.534],[15.854,46.506]],[[15.924,46.534],[15.929,46.504]],[[15.987,46.547],[15.978,46.586]],[[15.987,46.547],[16.007,46.524]],[[14.429,46.029],[14.385,46.032]],[[14.429,46.029],[14.445,45.974]],[[14.429,46.029],[14.409,46.083]],[[14.385,46.032],[14.366,45.965]],[[14.325,46.098],[14.409,46.083]],[[14.325,46.098],[14.211,46.088]],[[14.211,46.088],[14.187,46.038]],[[14.211,46.088],[14.223,46.171],[14.162,46.179]],[[14.187,46.038],[14.19,46.025]],[[14.187,46.038],[14.03,46.073]],[[14.187,46.038],[14.139,46.006]],[[14.19,46.025],[14.299,45.886]],[[15.854,46.506],[15.823,46.495]],[[15.854,46.506],[15.929,46.504]],[[15.929,46.504],[15.947,46.487]],[[15.823,46.495],[15.893,46.452],[15.944,46.481]],[[15.947,46.487],[16.007,46.524]],[[15.947,46.487],[15.944,46.481]],[[15.717,46.46],[15.734,46.428]],[[15.546,46.483],[15.687,46.409]],[[15.781,46.468],[15.819,46.455]],[[15.734,46.428],[15.687,46.409]],[[15.734,46.428],[15.8,46.432]],[[14.885,46.241],[14.91,46.211]],[[14.885,46.241],[14.855,46.253]],[[14.885,46.241],[14.97,46.284]],[[14.91,46.211],[14.971,46.198]],[[15.124,46.422],[15.196,46.511]],[[15.124,46.422],[15.19,46.388]],[[15.067,46.352],[15.123,46.317]],[[15.067,46.352],[15,46.377]],[[15.067,46.352],[15.051,46.307]],[[15.123,46.317],[15.104,46.255]],[[15.123,46.317],[15.197,46.328]],[[15,46.377],[15.008,46.337]],[[15.051,46.307],[15.095,46.258]],[[15.051,46.307],[15.008,46.337]],[[14.867,46.316],[14.877,46.301]],[[15.008,46.337],[14.971,46.303]],[[15.331,46.365],[15.268,46.365]],[[15.331,46.365],[15.325,46.451]],[[15.331,46.365],[15.369,46.334]],[[15.268,46.365],[15.24,46.321]],[[15.268,46.365],[15.232,46.393]],[[15.325,46.451],[15.316,46.482]],[[15.325,46.451],[15.232,46.393]],[[15.312,46.492],[15.316,46.482]],[[15.312,46.492],[15.196,46.511]],[[15.316,46.482],[15.335,46.477]],[[15.196,46.511],[15.189,46.517]],[[15.19,46.388],[15.197,46.328]],[[15.19,46.388],[15.232,46.393]],[[14.835,46.137],[14.911,46.093],[15,46.119]],[[14.835,46.137],[14.754,46.1]],[[14.835,46.137],[14.828,46.16]],[[15,46.119],[15.031,46.126],[15,46.199]],[[15,46.119],[15.002,46.056],[15.071,46.065]],[[14.828,46.16],[14.684,46.144]],[[14.971,46.198],[15.01,46.258]],[[14.971,46.198],[15,46.199]],[[14.855,46.253],[14.877,46.301]],[[14.877,46.301],[14.971,46.303]],[[14.49,45.881],[14.418,45.871]],[[14.49,45.881],[14.505,45.841]],[[14.49,45.881],[14.445,45.974]],[[14.49,45.881],[14.585,45.896]],[[14.418,45.871],[14.376,45.871]],[[14.418,45.871],[14.366,45.965]],[[14.505,45.841],[14.564,45.79]],[[14.505,45.841],[14.442,45.8],[14.478,45.748]],[[14.299,45.886],[14.276,45.846]],[[14.299,45.886],[14.376,45.871]],[[14.276,45.846],[14.258,45.791],[14.323,45.754]],[[14.276,45.846],[14.126,45.869]],[[14.376,45.871],[14.334,45.934],[14.366,45.965]],[[14.323,45.754],[14.386,45.707]],[[14.323,45.754],[14.093,45.714]],[[14.386,45.707],[14.426,45.644]],[[14.386,45.707],[14.478,45.748]],[[15.24,46.321],[15.226,46.317]],[[15.24,46.321],[15.359,46.261]],[[15.226,46.317],[15.216,46.198]],[[15.226,46.317],[15.197,46.328]],[[14.97,46.284],[15.01,46.258]],[[14.97,46.284],[14.971,46.303]],[[14.59,46.189],[14.583,46.198]],[[14.684,46.144],[14.687,46.117]],[[14.569,46.108],[14.594,46.097]],[[14.74,45.998],[14.75,46.003]],[[14.74,45.998],[14.752,45.883]],[[14.74,45.998],[14.616,45.997]],[[14.75,46.003],[14.736,46.066]],[[14.75,46.003],[14.927,45.963]],[[14.445,45.974],[14.533,45.99]],[[14.736,46.066],[14.712,46.079]],[[14.736,46.066],[14.866,46.07],[14.954,45.975]],[[14.712,46.079],[14.754,46.1]],[[14.712,46.079],[14.594,46.097]],[[14.533,45.99],[14.585,45.896]],[[14.533,45.99],[14.616,45.997]],[[14.594,46.097],[14.687,46.117]],[[14.754,46.1],[14.687,46.117]],[[15.095,46.258],[15.104,46.255]],[[15.095,46.258],[15.051,46.226]],[[15.104,46.255],[15.144,46.23],[15.111,46.187]],[[36.571,33.194],[36.824,33.225],[36.961,33.078],[37.257,32.946],[37.284,32.863],[37.495,32.69]],[[36.571,33.194],[36.511,33.295],[36.382,33.198],[36.235,33.291],[36.213,33.226],[36.147,33.204],[35.962,33.205]],[[36.571,33.194],[36.471,33.152],[36.544,33.002],[36.419,32.997],[36.336,32.899],[36.356,32.707],[36.451,32.667],[36.401,32.579],[36.507,32.551],[36.517,32.357]],[[35.962,33.205],[35.963,33.248],[35.89,33.241],[35.895,33.299],[35.843,33.323]],[[35.962,33.205],[35.947,33.025],[35.987,32.951],[35.934,32.958],[35.942,32.913],[35.847,32.836]],[[6.946,46.947],[6.907,46.925]],[[8.872,46.815],[8.669,46.686],[8.678,46.584]],[[8.872,46.815],[8.98,46.812],[9.042,46.872],[9.241,46.92]],[[9.241,46.92],[9.446,46.883],[9.532,46.983],[9.477,47.064]],[[9.553,47.517],[9.028,47.496],[9.03,47.44],[8.932,47.38]],[[8.932,47.38],[8.893,47.409],[8.888,47.528],[8.739,47.611],[8.808,47.622],[8.789,47.663]],[[9.487,47.394],[9.488,47.353]],[[9.487,47.394],[9.54,47.397]],[[9.487,47.394],[9.528,47.434],[9.54,47.397]],[[9.488,47.353],[9.438,47.261],[9.332,47.253]],[[9.488,47.353],[9.35,47.388],[9.306,47.327],[9.332,47.253]],[[9.581,47.424],[9.54,47.397]],[[9.581,47.424],[9.608,47.45]],[[9.581,47.424],[9.548,47.441],[9.608,47.45]],[[9.608,47.45],[9.226,47.4],[9.197,47.281],[9.332,47.253]],[[8.852,47.671],[8.789,47.663]],[[8.789,47.663],[8.708,47.647],[8.64,47.696],[8.594,47.658]],[[8.477,46.532],[8.53,46.583],[8.678,46.584]],[[8.477,46.532],[8.386,46.45]],[[8.678,46.584],[8.847,46.575],[8.953,46.632],[9.035,46.596],[9.021,46.514],[9.098,46.416],[9.057,46.295],[9.164,46.173]],[[7.228,46.331],[7.045,46.19],[6.867,46.403],[6.788,46.405]],[[6.907,46.925],[6.875,46.907]],[[6.875,46.907],[6.93,46.855],[6.915,46.784],[6.793,46.79],[6.766,46.845]],[[6.875,46.907],[6.766,46.845]],[[6.766,46.845],[6.726,46.939],[6.443,46.851]],[[6.119,46.332],[6.217,46.31]],[[7.955,47.458],[7.849,47.545],[7.783,47.513],[7.727,47.55]],[[8.407,47.246],[8.382,47.286],[8.446,47.333],[8.371,47.378],[8.404,47.41],[8.353,47.488],[8.421,47.581]],[[8.552,47.597],[8.553,47.561],[8.576,47.595]],[[7.446,47.487],[7.454,47.452],[7.534,47.461],[7.486,47.499]],[[7.521,47.563],[7.647,47.551]],[[17.444,59.385],[17.342,59.325],[17.289,59.186],[17.386,58.998],[17.586,58.965]],[[17.444,59.385],[17.201,59.518],[16.966,59.532]],[[16.966,59.532],[16.287,59.454],[16.299,59.383],[16.005,59.359],[15.9,59.242],[15.779,59.206]],[[16.966,59.532],[16.788,59.798],[16.859,59.884],[17.05,59.839],[17.195,59.898],[17.208,59.967],[17.166,59.997],[17.308,60.077],[17.394,60.225],[17.226,60.31]],[[12.711,61.057],[13.141,60.787],[13.506,60.456],[13.669,60.407],[13.952,60.204],[14.018,60.213],[13.981,60.259],[14.143,60.238],[14.257,60.107],[14.451,60.037]],[[14.451,60.037],[14.456,60.002],[14.352,59.959],[14.428,59.907],[14.482,59.584],[14.43,59.529],[14.473,59.482],[14.33,59.301],[14.313,59.016]],[[14.451,60.037],[14.772,60.022],[14.769,60.098],[14.849,60.12],[15.258,60.008],[15.455,59.883]],[[11.811,59.249],[12.082,59.2],[12.214,59.252],[12.353,59.189],[12.469,59.2],[12.416,59.172],[12.585,59.123],[12.687,59.176],[12.859,58.988],[12.928,58.815],[13.288,58.742],[13.446,58.76],[13.386,58.856],[13.457,58.968],[13.588,59.051],[14.313,59.016]],[[14.313,59.016],[14.496,58.735],[14.675,58.742],[14.812,58.646]],[[11.913,57.583],[12.302,57.616],[12.447,57.295],[12.674,57.347],[12.951,57.276],[12.938,57.209],[13.117,57.157]],[[13.117,57.157],[13.683,57.565],[13.767,57.781],[13.751,57.853],[14.018,57.829],[14.212,57.916],[14.429,58.224]],[[13.117,57.157],[13.09,57.11],[13.142,57.039],[13.412,57.12],[13.576,57.077],[13.694,56.983]],[[16.717,60.216],[16.32,60.078],[16.177,60.097],[16.054,60.181],[15.815,60.178],[15.709,60.078],[15.709,59.984],[15.535,59.973],[15.455,59.883]],[[16.717,60.216],[16.203,60.58],[16.205,60.625],[16.407,60.781],[16.156,60.999],[15.767,61.082],[15.676,61.217],[15.186,61.544],[15.102,61.492],[14.712,61.492],[14.667,61.563],[14.482,61.591]],[[16.717,60.216],[16.81,60.211],[16.966,60.296],[17.226,60.31]],[[15.455,59.883],[15.575,59.761],[15.558,59.638],[15.641,59.628],[15.679,59.548],[15.74,59.54],[15.752,59.441],[15.638,59.403],[15.627,59.298],[15.804,59.236],[15.779,59.206]],[[14.429,58.224],[14.812,58.646]],[[14.429,58.224],[14.598,58.112],[14.875,58.097],[15,58.154],[15.102,58.015],[15.046,57.993],[15.025,57.914],[15.154,57.74],[15.443,57.712]],[[13.694,56.983],[13.641,56.913],[13.321,56.832],[13.308,56.702],[13.438,56.579],[13.501,56.424]],[[13.694,56.983],[13.762,57.033],[13.862,57.002],[14.065,57.05],[14.321,56.888],[14.393,56.955],[14.354,57.032],[14.404,57.156],[14.769,57.228],[14.984,57.15],[15.175,57.197],[15.165,57.242],[15.551,57.211]],[[13.501,56.424],[13.993,56.479],[14.109,56.542],[14.541,56.477]],[[14.812,58.646],[15.279,58.845],[15.539,58.874],[15.603,58.957],[15.724,58.985]],[[15.779,59.206],[15.804,59.122],[15.64,59.037],[15.724,58.985]],[[15.551,57.211],[15.495,57.302],[15.528,57.44],[15.629,57.461],[15.663,57.53],[15.613,57.558],[15.667,57.609],[15.443,57.712]],[[15.551,57.211],[15.806,57.02],[15.846,56.943],[15.535,56.911],[15.556,56.815],[15.394,56.768],[15.409,56.57],[15.363,56.482]],[[14.541,56.477],[14.411,56.338],[14.461,56.256],[14.576,56.2],[14.553,56.054]],[[14.541,56.477],[14.894,56.378],[15.003,56.451],[15.363,56.482]],[[12.315,62.272],[12.797,62.207],[13.049,62.081],[13.382,62.004],[13.327,61.906],[13.606,61.658],[14.482,61.591]],[[14.482,61.591],[14.57,61.775],[14.684,61.869],[14.734,61.881],[14.838,61.796],[14.863,61.846],[15.112,61.838],[15.125,62],[15.446,62.14],[15.359,62.282]],[[16.745,64.017],[16.592,63.737],[15.912,63.64],[16.021,63.462],[16.965,62.979],[16.658,62.922],[16.355,62.731],[14.825,62.585],[14.851,62.425],[15.001,62.328],[15.359,62.282]],[[16.745,64.017],[16.263,64.256],[16.069,64.27],[15.985,64.354],[15.788,64.427],[15.713,64.53],[15.606,64.468],[15.292,64.645],[15.369,64.67],[15.269,64.722],[15.1,64.759],[15.044,64.832],[14.708,65],[14.333,65.115]],[[17.226,60.31],[17.224,60.404],[17.377,60.624]],[[15.476,66.355],[16.881,66.006],[17.472,65.755],[18.527,65.452],[18.72,65.438],[19.203,65.277],[19.251,65.214],[19.403,65.162],[20.115,65.312],[21.266,65.164],[21.582,65.068]],[[15.724,58.985],[15.881,59.008],[16.298,58.824],[16.441,58.695],[16.781,58.634]],[[31.747,-25.931],[31.669,-25.952],[31.67,-26.152]],[[31.67,-26.152],[31.291,-26.314],[31.253,-26.457],[31.083,-26.417],[30.897,-26.292]],[[31.67,-26.152],[31.698,-26.249],[31.606,-26.408],[31.6,-26.616],[31.523,-26.662],[31.488,-26.762]],[[31.488,-26.762],[31.558,-26.768],[31.497,-26.897],[31.539,-26.957],[31.771,-27.036],[31.944,-27.162]],[[31.488,-26.762],[31.327,-26.797],[31.3,-26.846],[31.223,-26.808],[31.069,-26.878],[31.044,-26.77],[30.885,-26.786]],[[-54.628,5.559],[-54.738,5.774],[-54.705,5.975]],[[-54.628,5.559],[-55.03,5.532],[-55.055,5.622],[-55.089,5.616],[-55.039,5.667]],[[-54.628,5.559],[-54.61,5.454],[-54.655,5.375]],[[-55.144,5.766],[-55.039,5.667]],[[-55.039,5.667],[-55.352,5.673]],[[-54.655,5.375],[-54.321,5.212]],[[-54.655,5.375],[-54.803,5.163],[-54.851,4.981]],[[-55.503,5.08],[-55.387,5.189],[-55.35,5.315],[-55.026,5.323],[-54.897,5.147],[-54.851,4.981]],[[-55.503,5.08],[-55.376,4.854],[-55.367,4.49],[-55.27,4.012],[-55.011,4.172],[-54.947,4.133],[-54.897,4.229],[-54.897,4.44],[-54.821,4.538],[-54.74,4.89],[-54.851,4.981]],[[-55.503,5.08],[-55.677,4.978],[-55.753,5.087],[-55.999,5.103],[-55.917,5.54]],[[-55.352,5.673],[-55.406,5.539],[-55.382,5.494],[-55.446,5.426],[-55.9,5.407],[-55.917,5.54]],[[-55.352,5.673],[-55.253,5.918]],[[-55.917,5.54],[-56.06,5.395],[-56.287,5.388],[-56.484,5.317]],[[-55.917,5.54],[-55.974,5.631],[-55.897,5.677]],[[-56.484,5.317],[-56.724,5.333],[-57.233,5.261]],[[-56.484,5.317],[-56.487,5.4],[-56.552,5.385],[-56.525,5.45],[-56.568,5.518],[-56.498,5.543],[-56.599,5.749],[-56.604,5.95]],[[33.544,15.432],[33.222,15.396],[33.101,15.317],[32.863,15.304],[32.634,15.237],[32.615,15.193]],[[33.544,15.432],[33.664,15.318],[34.023,15.171],[34.25,14.799],[33.908,14.163],[33.982,14.025]],[[33.544,15.432],[33.767,15.706],[34.362,15.577]],[[32.615,15.193],[32.639,15.055],[32.537,15],[32.655,14.926],[32.668,14.679],[32.48,14.416],[32.423,14.245],[32.631,13.818],[32.647,13.542],[32.711,13.543],[32.803,13.641]],[[32.615,15.193],[32.308,15.209]],[[32.803,13.641],[32.839,13.789],[32.964,13.749],[33.054,13.957],[33.147,14.045],[33.269,14.029],[33.377,13.916],[33.637,14.097],[33.982,14.025]],[[32.803,13.641],[32.875,13.545],[32.911,13.204],[33.099,12.889],[33.075,12.663],[33.209,12.21],[33.32,12.259],[33.509,12.233],[34.398,12.734],[34.554,12.626],[34.775,12.286],[35.149,11.871]],[[32.308,15.209],[32.222,15.442],[31.852,15.996],[31.602,16.539]],[[32.308,15.209],[31.974,15.068],[31.969,15],[31.846,14.914],[31.736,14.682],[31.597,14.598],[31.536,14.476],[31.52,14.207],[31.577,13.996],[31.717,13.894],[31.878,13.607],[32.06,13.485],[32.026,13.236],[31.643,12.965],[31.689,12.593]],[[31.852,16.671],[32.114,16.402],[32.64,16.32],[33.004,16.136],[33.708,15.918],[34.196,16.017]],[[31.852,16.671],[31.602,16.539]],[[31.852,16.671],[32.686,17.865],[32.565,18.263],[32.586,18.682],[32.167,18.913],[32.525,21.995]],[[34.196,16.017],[34.362,15.577]],[[34.196,16.017],[34.516,16.433],[35.252,16.439],[35.557,16.566],[35.659,16.734],[35.656,17.177]],[[31.689,12.593],[31.752,12.222],[31.927,12.169],[32.082,12]],[[31.689,12.593],[31.468,12.703],[31.271,12.616],[31.147,12.623],[30.985,12.441],[30.704,12.272],[30.581,12.318],[30.416,12.499],[30.052,12.505],[30.016,12.675],[29.95,12.733],[29.77,12.685],[29.5,12.281],[29.245,12.298],[28.908,12.493],[28.692,12.277],[28.597,11.956],[28.319,11.909],[28.066,11.967],[27.892,11.646],[27.645,11.404],[27.371,11.341],[27.225,11.423]],[[31.602,16.539],[31.408,16.593],[31.062,16.562],[27.496,16.679]],[[27.225,11.423],[27.306,11],[27.895,9.595]],[[27.225,11.423],[27.192,11.827]],[[24.981,20.008],[27.482,20],[27.496,16.679]],[[27.496,16.679],[26.917,16.647],[27.131,14.876],[27.228,14.746],[27.484,14.001],[27.442,13.761],[27.523,13.607],[27.503,13.513],[27.375,13.364],[27.361,13.25],[27.117,12.893],[27.106,12.593],[27.017,12.407],[27.051,12.114],[27.192,11.827]],[[27.192,11.827],[26.659,11.849],[26.427,11.999],[26.19,12.036],[25.854,12.424],[26.004,12.503],[26.001,12.558],[25.394,13.02],[25.245,13.064]],[[28.844,9.325],[29,9.272],[28.886,9.198],[28.834,9.032]],[[28.834,9.032],[27.932,8.974],[27.7,8.251]],[[28.834,9.032],[29.095,9.03],[29.351,8.642],[29.653,8.425],[29.699,7.821]],[[30.816,7.081],[30.215,7.129],[29.896,7.783],[29.699,7.821]],[[30.816,7.081],[31.242,6.74],[31.671,5.927]],[[30.816,7.081],[30.54,7.509],[30.567,7.557],[30.494,7.657],[30.55,7.801],[30.384,8.116],[30.311,8.15],[30.36,8.46],[30.275,8.559],[30.309,8.685],[30.227,8.76],[30.254,8.794],[30.191,8.99],[30.358,9.2],[30.325,9.348],[30.488,9.528],[30.939,9.518]],[[29.699,7.821],[29.176,7.168],[29.003,6.681],[28.836,6.635],[28.64,6.736]],[[27.7,8.251],[26.735,7.809],[26.633,7.828],[26.245,8.093],[26.149,8.291],[26.07,8.905],[26.102,9.988]],[[27.7,8.251],[27.959,7.892],[28.194,7.827],[28.55,7.617],[28.611,7.408],[28.59,7.089],[28.64,6.736]],[[28.64,6.736],[28.602,6.448],[28.63,6.268],[28.935,5.862],[29.112,5.751],[29.585,5.698],[29.704,5.729],[29.911,6.105],[29.938,6.467],[30.202,6.469],[30.435,6.12]],[[28.64,6.736],[28.119,6.694],[27.935,6.817],[26.379,6.631]],[[24.616,13.099],[25.245,13.064]],[[24.616,13.099],[24.432,13.112],[24.355,13.163],[24.583,13.458],[24.549,13.557],[24.402,13.555],[23.993,13.385],[23.635,13.548],[23.523,13.557]],[[24.616,13.099],[24.032,12.513],[23.968,12.073],[23.766,11.411],[23.297,11.108],[23.006,10.687]],[[25.245,13.064],[25.301,12.68],[25.283,12.404],[25.182,12.266],[25.191,11.586],[25.605,11.181],[25.844,10.529],[25.839,10.421]],[[33.982,14.025],[34.148,13.752],[34.304,13.731],[34.259,13.617],[34.423,13.361],[34.761,13.176],[34.948,12.99],[35.271,12.777],[35.701,12.665]],[[34.362,15.577],[34.625,15.503],[34.883,15.349],[34.995,15.212],[35.131,14.888],[35.408,14.607],[36.057,14.793],[36.462,14.794]],[[30.939,9.518],[30.95,9.752]],[[30.939,9.518],[31.405,9.346],[31.527,9.364],[31.945,8.867],[32.357,9.018],[32.608,8.569],[32.881,8.355],[32.897,8.233],[32.841,8.034],[33.008,7.944]],[[23.523,13.557],[23.493,13.644],[23.594,13.868],[23.915,14.212],[24.15,14.629],[24.103,14.865],[23.946,15.107],[23.984,15.722]],[[23.523,13.557],[23.408,13.434],[23.215,13.388],[22.902,12.937],[22.626,12.634],[22.681,12.275],[22.612,12.073]],[[35.656,17.177],[35.126,17.53],[34.863,17.967],[34.707,18.114],[34.119,18.384],[33.644,19.479],[33.696,19.635],[33.624,20.052],[33.683,20.321],[33.671,20.497],[33.54,20.747],[33.432,20.788],[33.269,20.956],[33.351,21.304],[33.273,21.497],[33.555,21.711],[33.16,21.995]],[[35.656,17.177],[36.04,16.99],[36.973,17.062]],[[31.671,5.927],[31.584,5.886],[31.178,5.983],[30.87,6.193],[30.435,6.12]],[[31.671,5.927],[32.208,5.896]],[[30.435,6.12],[30.908,5.681],[30.96,5.581],[30.879,5.34],[30.856,5.011],[30.563,4.873],[30.35,4.692],[30.158,4.791],[30.085,4.777],[29.788,4.539]],[[32.208,5.896],[34.188,5.775],[34.968,6.008]],[[32.208,5.896],[32.192,5.157],[32.333,4.789],[32.095,4.242],[31.914,4.081],[31.801,3.806]],[[-3.151,43.36],[-3.16,43.308],[-3.323,43.3],[-3.431,43.243],[-3.424,43.141]],[[-3.424,43.141],[-3.648,43.176],[-3.838,43.085],[-3.985,42.926],[-3.849,42.941],[-3.905,42.862],[-3.831,42.872],[-3.816,42.81],[-3.965,42.763],[-4.003,42.824],[-4.086,42.763]],[[-3.424,43.141],[-3.259,43.201],[-3.142,43.165]],[[-4.514,43.403],[-4.53,43.282],[-4.704,43.27],[-4.735,43.197],[-4.832,43.189]],[[-4.832,43.189],[-4.908,43.237],[-5.063,43.179],[-5.118,43.109],[-5.374,43.09],[-5.541,43.022],[-5.705,43.049],[-5.789,42.972],[-5.988,43.062],[-6.234,43.014],[-6.365,43.051],[-6.502,42.93],[-6.828,42.915]],[[-4.832,43.189],[-4.828,43.108],[-4.727,43.016]],[[-1.022,38.655],[-1.017,38.498],[-1.084,38.416],[-1.077,38.35],[-0.969,38.271],[-1.026,38.079],[-0.889,37.908],[-0.761,37.846]],[[-1.022,38.655],[-1.174,38.754],[-1.386,38.697],[-1.502,38.535],[-1.495,38.373],[-1.627,38.311],[-1.751,38.38],[-1.926,38.291],[-2.043,38.298],[-2.212,38.196],[-2.339,38.026]],[[-1.022,38.655],[-0.903,38.685],[-0.931,38.786]],[[0.173,40.731],[0.524,40.526]],[[0.173,40.731],[0.036,40.697],[-0.184,40.779],[-0.234,40.695],[-0.377,40.66],[-0.375,40.618],[-0.294,40.606],[-0.272,40.476],[-0.34,40.443],[-0.286,40.372],[-0.406,40.251],[-0.55,40.235],[-0.614,40.072],[-0.824,39.981],[-0.791,39.878]],[[0.173,40.731],[0.271,40.821],[0.29,40.982],[0.217,41.071]],[[-7.047,43.484],[-7.17,43.391],[-6.966,43.195],[-6.959,43.139],[-6.866,43.175],[-6.832,43.14],[-6.988,43.019],[-6.869,42.989],[-6.828,42.915]],[[-6.828,42.915],[-6.863,42.808],[-7.038,42.698],[-7.014,42.641],[-7.071,42.503]],[[-0.904,42.743],[-0.806,42.904],[-0.745,42.919]],[[-0.904,42.743],[-1.278,42.532],[-1.416,42.221],[-1.316,42.037],[-1.415,41.911],[-1.852,42.001]],[[-0.904,42.743],[-0.901,42.436],[-0.835,42.381],[-0.923,42.262],[-0.808,42.279],[-0.78,42.392],[-0.731,42.309],[-0.748,42.087],[-0.848,42.073],[-0.854,41.997],[-0.652,41.946],[-0.525,41.84],[-0.489,41.736],[-0.258,41.578],[-0.186,41.591],[-0.07,41.373],[0.106,41.351],[0.241,41.428],[0.338,41.406]],[[-1.852,42.001],[-1.896,42.076],[-1.823,42.146],[-1.694,42.138],[-1.697,42.216],[-2.077,42.443],[-2.406,42.497]],[[-1.852,42.001],[-1.858,41.955]],[[-2.406,42.497],[-2.502,42.538],[-2.632,42.513],[-2.734,42.616],[-2.821,42.584],[-2.837,42.644]],[[-2.406,42.497],[-2.401,42.591],[-2.493,42.609],[-2.293,42.663],[-2.32,42.729],[-2.242,42.839],[-2.253,42.9]],[[-2.837,42.644],[-3.072,42.632],[-3.115,42.541],[-3.072,42.535],[-3.049,42.452],[-3.12,42.196],[-3.026,42.088],[-2.934,42.083],[-2.91,42.023]],[[-2.837,42.644],[-3.031,42.773],[-3.136,42.77],[-3.114,42.887],[-3.217,42.83],[-3.28,42.88],[-3.224,42.944],[-3.085,42.906],[-2.979,42.934],[-3.04,42.978],[-2.987,43.009],[-3.029,43.047],[-3.165,43.027],[-3.142,43.165]],[[-1.858,41.955],[-1.816,41.852],[-1.846,41.791],[-1.788,41.706],[-1.988,41.595],[-1.946,41.416],[-2.031,41.385],[-2.1,41.443],[-2.172,41.328],[-2.145,41.187],[-2.053,41.15]],[[-1.858,41.955],[-1.968,41.918],[-2.095,41.953],[-2.149,42.051],[-2.128,42.097],[-2.256,42.089],[-2.347,42.142],[-2.508,42.11],[-2.573,42],[-2.744,42.023],[-2.735,42.12],[-2.813,42.038],[-2.91,42.023]],[[-2.339,38.026],[-2.547,38.081]],[[-2.339,38.026],[-2.21,37.916]],[[-1.145,39.972],[-1.163,40.011]],[[-1.145,39.972],[-1.207,39.939],[-1.27,39.687],[-1.381,39.681],[-1.498,39.563],[-1.501,39.422]],[[-1.145,39.972],[-0.923,39.956],[-0.878,39.852],[-0.791,39.878]],[[-1.163,40.011],[-1.08,40.066],[-1.235,40.123],[-1.295,40.202],[-1.325,40.149],[-1.449,40.15]],[[-1.163,40.011],[-1.37,40.016],[-1.449,40.15]],[[-5.328,40.116],[-5.365,40.093],[-5.386,39.881],[-5.289,39.862],[-5.308,39.758],[-5.168,39.793],[-5.141,39.712],[-5.196,39.588],[-4.944,39.392]],[[-5.328,40.116],[-5.167,40.089],[-5.021,40.155],[-4.966,40.118],[-4.801,40.266],[-4.7,40.276],[-4.672,40.207],[-4.572,40.212]],[[-5.328,40.116],[-5.355,40.255],[-5.54,40.197],[-5.728,40.294]],[[-4.944,39.392],[-5.057,39.363],[-5.099,39.398],[-5.179,39.31],[-5.34,39.324],[-5.396,39.172],[-5.566,39.209],[-5.613,39.189],[-5.578,39.138],[-5.614,39.102],[-5.69,39.083],[-5.81,39.145],[-6.003,39.063],[-6.021,39.128],[-6.142,39.031],[-6.312,39.116],[-6.319,39.185],[-6.555,39.154],[-6.77,39.191],[-6.801,39.239],[-6.752,39.303],[-6.815,39.388],[-7.049,39.437],[-7.045,39.315],[-7.073,39.381],[-7.118,39.38],[-7.204,39.266],[-7.251,39.271]],[[-4.944,39.392],[-4.863,39.556],[-4.754,39.502],[-4.753,39.418]],[[-4.944,39.392],[-4.88,39.367],[-4.753,39.418]],[[-2.053,41.15],[-2.065,41.077],[-2.137,41.118],[-2.422,41.065],[-2.523,41.153],[-2.586,41.15],[-2.592,41.222],[-2.728,41.273],[-2.844,41.268],[-2.897,41.321],[-3.049,41.281],[-3.199,41.301]],[[-2.053,41.15],[-1.945,41.164],[-1.622,40.947]],[[-2.91,42.023],[-3.017,41.887],[-3.171,41.793],[-3.272,41.865],[-3.28,41.767],[-3.354,41.737],[-3.46,41.589],[-3.542,41.578]],[[-4.572,40.212],[-4.511,40.203],[-4.366,40.309],[-4.296,40.221],[-4.175,40.284],[-3.614,40.106],[-3.634,40.043],[-3.874,39.927],[-3.81,39.894],[-3.502,40.049],[-3.164,40.066]],[[-4.572,40.212],[-4.538,40.334],[-4.469,40.32],[-4.419,40.402],[-4.325,40.413],[-4.29,40.622],[-4.184,40.616],[-4.161,40.687]],[[-1.449,40.15],[-1.444,40.197],[-1.542,40.198],[-1.719,40.29],[-1.808,40.402]],[[25.013,-28.068],[25.28,-27.787],[25.799,-27.581],[25.994,-27.636],[26.019,-27.712],[26.061,-27.714],[26.079,-27.613],[26.25,-27.426],[26.513,-27.391],[26.45,-27.353],[26.486,-27.254],[26.431,-27.154],[26.568,-27.106],[26.615,-27.014],[26.695,-27.017],[26.794,-26.928],[26.918,-26.955],[26.933,-26.865],[27,-26.923],[27.178,-26.924],[27.181,-26.96],[27.308,-26.862],[27.48,-26.874],[27.583,-26.738],[27.76,-26.778],[27.959,-26.667],[28.044,-26.818],[28.256,-26.894]],[[25.013,-28.068],[24.932,-28.097],[24.825,-27.909],[25.027,-27.708],[24.789,-27.681],[24.796,-27.611],[24.681,-27.654],[24.691,-27.826],[24.52,-28.1],[24.363,-27.899],[24.445,-27.783],[24.413,-27.76],[24.44,-27.703],[24.112,-27.743],[24.116,-27.628],[24.043,-27.585],[24.032,-27.509],[24.085,-27.359],[23.894,-27.258],[24.011,-27.065],[23.988,-26.912],[23.494,-26.737],[23.581,-26.615],[23.458,-26.529],[23.271,-26.479],[23.284,-26.343],[23.222,-26.268],[23.303,-26.144],[23.222,-26.12],[23.229,-26.059],[23.351,-26.08],[23.374,-26.016],[23.099,-25.987],[23.057,-26.1],[22.993,-26.094],[22.986,-26.161],[22.915,-26.155],[22.815,-26.448],[22.702,-26.41],[22.705,-26.13],[22.621,-26.112]],[[25.013,-28.068],[24.895,-28.286],[24.841,-28.583],[24.874,-28.65],[24.341,-29.649],[24.428,-29.779],[24.658,-29.896],[24.692,-29.969],[24.784,-29.988],[24.907,-30.201],[25.185,-30.456],[25.467,-30.613]],[[29.771,-27.452],[29.626,-27.51],[29.442,-27.253],[29.342,-27.239],[29.211,-27.143],[29.113,-27.151],[29.057,-27.03],[28.99,-26.996],[28.823,-27.039],[28.652,-26.956],[28.62,-26.979],[28.658,-27.006],[28.535,-27.058],[28.547,-27.014],[28.487,-26.966],[28.426,-26.983],[28.256,-26.894]],[[29.771,-27.452],[29.864,-27.379],[30.154,-27.377],[30.389,-27.266],[30.444,-27.309],[30.691,-27.275],[30.98,-27.355],[31.151,-27.324],[31.245,-27.233]],[[29.771,-27.452],[29.719,-27.483],[29.774,-27.595],[29.683,-27.662],[29.722,-27.811],[29.626,-28.038],[29.664,-28.165],[29.591,-28.249],[29.494,-28.264],[29.231,-28.443],[29.189,-28.535],[28.973,-28.575],[28.859,-28.773]],[[27.583,-26.738],[27.569,-26.65],[27.414,-26.644],[27.355,-26.58],[27.243,-26.64],[27.231,-26.571],[27.157,-26.525],[27.23,-26.504],[27.191,-26.382],[27.324,-26.287],[27.29,-26.146],[27.395,-26.123],[27.459,-25.885],[27.526,-25.844],[27.641,-25.804],[27.728,-25.878],[27.924,-25.83],[27.983,-25.547],[28.054,-25.536],[28.001,-25.518],[28.033,-25.472],[27.949,-25.41],[27.969,-25.364],[28.051,-25.4],[28.294,-25.317]],[[28.294,-25.317],[28.231,-25.226],[28.084,-25.149],[28.11,-25.108],[28.199,-25.134],[28.222,-25.078],[28.098,-25.009],[27.622,-24.976],[27.52,-25.103],[27.488,-25.056],[27.367,-25.059],[27.17,-24.981],[27.055,-24.85],[27.023,-24.724],[26.727,-24.867],[26.445,-24.809],[26.404,-24.633]],[[28.294,-25.317],[28.644,-25.263],[28.606,-25.158]],[[28.256,-26.894],[28.408,-26.759],[28.402,-26.659],[28.506,-26.613],[28.529,-26.505],[28.63,-26.54],[28.767,-26.516],[28.796,-26.427],[28.864,-26.401],[28.807,-26.308],[28.718,-26.338],[28.532,-26.221],[28.501,-26.08],[28.581,-26.059],[28.634,-25.973],[28.87,-26.005],[28.881,-25.896],[28.956,-25.842],[28.962,-25.701],[29.089,-25.502],[28.946,-25.595],[28.854,-25.499],[28.804,-25.542],[28.859,-25.632],[28.812,-25.648],[28.83,-25.695],[28.764,-25.706],[28.73,-25.629],[28.709,-25.683],[28.67,-25.664],[28.629,-25.333],[28.783,-25.228],[28.752,-25.115],[28.606,-25.158]],[[28.606,-25.158],[28.433,-25.219],[28.355,-25.189],[28.629,-25.052],[28.612,-25.002],[28.676,-24.967],[28.917,-24.904],[28.898,-24.956],[28.969,-25.072],[29.127,-25.112],[29.043,-25.142],[29.038,-25.269],[29.1,-25.318],[29.166,-25.304],[29.143,-25.395],[29.77,-25.395],[30.004,-25.332],[29.978,-25.094],[30.146,-25.11],[30.184,-24.855],[30.421,-24.851],[30.492,-24.948],[30.62,-24.86],[30.659,-24.819],[30.638,-24.738],[30.72,-24.704],[30.673,-24.618],[30.734,-24.582],[30.739,-24.457],[30.875,-24.535],[30.967,-24.527],[30.975,-24.582],[31.221,-24.557],[31.26,-24.508],[31.216,-24.433],[31.167,-24.438],[31.163,-24.379],[31.243,-24.365],[31.195,-24.311],[31.059,-24.321],[31.051,-24.19],[31.112,-24.125],[31.079,-24.081],[31.203,-24.035],[31.248,-24.101],[31.452,-24.022],[31.712,-24.05],[31.78,-23.965],[31.856,-23.963]],[[27.378,-30.312],[27.405,-30.368],[27.325,-30.392],[27.357,-30.432],[27.295,-30.43],[27.298,-30.488],[27.01,-30.533],[27.034,-30.586],[26.852,-30.677],[26.781,-30.643],[26.628,-30.68],[26.492,-30.63],[26.442,-30.56],[26.28,-30.579],[26.146,-30.485],[26.135,-30.526],[25.892,-30.542],[25.725,-30.681],[25.629,-30.654],[25.611,-30.606],[25.467,-30.613]],[[25.467,-30.613],[25.522,-30.802],[25.507,-30.934],[25.379,-31.211],[25.215,-31.202],[24.765,-31.389],[24.559,-31.402],[24.5,-31.705],[24.182,-31.749],[24.147,-31.79]],[[24.147,-31.79],[23.995,-31.716],[23.863,-31.8],[23.699,-31.667],[23.401,-31.681],[23.07,-31.977],[23.027,-31.886],[22.606,-31.777],[22.515,-31.678],[22.291,-31.57],[22.089,-31.893],[22.101,-32.057],[21.971,-32.196],[21.853,-32.243],[21.553,-32.241],[21.192,-32.459],[21.118,-32.607],[20.865,-32.677],[20.784,-32.862],[20.705,-32.918],[20.421,-32.937],[20.186,-32.737],[20.095,-32.522],[20.082,-32.412],[20.213,-32.284],[20.168,-32.186],[19.925,-32.357],[19.61,-32.458],[19.591,-32.614],[19.534,-32.638],[19.473,-32.583],[19.488,-32.466],[19.425,-32.31],[19.493,-32.232],[19.476,-32.081],[19.326,-32.03],[19.249,-31.952],[19.26,-31.883],[19.185,-31.922],[19.029,-31.893],[19.067,-31.577],[18.905,-31.01],[18.939,-30.724],[18.843,-30.695],[18.735,-30.577],[18.561,-30.471],[18.464,-30.526],[18.411,-30.5],[18.247,-30.783],[18.157,-30.822],[18.024,-30.775],[17.975,-30.816],[17.828,-31.063],[17.821,-31.17],[17.767,-31.156]],[[14.927,45.963],[14.877,45.87]],[[14.927,45.963],[14.954,45.975]],[[14.805,45.798],[14.752,45.883]],[[14.805,45.798],[14.877,45.87]],[[14.805,45.798],[14.814,45.758]],[[14.752,45.883],[14.64,45.875]],[[14.64,45.875],[14.688,45.818]],[[14.64,45.875],[14.601,45.909]],[[14.688,45.818],[14.587,45.793]],[[14.688,45.818],[14.796,45.743]],[[15.071,46.065],[15.094,46.04]],[[15.071,46.065],[15.106,46.094]],[[15.094,46.04],[15.116,46.004]],[[15.094,46.04],[15.24,46.034],[15.202,46.061]],[[15.339,46.229],[15.301,46.189]],[[15.339,46.229],[15.363,46.181]],[[15.339,46.229],[15.359,46.261]],[[15.301,46.189],[15.363,46.181]],[[15.301,46.189],[15.216,46.198]],[[15.359,46.261],[15.377,46.311]],[[15.369,46.334],[15.377,46.311]],[[15.369,46.334],[15.425,46.371]],[[15.377,46.311],[15.53,46.277]],[[15.202,46.061],[15.163,46.092]],[[15.202,46.061],[15.368,46.072]],[[15.163,46.092],[15.106,46.094]],[[15.163,46.092],[15.188,46.116],[15.113,46.183]],[[15.216,46.198],[15.113,46.183]],[[14.585,45.896],[14.601,45.909]],[[14.162,46.179],[14.074,46.158]],[[14.553,46.243],[14.583,46.198]],[[14.03,46.073],[14.074,46.158]],[[14.03,46.073],[14.139,46.006]],[[14.03,46.073],[13.895,46.068]],[[14.139,46.006],[14.121,45.879]],[[14.126,45.869],[14.121,45.879]],[[14.126,45.869],[14.046,45.837]],[[14.074,46.158],[13.989,46.195]],[[13.997,46.239],[13.989,46.195]],[[13.997,46.239],[13.866,46.232],[13.737,46.286]],[[15.425,46.371],[15.503,46.36]],[[15.425,46.371],[15.423,46.425]],[[15.503,46.36],[15.552,46.278]],[[15.503,46.36],[15.423,46.425]],[[13.989,46.195],[13.894,46.154],[13.895,46.068]],[[13.848,46.381],[14.111,46.307]],[[13.848,46.381],[13.842,46.382]],[[13.848,46.381],[13.992,46.445]],[[14.111,46.307],[14.137,46.372]],[[14.121,45.879],[13.852,46.002]],[[14.046,45.837],[14.037,45.761]],[[14.046,45.837],[13.973,45.877],[13.886,45.829]],[[14.093,45.714],[14.037,45.761]],[[14.093,45.714],[14.091,45.624]],[[14.037,45.761],[13.99,45.765]],[[14.091,45.624],[14.333,45.672],[14.426,45.644]],[[14.091,45.624],[14.09,45.614]],[[13.895,46.068],[13.866,46.007]],[[13.852,46.002],[13.733,45.906],[13.834,45.835]],[[13.852,46.002],[13.866,46.007]],[[13.886,45.829],[13.834,45.835]],[[13.886,45.829],[13.903,45.81]],[[13.99,45.765],[13.938,45.643]],[[13.99,45.765],[13.903,45.81]],[[14.137,46.372],[14.128,46.407]],[[14.137,46.372],[14.238,46.425]],[[14.267,46.326],[14.238,46.425]],[[15.408,46.478],[15.46,46.55]],[[15.408,46.478],[15.335,46.477]],[[15.423,46.425],[15.335,46.477]],[[13.866,46.007],[13.769,46.102]],[[13.769,46.102],[13.604,46.013]],[[13.769,46.102],[13.641,46.171]],[[13.604,46.013],[13.523,46.075]],[[13.604,46.013],[13.601,45.985]],[[13.842,46.382],[13.727,46.302]],[[13.842,46.382],[13.686,46.464]],[[13.727,46.302],[13.737,46.286]],[[13.727,46.302],[13.396,46.307]],[[13.737,46.286],[13.627,46.182]],[[15.919,46.273],[15.901,46.343],[15.825,46.308]],[[15.825,46.308],[15.801,46.321]],[[15.825,46.308],[15.881,46.259]],[[14.564,45.79],[14.587,45.793]],[[14.564,45.79],[14.576,45.735]],[[14.478,45.748],[14.537,45.734]],[[14.537,45.734],[14.576,45.735]],[[14.537,45.734],[14.569,45.664]],[[14.576,45.735],[14.646,45.707]],[[15.969,46.362],[15.994,46.291]],[[15.969,46.362],[15.904,46.394]],[[15.969,46.362],[15.983,46.417]],[[16.076,46.384],[16.032,46.364],[16.05,46.317]],[[16.076,46.384],[16.089,46.373]],[[16.076,46.384],[16.026,46.432]],[[16.335,46.556],[16.34,46.544]],[[16.335,46.556],[16.378,46.6]],[[16.335,46.556],[16.328,46.584]],[[14.755,46.421],[14.673,46.46]],[[16.302,46.527],[16.302,46.527]],[[16.302,46.527],[16.261,46.514]],[[16.248,46.554],[16.311,46.531]],[[16.248,46.554],[16.266,46.569]],[[16.248,46.554],[16.217,46.584]],[[16.026,46.432],[15.983,46.417]],[[16.026,46.432],[16.021,46.491]],[[177.912,-38.961],[177.555,-38.787],[177.418,-38.645],[177.173,-38.57]],[[176.348,-40.697],[176.087,-40.693],[175.831,-40.775],[175.72,-40.697],[175.262,-40.766],[175.141,-40.674]],[[15.53,46.277],[15.447,46.221],[15.545,46.155]],[[15.53,46.277],[15.552,46.278]],[[15.368,46.072],[15.418,46.063]],[[15.545,46.155],[15.536,46.13]],[[15.545,46.155],[15.613,46.204]],[[15.536,46.13],[15.482,46.113],[15.493,46.068]],[[15.536,46.13],[15.608,46.066]],[[15.418,46.063],[15.493,46.068]],[[15.418,46.063],[15.429,46.001],[15.363,45.935]],[[15.493,46.068],[15.559,46.017]],[[15.145,45.873],[15.086,45.806]],[[15.145,45.873],[15.098,45.895],[15.037,45.841]],[[15.145,45.873],[15.21,45.874],[15.239,45.924]],[[15.086,45.806],[15.037,45.841]],[[15.086,45.806],[15.058,45.781]],[[15.037,45.841],[14.877,45.87]],[[16.378,46.6],[16.348,46.615]],[[16.378,46.6],[16.328,46.584]],[[16.348,46.615],[16.372,46.636]],[[16.348,46.615],[16.314,46.645]],[[16.301,46.597],[16.328,46.584]],[[16.301,46.597],[16.266,46.569]],[[16.301,46.597],[16.298,46.648]],[[16.301,46.597],[16.266,46.569]],[[15.889,46.663],[15.968,46.695]],[[15.978,46.586],[16.014,46.594]],[[16.042,46.663],[16.014,46.594]],[[16.042,46.663],[16.11,46.624]],[[16.042,46.663],[16.017,46.671]],[[16.014,46.594],[16.079,46.593]],[[16.056,46.816],[16.125,46.833]],[[16.056,46.816],[16.053,46.846]],[[16.125,46.833],[16.13,46.857]],[[16.314,46.645],[16.298,46.648]],[[16.314,46.645],[16.356,46.685]],[[16.403,46.663],[16.356,46.685]],[[16.356,46.685],[16.365,46.697]],[[16.11,46.624],[16.161,46.606]],[[16.11,46.624],[16.079,46.593]],[[16.056,46.756],[15.971,46.775]],[[16.241,46.654],[16.161,46.606]],[[16.241,46.654],[16.298,46.648]],[[16.211,46.745],[16.258,46.78]],[[16.161,46.606],[16.217,46.584]],[[16.161,46.606],[16.177,46.56]],[[16.217,46.584],[16.177,46.56]],[[16.258,46.78],[16.299,46.78]],[[16.258,46.78],[16.179,46.858]],[[-15.431,14.574],[-15.468,14.628],[-15.773,14.742],[-15.816,14.61],[-15.933,14.535],[-16.377,14.603],[-16.531,14.581]],[[-15.431,14.574],[-15.38,14.698]],[[-15.431,14.574],[-15.594,14.544],[-15.799,14.385]],[[-16.531,14.581],[-16.62,14.624],[-16.587,14.686],[-16.678,14.878],[-16.659,14.935],[-16.399,15.012],[-16.226,14.924],[-16.132,14.969]],[[-16.531,14.581],[-16.594,14.471],[-16.695,14.427],[-16.746,14.208],[-16.811,14.125]],[[-16.085,13.585],[-16.241,13.805],[-16.197,13.898],[-16.235,14.104],[-16.372,14.163]],[[-15.38,14.698],[-15.097,14.603],[-14.898,14.677],[-14.863,14.638]],[[-15.38,14.698],[-15.459,14.838],[-15.7,14.848],[-15.817,15.001],[-16.132,14.969]],[[-14.863,14.638],[-14.639,14.557],[-14.633,14.511]],[[-14.863,14.638],[-14.73,14.847],[-14.803,15.039],[-14.542,15.102],[-14.585,15.123],[-14.534,15.369],[-14.618,15.358],[-14.785,15.442],[-14.741,15.678],[-14.541,15.805]],[[-14.633,14.511],[-14.357,14.644],[-14.269,14.563],[-13.834,14.402],[-13.511,14.399],[-13.219,14.595],[-12.949,14.546],[-12.755,14.566],[-12.571,14.903],[-12.69,15.092]],[[-14.633,14.511],[-14.586,14.024],[-14.629,13.939],[-14.813,13.84],[-14.86,13.766]],[[-15.799,14.385],[-16.257,14.34],[-16.38,14.168]],[[-15.799,14.385],[-15.855,14.038],[-15.702,13.904],[-15.666,13.769],[-15.583,13.827],[-15.394,13.772]],[[-13.623,13.24],[-13.473,12.892],[-13.481,12.709],[-13.36,12.65]],[[-13.623,13.24],[-13.69,13.294],[-13.695,13.372],[-13.77,13.375],[-13.73,13.466],[-13.808,13.474],[-13.803,13.536],[-13.883,13.504]],[[-13.623,13.24],[-13.582,13.325],[-13.365,13.341],[-13.309,13.022],[-12.977,13.058],[-12.853,12.984],[-12.742,13.046],[-12.686,13.172],[-12.531,13.181],[-12.445,13.278],[-12.369,13.251],[-12.337,13.307],[-12.266,13.307],[-12.278,13.439],[-12.079,13.36],[-12.067,13.316],[-11.9,13.382]],[[-15.897,13.157],[-16.022,12.729]],[[-15.964,12.602],[-15.884,12.442]],[[44.628,27.222],[44.798,27.119],[44.841,26.986],[44.392,26.648],[44.376,26.385],[44.676,26.001],[44.736,25.697],[44.712,25.579],[44.019,25.567],[43.72,25.281],[43.298,25.166],[43.106,24.962],[43.134,24.778],[43.05,24.687],[42.512,24.702],[42.269,24.786],[42.182,24.741],[42.096,24.612]],[[44.628,27.222],[44.478,27.073],[44.265,27.087],[43.869,27.326],[43.418,27.131],[43.294,27.046],[43.181,26.881],[42.918,26.771],[42.535,26.511],[42.352,26.271],[42.195,26.242],[42.138,26.122],[42.142,25.943],[41.958,25.973],[41.896,25.916],[41.95,25.726],[41.41,25.537]],[[44.628,27.222],[44.64,27.395],[44.799,27.52]],[[42.096,24.612],[41.979,24.703],[41.873,24.999],[41.65,25.102],[41.645,25.454],[41.41,25.537]],[[42.096,24.612],[42.001,24.405],[41.986,23.949]],[[44.99,27.533],[44.902,27.458],[44.799,27.52]],[[44.99,27.533],[44.939,27.62],[44.974,27.74],[45.213,28.016],[45.625,28.682],[45.801,28.838],[46.427,29.076]],[[44.99,27.533],[45.128,27.436],[45.245,27.232],[45.529,27.086],[45.692,27.053],[45.913,26.862],[46.23,26.818],[46.588,26.611],[46.83,26.623],[47.062,26.409],[47.43,26.262],[47.465,26.175],[47.496,24.789],[48.141,24.27],[48.265,24.071],[48.299,23.655],[47.745,19.531]],[[44.799,27.52],[44.525,27.746],[44.094,27.84],[43.782,28.371],[43.716,28.415],[43.474,28.316],[43.275,28.386],[43.115,28.383],[43.03,28.432],[42.968,28.599],[42.668,28.53],[42.388,28.744],[42.001,28.831],[41.694,28.796],[41.342,28.876],[40.74,28.76],[40.544,28.816]],[[41.41,25.537],[40.871,25.592],[40.615,25.414],[40.362,25.396],[40.09,25.313],[39.994,25.337],[39.947,25.422],[39.956,25.688],[39.903,25.922],[39.96,26.288],[39.925,26.346],[39.831,26.34],[39.78,26.385],[39.84,26.547],[39.816,26.657]],[[40.544,28.816],[40.711,28.979],[40.742,29.334],[40.787,29.417],[41.755,29.964],[41.898,30.122],[41.681,30.282],[41.531,30.501],[41.177,30.56],[40.88,30.733],[40.175,30.736],[39.868,30.868],[39.192,30.958],[38.191,30.903],[37.873,31.244],[37.866,31.372],[37.987,31.753]],[[40.544,28.816],[40.459,28.827],[40.08,28.69],[39.156,28.303],[39,28.168]],[[39,28.168],[39.434,28.043],[39.728,27.847],[39.811,27.753],[39.931,27.342],[40.166,27.187],[40.142,27.105],[39.955,26.936],[39.816,26.657]],[[47.745,19.531],[45.273,19.257],[44.92,19.295],[44.517,19.513]],[[47.745,19.531],[47.429,17.093]],[[44.517,19.513],[44.106,19.867],[43.937,20.107],[44.056,20.561],[43.668,20.976]],[[44.517,19.513],[44.505,19.332],[44.359,19.193],[44.399,18.997],[44.367,18.853],[44.082,18.714],[43.648,18.222],[43.676,17.998],[43.638,17.439]],[[43.668,20.976],[43.389,21.382],[43.426,21.799],[43.508,21.956],[43.458,22.31],[43.485,22.502],[43.311,22.554],[43.125,22.52],[43.036,22.549],[42.987,22.63],[43.006,22.838],[42.94,22.892],[42.498,22.923],[42.377,22.972],[42.107,23.663],[41.987,23.772],[41.986,23.949]],[[43.668,20.976],[43.37,20.84],[43.222,20.865],[42.924,20.799],[42.26,20.347],[42.153,20.399],[42.032,20.625]],[[41.699,19.797],[41.843,20.178],[42.027,20.325],[41.984,20.471],[42.032,20.625]],[[41.699,19.797],[41.495,19.761],[41.349,19.399],[41.216,19.37],[40.98,19.56],[40.951,19.954],[40.802,20.084],[40.914,20.194],[41.139,20.265],[41.25,20.469],[41.229,20.678],[41.285,20.752],[41.407,20.729],[41.507,20.573],[41.932,20.681],[42.032,20.625]],[[41.699,19.797],[41.805,19.813],[41.865,19.741],[41.832,19.547],[41.889,19.383],[41.855,19.282],[41.795,19.224],[41.611,19.228],[41.475,19.151],[41.402,19.182],[41.384,18.92],[41.451,18.791],[41.723,18.742],[41.81,18.495],[41.771,18.314]],[[41.771,18.314],[41.933,18.296],[41.943,18.05],[42.101,18.031],[42.188,17.913],[42.42,17.885],[42.629,17.661],[42.682,17.683],[42.772,17.926],[42.925,17.993],[42.963,17.867],[43.342,17.482]],[[41.986,23.949],[41.75,23.941],[41.765,23.73],[41.718,23.642],[41.286,23.403],[41.299,23.34],[41.447,23.254],[41.423,23.185],[41.227,23.094],[40.802,22.757],[40.665,22.586],[40.409,22.616],[40.215,22.493],[40.08,22.513],[40.067,22.716],[39.885,22.821],[39.954,23.047],[39.913,23.146],[39.487,23.068],[39.415,23.181],[39.183,23.181],[38.926,23.442],[38.644,23.419]],[[39.816,26.657],[39.72,26.73],[39.154,26.677],[38.833,26.829],[38.759,26.926],[38.705,26.834],[38.526,26.885],[38.323,26.794],[38.31,26.888],[38.215,26.956],[38.196,27.033],[37.94,27.095],[37.75,27.394],[37.499,27.293],[37.218,27.381],[36.803,27.231],[36.783,27.182],[36.918,27.181],[36.985,27.12],[37.015,26.712],[37.264,26.568],[37.167,26.335],[37.272,26.078],[37.368,26.112],[37.562,26.009],[37.608,25.903],[37.787,25.747],[37.878,25.502],[38.021,25.449],[37.987,24.84],[37.919,24.787],[37.757,24.789],[37.614,24.681],[37.431,24.657],[37.383,24.54]],[[24.008,47.325],[23.936,47.246],[23.951,47.168],[24.141,47.068],[24.161,46.955],[24.239,46.899],[24.197,46.785]],[[24.008,47.325],[23.813,47.317]],[[24.008,47.325],[24.126,47.457],[24.366,47.559],[24.759,47.537],[24.956,47.582]],[[24.197,46.785],[24.109,46.717],[24.121,46.644],[24.036,46.604],[24.033,46.534],[23.967,46.476],[23.995,46.45]],[[24.197,46.785],[24.346,46.745],[24.484,46.767],[24.582,46.895],[24.736,46.894],[24.816,47.022],[25.069,47.103]],[[23.813,47.317],[23.804,47.218],[23.51,47.127],[23.454,47.066],[23.482,46.995],[23.342,46.959],[23.347,46.892],[23.242,46.937],[23.196,46.874],[23.018,46.876],[22.868,46.972],[22.719,46.979]],[[23.813,47.317],[23.245,47.416],[23.09,47.404]],[[22.719,46.979],[22.688,46.92],[22.761,46.866],[22.666,46.784],[22.803,46.627],[22.803,46.557]],[[22.719,46.979],[22.495,47.181],[22.581,47.321]],[[26.029,44.738],[25.907,44.566]],[[26.029,44.738],[26.27,44.76]],[[26.029,44.738],[25.825,44.837],[25.79,44.946],[25.711,44.957],[25.459,45.333],[25.43,45.452]],[[25.907,44.566],[25.905,44.369],[26.147,44.26],[26.28,44.321]],[[25.907,44.566],[25.599,44.553],[25.514,44.506]],[[25.309,45.388],[25.334,45.338],[25.271,45.192],[25.189,45.191],[25.163,45.13],[25.235,45.016],[25.194,44.949],[25.191,44.655],[25.317,44.566],[25.279,44.437]],[[25.309,45.388],[25.43,45.452]],[[25.309,45.388],[25.206,45.516],[25.095,45.57],[24.709,45.599]],[[25.279,44.437],[25.348,44.449],[25.396,44.528],[25.514,44.506]],[[25.279,44.437],[24.851,44.39]],[[23.586,45.353],[23.174,45.269],[22.892,45.296],[22.669,45.24]],[[23.586,45.353],[23.584,45.447]],[[23.586,45.353],[23.836,45.307],[23.776,44.723]],[[22.669,45.24],[22.707,45.322],[22.678,45.493],[22.445,45.663]],[[22.669,45.24],[22.563,45.147],[22.641,45.092]],[[23.584,45.447],[23.574,45.504],[23.411,45.603],[23.316,45.877],[23.074,46.105],[23.067,46.184],[22.967,46.219],[22.914,46.315],[22.755,46.334]],[[23.584,45.447],[23.626,45.452]],[[24.527,45.562],[24.49,45.309],[24.537,45.136],[24.512,44.914],[24.438,44.85]],[[24.527,45.562],[24.709,45.599]],[[24.527,45.562],[24.322,45.563],[24.068,45.496],[23.794,45.508],[23.626,45.452]],[[24.438,44.85],[24.465,44.82],[24.564,44.891],[24.633,44.757],[24.726,44.737],[24.69,44.705],[24.765,44.416],[24.851,44.39]],[[24.438,44.85],[24.397,44.91],[24.286,44.746],[24.333,44.583],[24.278,44.62],[24.084,44.517],[23.958,44.53]],[[23.776,44.723],[23.735,44.729],[23.732,44.624],[23.489,44.55]],[[23.776,44.723],[23.958,44.53]],[[26.27,44.76],[26.44,44.644],[26.368,44.565],[26.434,44.523]],[[26.27,44.76],[26.535,44.81],[26.604,44.865]],[[25.43,45.452],[25.651,45.485],[25.846,45.438],[25.924,45.513],[26.046,45.482]],[[26.485,46.021],[26.38,45.803]],[[26.485,46.021],[26.342,46.178],[26.252,46.15]],[[26.485,46.021],[26.6,46.009],[26.67,46.077],[27.112,46.081],[27.307,46.174],[27.52,46.163]],[[26.38,45.803],[26.319,45.609],[26.235,45.626],[26.201,45.577],[26.1,45.564]],[[26.38,45.803],[26.569,45.625],[26.669,45.621],[26.843,45.525],[26.976,45.533],[27.05,45.454],[27.423,45.387]],[[26.1,45.564],[25.895,45.718],[25.671,45.752],[25.558,45.854],[25.567,46.039],[25.454,46.106]],[[26.1,45.564],[26.046,45.482]],[[26.046,45.482],[26.174,45.387],[26.262,45.218],[26.416,45.198],[26.489,45.025],[26.578,44.977],[26.543,44.926],[26.604,44.865]],[[26.604,44.865],[27.052,44.823],[27.131,44.76],[27.199,44.777],[27.201,44.819]],[[27.423,45.387],[27.58,45.493]],[[27.423,45.387],[27.305,45.234],[27.064,45.201],[27.085,45.155],[27.152,45.184],[27.21,45.062],[27.268,45.048],[27.246,44.948],[27.175,44.909],[27.201,44.819]],[[24.709,45.599],[24.649,45.777],[24.754,45.82],[24.715,45.907],[24.982,46.064]],[[25.454,46.106],[25.691,46.293],[25.898,46.116],[26.252,46.15]],[[25.454,46.106],[25.313,46.167],[25.188,46.143]],[[23.626,45.452],[23.612,45.711],[23.765,45.863],[23.701,45.92],[23.836,45.925],[23.872,46.018],[24.014,46.005],[24.192,46.16],[24.192,46.244]],[[24.982,46.064],[25.031,46.13],[25.188,46.143]],[[24.982,46.064],[24.872,46.103],[24.707,46.085],[24.674,46.266],[24.192,46.244]],[[23.995,46.45],[23.655,46.401],[23.611,46.424],[23.624,46.473],[23.421,46.524],[23.077,46.455],[22.997,46.531],[22.803,46.557]],[[23.995,46.45],[24.057,46.427],[24.026,46.369],[24.192,46.244]],[[25.069,47.103],[25.076,47.228],[25.028,47.247],[25.057,47.315],[25.003,47.387],[25.089,47.483],[24.956,47.582]],[[25.069,47.103],[25.205,47.076]],[[25.188,46.143],[24.87,46.325],[24.962,46.364],[24.933,46.409],[25.013,46.44],[25.035,46.506],[25.281,46.667],[25.268,46.967],[25.205,47.076]],[[26.252,46.15],[26.299,46.311],[26.168,46.306],[26.147,46.385],[26.025,46.413],[26.07,46.487],[26.009,46.668]],[[25.205,47.076],[25.283,47.07],[25.39,47.14],[25.568,47.049],[25.671,47.058]],[[25.671,47.058],[25.866,46.913],[25.817,46.87],[25.841,46.67],[25.911,46.629],[25.918,46.68],[26.009,46.668]],[[25.671,47.058],[25.82,47.207],[25.783,47.278],[25.891,47.232],[26.376,47.297],[26.482,47.254]],[[26.009,46.668],[26.254,46.704],[26.3,46.635],[26.408,46.635],[26.714,46.74],[26.835,46.72],[26.895,46.814],[26.971,46.744],[27.226,46.743]],[[27.52,46.163],[27.533,46.117]],[[27.52,46.163],[27.479,46.397],[27.338,46.585],[27.324,46.673],[27.226,46.743]],[[27.226,46.743],[27.205,46.86]],[[22.755,46.334],[22.619,46.218],[22.447,46.197],[22.42,46.025],[22.355,45.95]],[[22.755,46.334],[22.707,46.369]],[[22.803,46.557],[22.703,46.532],[22.707,46.369]],[[23.489,44.55],[23.342,44.656],[23.103,44.718],[22.937,44.842],[22.918,44.973],[22.641,45.092]],[[23.489,44.55],[23.291,44.519],[23.206,44.416],[23.274,44.374],[23.173,44.343],[23.139,44.171],[23.008,44.1]],[[23.958,44.53],[23.91,44.458],[24.257,44.21],[24.277,44.102],[24.221,44.101],[24.205,44.046],[24.292,43.989],[24.15,43.755]],[[22.641,45.092],[22.432,44.758],[22.228,44.811],[22.169,44.609],[22.034,44.596]],[[22.355,45.95],[22.544,45.769],[22.445,45.663]],[[22.355,45.95],[22.22,45.893],[21.931,45.982],[21.816,45.905],[21.723,45.949],[21.67,45.902],[21.459,46.039],[21.362,45.971],[21.251,45.969],[21.189,46.02],[21.125,45.973],[20.704,46.169]],[[22.445,45.663],[22.264,45.586],[22.037,45.568],[22.06,45.528],[22.008,45.505],[21.902,45.56],[21.786,45.524],[21.592,45.549],[21.485,45.45],[21.474,45.374],[21.554,45.28],[21.484,45.153]],[[14.601,45.909],[14.616,45.997]],[[15.106,46.094],[15.065,46.137],[15.113,46.183]],[[15.113,46.183],[15.111,46.187]],[[15.111,46.187],[15.045,46.193]],[[15,46.199],[15.045,46.193]],[[15.045,46.193],[15.051,46.226]],[[15.01,46.258],[15.051,46.226]],[[13.938,45.643],[14.09,45.614]],[[13.938,45.643],[13.894,45.634]],[[13.903,45.81],[13.7,45.771]],[[13.834,45.835],[13.709,45.865]],[[13.647,45.897],[13.709,45.865]],[[13.647,45.897],[13.686,45.926],[13.615,45.946]],[[13.647,45.897],[13.599,45.912]],[[13.709,45.865],[13.574,45.819]],[[13.663,45.507],[13.675,45.545]],[[13.663,45.507],[13.611,45.538]],[[13.663,45.507],[13.693,45.495],[13.66,45.46]],[[14.724,45.597],[14.664,45.57]],[[14.724,45.597],[14.817,45.501],[14.865,45.531],[14.977,45.492]],[[14.724,45.597],[14.732,45.647]],[[14.426,45.644],[14.439,45.581],[14.492,45.579]],[[14.09,45.614],[14.117,45.473]],[[13.868,45.602],[13.987,45.512]],[[13.992,46.445],[14.128,46.407]],[[13.992,46.445],[14.015,46.483]],[[14.128,46.407],[14.148,46.44]],[[14.238,46.425],[14.242,46.438]],[[14.569,46.369],[14.562,46.392]],[[16.02,46.511],[16.234,46.485]],[[16.02,46.511],[16.078,46.542]],[[16.02,46.511],[16.021,46.491]],[[16.02,46.511],[16.007,46.524]],[[15.304,45.864],[15.274,45.83],[15.331,45.752]],[[15.304,45.864],[15.239,45.924]],[[15.304,45.864],[15.361,45.884]],[[15.228,45.703],[15.25,45.714]],[[15.228,45.703],[15.103,45.684]],[[15.228,45.703],[15.284,45.65],[15.225,45.608]],[[15.225,45.608],[15.282,45.571]],[[15.225,45.608],[15.074,45.602]],[[15.559,46.017],[15.584,45.994]],[[15.559,46.017],[15.602,46.02],[15.584,45.994]],[[15.584,45.994],[15.51,45.882],[15.55,45.824]],[[15.584,45.994],[15.668,46.026]],[[15.43,45.776],[15.361,45.884]],[[15.361,45.884],[15.363,45.935]],[[14.732,45.647],[14.646,45.707]],[[14.732,45.647],[14.788,45.663],[14.796,45.743]],[[15.074,45.602],[15.07,45.523],[15.121,45.512],[15.066,45.474]],[[15.074,45.602],[15.038,45.631]],[[15.668,46.026],[15.693,46.042]],[[15.668,46.026],[15.608,46.066]],[[15.608,46.066],[15.624,46.076]],[[15.741,46.266],[15.678,46.214]],[[15.741,46.266],[15.758,46.262]],[[15.741,46.266],[15.685,46.274]],[[15.613,46.204],[15.627,46.195]],[[15.613,46.204],[15.566,46.274]],[[15.758,46.262],[15.8,46.249]],[[15.758,46.262],[15.801,46.321]],[[15.801,46.321],[15.802,46.355]],[[15.819,46.455],[15.8,46.432]],[[15.819,46.455],[15.87,46.384]],[[15.8,46.432],[15.831,46.395]],[[15.831,46.395],[15.87,46.384]],[[15.831,46.395],[15.802,46.355]],[[15.87,46.384],[15.904,46.394]],[[15.944,46.481],[15.953,46.451]],[[15.904,46.394],[15.943,46.421]],[[15.552,46.278],[15.566,46.274]],[[15.566,46.274],[15.685,46.274]],[[15.802,46.355],[15.681,46.368]],[[15.685,46.274],[15.721,46.337],[15.681,46.368]],[[15.687,46.409],[15.681,46.368]],[[15.983,46.417],[15.943,46.421]],[[15.943,46.421],[15.953,46.451]],[[16.021,46.491],[15.953,46.451]],[[16.177,46.56],[16.078,46.542]],[[16.079,46.593],[16.078,46.542]],[[14.954,45.975],[15.116,46.004]],[[15.116,46.004],[15.239,45.924]],[[15.239,45.924],[15.363,45.935]],[[14.796,45.743],[14.814,45.758]],[[14.814,45.758],[14.982,45.766]],[[15.103,45.684],[15.058,45.781]],[[15.103,45.684],[15.038,45.631]],[[15.038,45.631],[14.972,45.712],[14.982,45.766]],[[15.058,45.781],[14.982,45.766]],[[14.587,45.793],[14.675,45.768],[14.646,45.707]],[[16.311,46.798],[16.297,46.847]],[[16.949,48.545],[17.137,48.551],[17.335,48.656],[17.376,48.635],[17.305,48.545],[17.359,48.509],[17.321,48.46],[17.478,48.36],[17.532,48.199],[17.308,48.128],[17.353,48.094],[17.262,48.007]],[[17.411,48.83],[17.357,48.78],[17.472,48.757],[17.534,48.628],[17.71,48.684],[17.988,48.616]],[[17.988,48.616],[17.851,48.523],[17.968,48.464],[17.842,48.303],[17.88,48.206],[17.764,48.155],[17.88,48.053],[17.894,47.919],[17.719,47.774]],[[17.988,48.616],[18.036,48.715],[18.243,48.621],[18.23,48.567],[18.313,48.5],[18.49,48.549]],[[18.362,49.33],[18.591,49.115],[18.561,49.093],[18.601,49.03],[18.476,48.948],[18.706,48.954],[18.706,48.854],[18.833,48.744]],[[18.833,48.744],[18.722,48.631],[18.655,48.64],[18.599,48.574],[18.49,48.549]],[[18.833,48.744],[19.001,48.747],[19.039,48.877],[19.31,48.86],[19.394,48.924],[19.562,48.942],[19.996,48.907]],[[18.49,48.549],[18.571,48.389],[18.541,48.32],[18.755,48.414],[18.855,48.306],[18.813,48.167],[19.071,48.197],[19.019,48.065]],[[19.868,49.201],[19.906,49.133],[20.026,49.111],[19.974,49.012],[20.054,48.934],[19.996,48.907]],[[19.996,48.907],[20.273,48.873]],[[20.273,48.873],[20.341,48.924],[20.299,48.943],[20.329,48.967],[20.428,49.003],[20.485,48.97],[20.518,49.015],[20.634,48.952],[20.768,49],[20.983,48.957],[21.028,48.905],[21.259,48.87],[21.283,48.813],[21.48,48.881],[21.537,48.794],[21.688,48.761],[21.796,48.796],[21.786,48.895],[22.12,48.842],[22.211,48.922],[22.255,48.861],[22.371,48.858]],[[20.273,48.873],[20.199,48.816],[20.184,48.734],[20.347,48.601],[20.304,48.509],[20.332,48.463],[20.466,48.464]],[[-13.042,8.375],[-12.919,8.338],[-12.9,8.275]],[[-12.9,8.275],[-12.807,8.374],[-12.453,8.265],[-12.358,8.337],[-12.21,8.346],[-12.039,8.245],[-12.039,8.358],[-11.826,8.351],[-11.719,8.479],[-11.58,8.508]],[[-12.9,8.275],[-12.976,8.246]],[[-10.592,9.042],[-10.709,9],[-10.693,8.953],[-10.801,8.944],[-10.951,9.055],[-11.087,9.063],[-11.34,8.781],[-11.354,8.53],[-11.518,8.546],[-11.58,8.508]],[[-11.58,8.508],[-11.336,8.078],[-11.342,7.96],[-11.444,7.872],[-11.418,7.715],[-11.52,7.681],[-11.488,7.56],[-11.357,7.614],[-11.356,7.42],[-11.144,7.345]],[[-17.182,14.897],[-17.129,14.75],[-17.148,14.613]],[[-14.541,15.805],[-14.705,15.954],[-14.854,15.997],[-15.427,15.999],[-15.434,15.932],[-15.591,15.921],[-15.841,16.182],[-16.257,15.845],[-16.541,15.806]],[[-14.541,15.805],[-14.298,15.638],[-13.863,16.012],[-13.761,16.051],[-13.72,16.136]],[[21.469,43.368],[21.594,43.349],[21.626,43.233],[21.693,43.208],[21.708,43.256],[21.766,43.247],[21.806,43.138]],[[21.469,43.368],[21.566,43.416],[21.567,43.512],[21.481,43.586],[21.472,43.685],[21.509,43.699],[21.466,43.749]],[[21.469,43.368],[21.213,43.354],[21.106,43.242],[20.968,43.251],[20.912,43.139]],[[21.806,43.138],[21.992,43.152],[22.155,43.059],[22.234,43.074]],[[21.806,43.138],[21.452,42.976],[21.474,42.933],[21.408,42.842]],[[20.643,45.795],[20.619,45.703],[20.506,45.676],[20.516,45.61],[20.324,45.614],[20.336,45.675],[20.424,45.701],[20.346,45.79],[20.165,45.792],[20.114,45.724]],[[20.114,45.724],[20.063,45.603],[20.122,45.598],[20.103,45.538],[20.23,45.443],[20.202,45.395],[20.319,45.209],[20.278,45.141]],[[20.114,45.724],[19.861,45.772]],[[22.659,43.401],[22.575,43.325],[22.337,43.382]],[[22.337,43.382],[22.321,43.324],[22.137,43.337],[22.167,43.268],[22.114,43.203],[22.296,43.11],[22.234,43.074]],[[22.337,43.382],[22.348,43.433],[22.304,43.459],[22.047,43.491],[21.97,43.573],[21.986,43.522],[21.913,43.514],[21.863,43.571],[21.755,43.586],[21.689,43.668],[21.704,43.756],[21.646,43.803]],[[22.234,43.074],[22.204,43.013],[22.39,42.956],[22.359,42.93],[22.434,42.885],[22.545,42.872]],[[20.957,43.728],[20.908,43.807]],[[20.957,43.728],[21.148,43.687],[21.14,43.747],[21.239,43.769],[21.261,43.841],[21.267,43.765],[21.374,43.771],[21.384,43.724],[21.466,43.749]],[[20.957,43.728],[20.878,43.644],[20.951,43.613],[20.907,43.572],[20.945,43.506],[20.76,43.509],[20.762,43.404],[20.829,43.383],[20.81,43.26]],[[20.908,43.807],[20.791,43.831],[20.718,43.776],[20.621,43.859]],[[20.908,43.807],[21.015,43.855],[21.041,43.976],[21.103,44.021],[21.054,44.047],[21.136,44.089],[21.139,44.183]],[[20.621,43.859],[20.526,43.745],[20.443,43.722],[20.46,43.647],[20.358,43.631],[20.367,43.578],[20.306,43.535],[20.402,43.454],[20.413,43.333],[20.326,43.26],[20.267,43.299]],[[20.621,43.859],[20.526,43.947],[20.637,44.02],[20.462,44.156],[20.423,44.242]],[[20.267,43.299],[20.1,43.309],[20.002,43.482],[19.894,43.535],[19.909,43.576],[19.974,43.558],[20.083,43.645],[20.175,43.656],[20.088,43.842],[20.156,43.877],[20.056,43.981],[20.062,44.085]],[[20.267,43.299],[20.201,43.218],[20.282,43.157],[20.166,43.139],[20.054,43.022]],[[22.43,42.817],[22.283,42.746],[21.993,42.818],[21.818,42.769],[21.744,42.679]],[[21.466,43.749],[21.646,43.803]],[[19.874,46.153],[19.807,45.921],[19.765,45.902],[19.861,45.772]],[[19.861,45.772],[19.75,45.741],[19.732,45.633],[19.587,45.66]],[[19.298,46.022],[19.353,45.863],[19.442,45.768],[19.578,45.741],[19.587,45.66]],[[19.587,45.66],[19.504,45.544],[19.395,45.536],[19.364,45.438],[19.193,45.434],[19.018,45.498]],[[19.618,44.144],[19.785,44.053],[19.787,44.121],[20.062,44.085]],[[19.618,44.144],[19.426,44.254],[19.492,44.322],[19.449,44.358],[19.485,44.434],[19.835,44.389],[19.855,44.535],[19.971,44.565]],[[19.618,44.144],[19.516,44.091]],[[20.062,44.085],[20.285,44.121],[20.423,44.242]],[[20.278,45.141],[20.339,45.08]],[[20.278,45.141],[20.185,45.185],[19.986,45.19],[19.913,45.143],[19.394,45.172]],[[22.707,46.369],[22.42,46.39],[22.094,46.607],[21.826,46.658],[21.424,46.658]],[[24.851,44.39],[24.841,44.116],[24.631,44.01],[24.747,43.815],[24.662,43.756]],[[21.646,43.803],[21.772,43.992]],[[22.466,44.018],[22.469,44.109],[22.233,44.169],[22.191,44.115],[22.239,44.016],[22.122,43.876],[22.033,43.952],[21.772,43.992]],[[21.772,43.992],[21.818,44.066]],[[22.036,44.589],[21.93,44.514],[21.918,44.428],[21.796,44.358],[21.816,44.298],[21.892,44.282],[21.897,44.221],[21.957,44.222],[21.959,44.107],[21.818,44.066]],[[21.818,44.066],[21.558,44.119],[21.488,44.182],[21.361,44.181],[21.293,44.276],[21.263,44.238],[21.134,44.287]],[[21.037,44.722],[21.175,44.477],[21.111,44.377],[21.134,44.287]],[[21.134,44.287],[21.168,44.258],[21.139,44.183]],[[20.795,44.665],[20.806,44.563],[20.737,44.533],[20.839,44.435],[20.731,44.384],[20.787,44.349],[20.772,44.298]],[[20.772,44.298],[21.139,44.183]],[[20.772,44.298],[20.442,44.419],[20.397,44.389],[20.433,44.356],[20.389,44.294]],[[19.971,44.565],[19.99,44.522],[20.128,44.495],[20.187,44.54],[20.227,44.413],[20.187,44.318],[20.262,44.245],[20.389,44.294]],[[19.971,44.565],[19.973,44.641]],[[20.389,44.294],[20.423,44.242]],[[21.017,45.321],[20.819,45.259],[20.843,45.239],[20.721,45.153],[20.578,45.219],[20.484,45.203],[20.395,45.065]],[[12.045,65.06],[12.176,65.011]],[[14.332,65.114],[13.143,65.119],[12.939,65.03],[12.934,64.991],[12.759,64.95],[12.202,64.999]],[[8.869,63.21],[8.915,63.356],[8.786,63.43]],[[9.091,62.38],[9.167,62.419],[9.245,62.564],[8.936,62.736],[9.416,62.833],[9.45,62.952],[9.581,63.02],[9.49,63.053],[9.474,63.179],[9.415,63.207],[9.238,63.2],[9.206,63.141],[8.901,63.129],[8.805,63.189],[8.851,63.204]],[[9.091,62.38],[8.154,62.345],[7.971,62.191],[7.743,62.2],[7.611,62.092],[7.328,62.05]],[[9.091,62.38],[9.597,62.274],[9.783,62.286]],[[10.876,63.446],[10.933,63.354],[11.459,63.337],[11.642,63.197],[12.06,63.205]],[[9.783,62.286],[9.855,62.358],[10.105,62.443],[10.097,62.586],[10.286,62.707],[11.125,62.68],[11.235,62.569],[11.573,62.397],[12.28,62.344]],[[9.783,62.286],[9.659,62.17],[9.903,62.074],[9.808,62.018],[9.812,61.93],[10.086,61.904],[10.107,61.848],[10.058,61.756],[10.39,61.682],[10.608,61.735],[10.688,61.48],[10.854,61.281],[10.45,61.047],[10.73,60.884],[10.727,60.804],[11.164,60.623]],[[7.468,60.114],[8.171,60.198],[8.843,60.161],[8.959,60.105],[9.021,60],[9.18,59.942],[9.203,59.85],[9.36,59.808],[9.352,59.736],[9.503,59.563],[9.48,59.518],[9.783,59.432]],[[7.468,60.114],[7.666,60.331],[7.679,60.511],[7.589,60.66],[7.478,60.702]],[[7.468,60.114],[7.391,60.027],[7.222,59.966],[7.092,59.794]],[[9.783,59.432],[9.778,59.349],[9.869,59.281],[9.884,59.204],[9.833,59.169],[9.827,59.018]],[[7.478,60.702],[7.68,60.78],[7.874,60.93],[8.037,60.933],[8.194,61.023],[8.198,61.072]],[[8.198,61.072],[8.047,61.231],[8.204,61.337],[8.142,61.427],[8.309,61.45],[7.992,61.576],[7.868,61.745],[7.492,61.76],[7.394,61.878],[7.405,62.004],[7.328,62.05]],[[8.198,61.072],[8.28,61.118],[8.663,60.95],[9.281,60.79],[9.41,60.585],[9.749,60.493],[9.831,60.485],[9.821,60.591],[9.935,60.616],[9.943,60.659],[10.044,60.655],[10.332,60.28],[10.624,60.155]],[[10.624,60.155],[10.68,60.153]],[[11.164,60.623],[11.095,60.532],[10.862,60.49],[10.716,60.523],[10.684,60.447],[10.83,60.433],[10.922,60.357],[10.754,60.168],[10.68,60.153]],[[11.164,60.623],[11.237,60.516],[11.583,60.28],[11.586,60.18],[11.84,60.062],[11.875,59.885]],[[7.328,62.05],[6.805,61.973],[6.67,62.078],[6.34,61.976],[6.193,62.008],[5.574,61.963],[5.462,62.007]],[[11.884,59.805],[11.75,59.787],[11.523,59.626],[11.29,59.787],[11.255,59.718],[10.982,59.719],[10.688,59.484]],[[15.908,68.958],[15.847,68.836],[15.722,68.751],[15.782,68.688],[15.68,68.617],[15.643,68.461],[15.934,68.596],[16.246,68.629],[16.669,68.507],[16.885,68.567],[18.037,68.62],[18.189,68.538]],[[7.092,59.794],[6.703,59.713],[6.654,59.729],[6.669,59.846],[6.529,59.859],[6.285,59.781],[6.171,59.616],[5.529,59.558]],[[7.092,59.794],[7.128,59.723],[7.244,59.691]],[[6.674,15.428],[6.533,14.924],[6.472,14.415],[6.522,14.059],[6.333,13.923],[6.284,13.668]],[[6.674,15.428],[7.124,15.439],[7.324,15.335]],[[6.674,15.428],[6.631,16.192],[6.359,16.315],[6.116,16.869],[5.803,17.128],[5.248,17.466],[4.906,17.812],[4.871,17.94],[4.708,17.982],[4.725,18.327],[4.863,18.612],[4.23,18.645]],[[4.254,14.658],[4.343,14.591],[4.419,14.44],[4.469,14.062],[4.626,13.723]],[[4.254,14.658],[4.104,14.907],[4.105,15.09],[3.874,15.721]],[[4.254,14.658],[4.235,14.539],[4.137,14.443],[3.955,14.38],[3.819,14.265],[3.736,14.028],[3.532,13.836],[3.333,13.747],[3.174,13.798],[3.104,13.616],[2.988,13.603],[2.883,13.511],[2.833,13.274],[2.71,13.273],[2.48,13.162],[2.537,13.001],[2.729,12.955],[2.604,12.846],[2.632,12.516],[2.719,12.543],[2.743,12.443],[2.844,12.399]],[[7.324,15.335],[7.403,15.264],[7.501,14.828],[7.574,14.704],[7.699,14.627],[7.715,14.461],[7.807,14.425],[7.93,14.524],[8.012,14.524],[8.342,14.295],[8.38,14.21],[8.519,14.111],[8.535,13.901],[8.215,13.713],[8.318,13.609],[8.318,13.344],[8.247,13.211]],[[7.324,15.335],[7.445,15.598],[7.846,15.538],[8.376,15.587],[9.321,16],[10.955,17.027],[11.249,17.112],[11.658,17.382],[11.997,17.5]],[[102.661,4.768],[102.607,4.774],[102.602,4.695],[102.507,4.674],[102.403,4.718],[102.343,4.645],[102.228,4.637],[102.116,4.759],[101.968,4.763],[101.912,4.618],[101.802,4.763],[101.767,4.636],[101.648,4.562],[101.379,4.613]],[[102.661,4.768],[102.636,4.858],[102.511,4.915],[102.529,5.106],[102.412,5.188],[102.44,5.369],[102.394,5.427],[102.386,5.686],[102.542,5.855]],[[101.379,4.613],[101.342,4.431],[101.446,4.382],[101.465,4.221],[101.585,4.082],[101.561,4.004],[101.627,3.772]],[[101.379,4.613],[101.343,4.682],[101.461,4.888],[101.435,4.975],[101.529,5.272],[101.617,5.36],[101.676,5.334],[101.75,5.369],[101.75,5.499],[101.669,5.522],[101.698,5.767]],[[100.199,6.261],[100.378,6.527]],[[102.705,2.839],[102.814,2.795],[102.992,2.595],[103.155,2.529],[103.364,2.594],[103.619,2.446],[103.6,2.632],[103.64,2.671]],[[102.705,2.839],[102.687,2.896],[102.389,3.118],[102.13,3.195],[102.069,3.172],[102.049,3.223],[101.916,3.261]],[[102.705,2.839],[102.599,2.422]],[[101.627,3.772],[101.813,3.598],[101.765,3.373],[101.916,3.261]],[[34.356,-12.205],[34.029,-12.205],[33.843,-12.143]],[[33.843,-12.143],[33.715,-12.092],[33.821,-11.993],[33.824,-11.799],[33.771,-11.671],[33.863,-11.536],[33.956,-11.538],[34.012,-11.463],[34.102,-11.445],[34.02,-11.246],[34.056,-11.077]],[[33.843,-12.143],[33.761,-12.224],[33.769,-12.273],[33.847,-12.309],[33.925,-12.459],[34.105,-12.498],[34.063,-12.562],[33.896,-12.623],[33.835,-12.71]],[[34.583,-13.404],[34.328,-13.404],[34.134,-13.49]],[[34.134,-13.49],[34.103,-13.172],[34.057,-13.106],[33.962,-13.163],[33.921,-13.023]],[[34.134,-13.49],[34.117,-13.505]],[[33.65,-9.611],[33.698,-9.782],[33.481,-9.965],[33.701,-10.067],[33.948,-10.452]],[[33.948,-10.452],[33.674,-10.573]],[[33.948,-10.452],[34.112,-10.583],[34.621,-10.582]],[[34.117,-13.505],[34.122,-13.624],[34.202,-13.691],[34.283,-13.676],[34.307,-13.746],[34.25,-13.78]],[[34.117,-13.505],[33.759,-13.505],[33.619,-13.234]],[[34.25,-13.78],[34.186,-13.867],[34.284,-13.851]],[[34.25,-13.78],[34.049,-13.823],[33.941,-13.762],[33.786,-13.758],[33.75,-13.66],[33.523,-13.703],[33.467,-13.665],[33.422,-13.48]],[[35.173,-15.23],[35.055,-15.325]],[[35.173,-15.23],[35.305,-14.953],[35.275,-14.756]],[[35.173,-15.23],[35.789,-15.211]],[[35.055,-15.325],[34.843,-15.314]],[[35.055,-15.325],[35.011,-15.351]],[[35.341,-15.683],[35.193,-15.525],[35.142,-15.537]],[[35.341,-15.683],[35.31,-16.005]],[[35.341,-15.683],[35.527,-15.607]],[[35.142,-15.537],[35.104,-15.616],[35.146,-15.861]],[[35.142,-15.537],[35.139,-15.476],[35.011,-15.351]],[[35.146,-15.861],[35.31,-16.005]],[[35.146,-15.861],[34.892,-16.027]],[[35.011,-15.351],[34.911,-15.395],[34.763,-15.611]],[[34.736,-14.078],[34.864,-13.516]],[[34.736,-14.078],[34.55,-14.073],[34.496,-14.114],[34.284,-13.851]],[[34.736,-14.078],[34.748,-14.303]],[[34.99,-14.755],[35.275,-14.756]],[[34.99,-14.755],[34.843,-15.314]],[[34.99,-14.755],[34.797,-14.555],[34.748,-14.303]],[[35.275,-14.756],[35.288,-14.679],[35.455,-14.759],[35.542,-14.695],[35.561,-14.606],[35.751,-14.543]],[[34.056,-11.077],[34.235,-10.966],[34.618,-10.966]],[[34.056,-11.077],[33.945,-10.964],[33.923,-11.025],[33.748,-11.027],[33.725,-11.085],[33.542,-11.021],[33.449,-11.109],[33.435,-11.012],[33.291,-10.975]],[[33.921,-13.023],[34.001,-12.933],[33.931,-12.847],[33.828,-12.841],[33.835,-12.71]],[[33.921,-13.023],[33.619,-13.234]],[[25.961,55.958],[25.808,55.776],[25.687,55.73],[25.488,55.724],[25.379,55.775],[25.287,55.714],[25.093,55.689],[25.018,55.735],[24.689,55.721],[24.718,55.672],[24.631,55.659],[24.686,55.612],[24.631,55.523]],[[24.631,55.523],[24.627,55.482],[24.554,55.487],[24.416,55.393]],[[24.631,55.523],[24.793,55.447],[24.785,55.383],[25.176,55.268],[25.152,55.221],[25.252,55.195],[25.135,55.15],[25.126,55.103],[25.222,55.042],[25.736,55.057],[25.781,55.131],[25.638,55.22],[25.734,55.327],[25.958,55.275],[26.117,55.313],[26.155,55.249],[26.321,55.229],[26.679,55.277],[26.74,55.243]],[[24.416,55.393],[24.389,55.317],[24.423,55.252],[24.652,55.061],[24.549,54.988],[24.8,54.89],[24.656,54.817],[24.618,54.726],[24.474,54.694],[24.49,54.609],[24.413,54.544]],[[24.416,55.393],[24.21,55.472],[24.054,55.436],[24.051,55.483],[23.867,55.569]],[[24.413,54.544],[24.03,54.551],[23.879,54.462],[23.756,54.47]],[[24.413,54.544],[24.45,54.433],[24.656,54.45],[24.737,54.406],[24.996,54.451],[24.994,54.395],[24.77,54.225],[24.851,54.145]],[[23.756,54.47],[23.76,54.537],[23.624,54.632],[23.682,54.672],[23.614,54.781],[23.632,54.869],[23.399,54.964],[23.576,55.031],[23.412,55.079]],[[23.756,54.47],[23.65,54.509],[23.557,54.469],[23.541,54.418],[23.369,54.34],[23.336,54.226]],[[23.412,55.079],[23.002,55.105],[22.571,55.064]],[[23.412,55.079],[23.458,55.229],[23.009,55.261],[22.926,55.335],[22.862,55.295],[22.797,55.392],[22.646,55.474]],[[-10.616,8.023],[-10.227,7.897],[-10.201,7.934],[-10.108,7.804],[-9.948,7.841],[-9.696,7.737],[-9.685,7.67],[-9.833,7.329],[-9.813,7.212]],[[-9.813,7.212],[-10.08,7.045],[-10.112,7.123],[-10.198,7.134],[-10.344,6.983],[-10.453,6.955],[-10.469,6.877]],[[-9.813,7.212],[-9.683,7.206],[-9.487,7.373]],[[-10.939,6.993],[-10.746,6.969],[-10.729,6.816],[-10.469,6.877]],[[-10.939,6.993],[-10.514,7.31],[-10.596,7.484],[-10.864,7.544]],[[-10.469,6.877],[-10.506,6.836]],[[-10.506,6.836],[-10.56,6.821],[-10.594,6.705],[-10.562,6.566],[-10.608,6.534],[-10.692,6.578],[-10.798,6.521],[-10.807,6.402]],[[-10.506,6.836],[-10.357,6.762]],[[-10.357,6.762],[-10.081,6.671],[-9.962,6.681],[-9.889,6.627],[-9.795,6.792],[-9.724,6.741],[-9.745,6.652]],[[-10.357,6.762],[-10.411,6.616],[-10.384,6.452],[-10.61,6.299],[-10.637,6.222]],[[-9.106,7.203],[-9.188,6.98],[-9.11,6.878],[-9.184,6.626]],[[-9.184,6.626],[-9.33,6.616],[-9.447,6.508],[-9.642,6.438],[-9.584,6.568],[-9.653,6.642],[-9.745,6.652]],[[-9.184,6.626],[-9.091,6.607],[-9.151,6.491],[-9.144,6.355]],[[-9.745,6.652],[-9.842,6.542],[-9.961,6.505],[-10.106,6.486],[-10.167,6.548],[-10.243,6.531],[-10.216,6.491],[-10.367,6.151]],[[-8.619,6.493],[-8.719,6.256],[-8.854,6.121],[-8.854,6.035],[-8.94,5.997],[-8.903,5.875]],[[-8.903,5.875],[-9.086,5.832]],[[-8.903,5.875],[-8.585,5.705],[-8.511,5.788],[-8.41,5.755],[-8.352,5.637],[-8.442,5.608],[-8.48,5.54],[-8.431,5.47]],[[-8.025,5.113],[-8.098,4.863],[-7.897,4.751],[-7.809,4.599],[-7.844,4.456]],[[-8.025,5.113],[-7.847,5.075],[-7.834,4.861],[-7.725,4.881],[-7.606,4.817]],[[-8.025,5.113],[-8.309,5.17]],[[-7.41,5.513],[-8.431,5.47]],[[-8.431,5.47],[-8.428,5.379],[-8.309,5.17]],[[-8.309,5.17],[-8.552,5.019],[-8.704,4.822]],[[-9.144,6.355],[-9.061,6.275],[-9.121,6.144],[-9.071,6.052],[-9.086,5.832]],[[-9.144,6.355],[-9.456,6.315],[-9.461,6.159],[-9.652,6.032],[-9.698,5.809],[-9.674,5.662],[-9.733,5.581]],[[-68.935,18.666],[-68.853,18.55],[-68.901,18.404]],[[-68.935,18.666],[-69.093,18.527]],[[-68.935,18.666],[-68.939,18.708],[-68.839,18.763],[-68.832,18.936],[-68.785,18.98]],[[-71.422,18.136],[-71.402,17.964],[-71.298,17.93],[-71.281,17.853]],[[-71.422,18.136],[-71.351,18.178],[-71.381,18.29],[-71.234,18.296],[-71.201,18.338]],[[-71.422,18.136],[-71.722,18.293]],[[-71.134,19.752],[-71.184,19.537]],[[-71.134,19.752],[-70.864,19.642]],[[-71.184,19.537],[-71.413,19.545]],[[-71.184,19.537],[-71.075,19.468]],[[-71.413,19.545],[-71.466,19.359],[-71.515,19.338],[-71.488,19.299]],[[-71.413,19.545],[-71.507,19.613],[-71.746,19.649]],[[-70.614,19.369],[-70.467,19.319]],[[-70.614,19.369],[-70.548,19.518]],[[-70.614,19.369],[-70.742,19.321],[-70.683,19.186],[-70.919,19.069],[-70.916,19.026]],[[-70.467,19.319],[-70.409,19.539],[-70.362,19.499],[-70.288,19.559],[-70.237,19.499]],[[-70.467,19.319],[-70.364,19.225]],[[-70.237,19.499],[-70.215,19.497]],[[-70.237,19.499],[-70.321,19.399],[-70.364,19.225]],[[-70.215,19.497],[-70.146,19.455],[-70.119,19.347],[-69.991,19.257],[-69.786,19.198]],[[-70.215,19.497],[-70.094,19.637]],[[-70.548,19.518],[-70.712,19.651],[-70.716,19.592],[-70.864,19.642]],[[-69.786,19.198],[-69.771,19.303]],[[-69.786,19.198],[-69.677,19.206],[-69.756,19.088]],[[-70.864,19.642],[-70.885,19.578],[-70.936,19.591],[-70.886,19.448],[-71.075,19.468]],[[-71.535,18.651],[-71.604,18.622],[-71.593,18.478],[-71.415,18.402],[-71.291,18.404],[-71.201,18.338]],[[-71.535,18.651],[-71.532,18.711],[-71.628,18.814],[-71.625,18.938],[-71.519,19.018],[-71.471,19.128],[-71.368,19.107],[-71.327,19.191]],[[-71.535,18.651],[-71.785,18.685]],[[-71.535,18.651],[-71.394,18.603],[-71.161,18.616]],[[-71.201,18.338],[-71.034,18.526],[-71.015,18.502]],[[-71.327,19.191],[-71.488,19.299]],[[-71.327,19.191],[-71.231,19.17]],[[-71.488,19.299],[-71.652,19.218]],[[-61.406,15.494],[-61.455,15.466]],[[-61.406,15.494],[-61.317,15.445]],[[-61.406,15.494],[-61.408,15.503]],[[-61.484,15.53],[-61.408,15.503]],[[-61.317,15.445],[-61.335,15.405]],[[-61.317,15.445],[-61.269,15.51]],[[-61.335,15.405],[-61.328,15.346]],[[-61.328,15.346],[-61.308,15.317]],[[-61.308,15.317],[-61.254,15.333]],[[-61.308,15.317],[-61.357,15.254]],[[-61.356,15.244],[-61.357,15.254]],[[-61.356,15.244],[-61.373,15.236]],[[42.707,11.265],[42.626,11.22],[42.608,11.089]],[[42.707,11.265],[42.864,11.363],[42.912,11.45],[43.058,11.479],[43.189,11.408]],[[42.707,11.265],[42.499,11.301],[42.417,11.421],[42.365,11.654]],[[42.365,11.654],[42.195,11.823],[41.975,11.881]],[[42.901,11.584],[42.956,11.525],[43.173,11.542]],[[8.176,55.801],[8.472,55.769],[8.57,55.835],[8.775,55.799],[8.88,55.883],[9.047,55.831],[9.249,55.943],[9.4,55.902],[9.676,55.709]],[[12.359,55.605],[12.17,55.622],[12.158,55.671],[12.258,55.712],[12.076,55.779]],[[91.153,24.256],[91.261,24.213],[91.332,24.241],[91.273,24.154],[91.308,23.993]],[[91.153,24.256],[91.249,24.379],[91.188,24.484],[91.223,24.674],[91.148,24.7],[91.125,24.88],[90.978,24.881],[90.912,24.979],[90.935,25.156]],[[91.153,24.256],[91.004,24.166],[91.037,24.093],[90.914,23.875],[90.76,23.854],[90.722,23.722],[90.77,23.623],[90.702,23.555]],[[89.929,22.87],[89.995,22.886],[90.143,23.063],[90.212,23.066],[90.274,22.974],[90.326,23.021],[90.313,23.066],[90.45,23.049]],[[89.929,22.87],[89.685,23.11],[89.756,23.171],[89.628,23.24],[89.668,23.289],[89.598,23.353],[89.599,23.473],[89.503,23.487],[89.526,23.537],[89.421,23.675],[89.311,23.72],[89.345,23.921]],[[89.929,22.87],[89.962,22.827],[89.885,22.701],[89.93,22.686],[89.902,22.664],[89.98,22.47]],[[89.682,25.16],[89.679,24.852],[89.796,24.719],[89.749,24.361],[89.756,24.275],[89.83,24.186],[89.817,24.083],[89.702,23.98],[89.698,23.854],[89.53,23.82],[89.345,23.921]],[[89.682,25.16],[89.799,25.403]],[[89.682,25.16],[89.351,25.208],[89.284,25.173],[89.223,25.29],[88.975,25.303]],[[89.345,23.921],[89.116,23.956],[88.96,24.167],[88.825,24.119],[88.731,24.19]],[[45.902,39.294],[45.733,39.063],[45.768,38.939]],[[45.266,39.593],[45.205,39.471],[45.232,39.323],[45.114,39.309]],[[45.531,39.245],[45.549,39.288]],[[45.531,39.245],[45.468,39.188]],[[45.531,39.245],[45.312,39.22],[45.468,39.188]],[[45.549,39.288],[45.713,39.31],[45.764,39.359]],[[45.549,39.288],[45.357,39.434],[45.424,39.494]],[[45.468,39.188],[45.527,39.163],[45.536,38.968]],[[46.741,39.772],[46.54,39.758]],[[46.741,39.772],[46.777,39.757]],[[46.741,39.772],[46.777,39.757]],[[46.54,39.758],[46.451,39.958]],[[46.54,39.758],[46.531,39.616],[46.631,39.594],[46.716,39.639],[46.736,39.589]],[[46.777,39.757],[46.789,39.655]],[[46.789,39.655],[46.841,39.627],[46.906,39.668],[46.853,39.795]],[[46.789,39.655],[46.736,39.589]],[[46.698,40.018],[46.924,39.904],[46.853,39.795]],[[46.698,40.018],[46.451,39.958]],[[46.698,40.018],[46.762,40.033]],[[46.853,39.795],[47.004,39.883],[47.156,39.829],[47.249,39.857]],[[47.086,40.167],[46.932,40.222],[46.814,40.151],[46.762,40.033]],[[47.086,40.167],[47.229,40.17]],[[47.086,40.167],[47.078,40.302],[46.969,40.416]],[[46.736,39.589],[46.664,39.56],[46.687,39.519],[46.641,39.483]],[[48.851,40.328],[49.004,40.16],[49.169,40.145],[49.292,39.953]],[[48.851,40.328],[48.747,40.345]],[[48.851,40.328],[48.936,40.292],[49.263,40.506]],[[49.292,39.953],[49.357,39.812]],[[49.292,39.953],[49.426,40.237],[49.419,40.398],[49.543,40.469],[49.888,40.513],[49.69,40.553]],[[49.483,40.637],[49.589,40.544],[49.69,40.553]],[[49.483,40.637],[49.401,40.53],[49.263,40.506]],[[49.69,40.553],[49.71,40.586]],[[46.318,40.276],[46.349,40.402],[46.505,40.543],[46.471,40.682]],[[46.318,40.276],[46.156,40.308]],[[46.318,40.276],[46.429,40.263],[46.534,40.313]],[[46.471,40.682],[46.55,40.805],[46.76,40.966]],[[46.471,40.682],[46.412,40.685]],[[48.458,40.138],[48.44,40.278]],[[48.458,40.138],[48.641,40.118],[48.669,40.052],[48.873,39.982]],[[48.458,40.138],[48.317,40.04]],[[48.44,40.278],[48.474,40.331]],[[48.44,40.278],[48.326,40.353],[48.322,40.43],[48.181,40.406],[48.08,40.448],[48.108,40.532]],[[47.934,40.313],[47.944,40.167],[47.851,40.101]],[[47.934,40.313],[47.993,40.442]],[[47.934,40.313],[47.67,40.292],[47.523,40.391]],[[47.851,40.101],[47.964,40.076],[47.972,40.122],[48.073,40.136],[48.161,40.05],[48.317,40.04]],[[47.851,40.101],[47.791,40.114]],[[48.873,39.982],[48.91,39.906]],[[48.873,39.982],[48.957,39.977],[48.931,39.914]],[[48.91,39.906],[48.931,39.914]],[[48.91,39.906],[48.993,39.718],[48.885,39.592],[48.767,39.606]],[[33.297,0.944],[33.221,0.672]],[[33.297,0.944],[33.339,1.079]],[[33.297,0.944],[33.134,1.055],[33.114,1.139],[32.961,1.182]],[[33.221,0.672],[33.049,0.663]],[[33.221,0.672],[33.273,0.679],[33.409,0.559],[33.517,0.548]],[[33.339,1.079],[33.427,0.871]],[[33.339,1.079],[33.443,1.288]],[[33.049,0.663],[33.099,0.544]],[[33.049,0.663],[32.954,0.95],[32.961,1.182]],[[32.303,1.649],[32.104,1.648]],[[32.303,1.649],[32.595,1.652],[32.773,1.802],[32.888,1.808],[32.989,1.715]],[[32.303,1.649],[32.601,1.463],[32.688,1.471]],[[32.104,1.648],[31.96,1.476]],[[32.104,1.648],[32.102,1.666]],[[31.96,1.476],[31.822,1.357]],[[31.96,1.476],[32.348,1.2],[32.406,1.09]],[[32.688,1.471],[32.691,1.388],[32.776,1.331],[32.78,1.081]],[[32.688,1.471],[32.811,1.475]],[[32.78,1.081],[32.64,1.136],[32.624,0.968],[32.469,1.017],[32.406,1.09]],[[32.78,1.081],[32.793,0.845]],[[32.406,1.09],[32.49,0.698],[32.369,0.637],[32.33,0.546]],[[32.989,1.715],[32.943,1.646],[32.964,1.474]],[[32.989,1.715],[33.025,1.817],[32.943,1.867],[32.947,1.928],[32.868,1.95],[32.888,2.075]],[[32.989,1.715],[33.095,1.717],[33.129,1.833],[33.277,1.949],[33.291,2.039]],[[32.811,1.475],[32.964,1.474]],[[32.811,1.475],[32.961,1.182]],[[32.964,1.474],[33.208,1.369]],[[32.184,0.702],[32.072,0.636],[31.953,0.648]],[[32.184,0.702],[32.219,0.808],[32.043,0.91],[31.953,1.104]],[[32.184,0.702],[32.223,0.574]],[[31.953,0.648],[31.835,0.803],[31.675,0.866]],[[31.953,0.648],[31.902,0.596],[31.966,0.338],[31.949,0.296],[31.821,0.283]],[[32.263,0.435],[32.265,0.267]],[[32.263,0.435],[32.223,0.574]],[[32.263,0.435],[32.369,0.435],[32.44,0.36],[32.41,0.227],[32.227,0.05],[32.248,-0.158]],[[32.265,0.267],[32.141,0.256]],[[32.265,0.267],[32.219,0.185],[32.026,0.116],[31.856,-0.007]],[[32.141,0.256],[31.911,0.221],[31.821,0.283]],[[32.141,0.256],[31.793,0.05]],[[31.821,0.283],[31.773,0.258],[31.575,0.338],[31.337,0.253],[31.335,0.201]],[[32.223,0.574],[32.33,0.546]],[[31.953,1.104],[31.933,1.221],[31.822,1.357]],[[31.953,1.104],[31.875,1.086],[31.675,0.866]],[[31.822,1.357],[31.761,1.324],[31.514,1.361]],[[32.33,0.546],[32.67,0.556]],[[32.888,2.075],[32.813,2.107]],[[32.888,2.075],[33.033,2.025],[33.086,2.066]],[[33.291,2.039],[33.371,2.019]],[[33.291,2.039],[33.173,2.111],[33.086,2.066]],[[30.545,0.93],[30.397,0.64],[30.456,0.568],[30.428,0.541]],[[30.545,0.93],[30.527,0.986]],[[30.545,0.93],[30.819,0.836],[30.937,0.698]],[[30.428,0.541],[30.524,0.431],[30.55,0.297],[30.781,0.419],[30.884,0.414]],[[30.428,0.541],[30.376,0.485],[30.362,0.228],[30.269,0.263]],[[30.884,0.414],[30.92,0.399],[30.92,0.284],[30.853,0.186]],[[30.884,0.414],[30.952,0.572],[30.952,0.632],[30.891,0.679],[30.937,0.698]],[[31.009,0.207],[31.001,0.202]],[[31.009,0.207],[31.157,0.228],[31.259,0.169],[31.335,0.201]],[[31.009,0.207],[31.126,0.345],[31.138,0.485],[31.244,0.524],[31.214,0.622]],[[31.001,0.202],[31.043,0.085],[31.016,-0.031],[31.078,-0.044]],[[31.001,0.202],[30.853,0.186]],[[31.438,0.861],[31.364,0.699],[31.275,0.708],[31.214,0.622]],[[31.438,0.861],[31.675,0.866]],[[31.438,0.861],[31.427,0.926],[31.521,1.027],[31.291,1.214]],[[31.214,0.622],[30.937,0.698]],[[26.28,44.321],[26.456,44.46],[26.412,44.496],[26.434,44.523]],[[26.28,44.321],[26.451,44.207],[26.416,44.064]],[[26.434,44.523],[26.707,44.563],[27.097,44.488],[27.466,44.506],[28.023,44.355]],[[28.023,44.355],[27.934,44.266],[27.253,44.122]],[[28.023,44.355],[28.109,44.458],[28.007,44.532],[28.031,44.637],[27.884,44.726],[27.911,44.775]],[[25.514,44.506],[25.527,44.349],[25.719,44.255],[25.719,44.16],[25.64,44.045],[25.733,43.719]],[[26.482,47.254],[26.648,47.076],[26.872,47.011],[27.16,47.071],[27.239,46.992],[27.143,46.945],[27.205,46.86]],[[26.482,47.254],[26.578,47.279],[26.505,47.35],[26.647,47.348],[26.658,47.427]],[[27.205,46.86],[27.648,46.881],[27.626,46.974],[27.786,46.878],[27.826,46.917],[27.833,46.841],[28.123,46.842]],[[27.533,46.117],[27.33,46.065],[27.25,45.969],[27.385,45.718],[27.506,45.625],[27.58,45.493]],[[27.533,46.117],[27.62,45.996],[27.631,46.128],[27.836,46.082],[27.904,46.125],[28.108,46.096]],[[22.581,47.321],[22.802,47.393],[23.045,47.314],[23.11,47.362],[23.09,47.404]],[[22.581,47.321],[22.483,47.41],[22.352,47.406],[22.168,47.595]],[[27.58,45.493],[28.03,45.395]],[[28.215,45.45],[28.03,45.395]],[[28.03,45.395],[27.987,45.292],[28.122,45.25],[28.098,45.184],[28.178,45.135],[28.055,44.777]],[[27.201,44.819],[27.833,44.814],[27.911,44.775]],[[27.911,44.775],[28.055,44.777]],[[28.055,44.777],[28.196,44.768],[28.282,44.711],[28.404,44.761],[28.527,44.696],[28.785,44.68]],[[27.431,47.573],[27.307,47.558],[27.232,47.491],[27.092,47.518],[27.056,47.436],[26.734,47.493],[26.658,47.427]],[[26.658,47.427],[26.568,47.468],[26.527,47.614],[26.127,47.906],[26.103,47.978]],[[23.09,47.404],[22.966,47.438],[23.117,47.576],[23.25,47.531],[23.36,47.643],[23.244,47.736],[23.454,47.735],[23.629,47.827],[23.485,47.974]],[[24.956,47.582],[25.032,47.612],[24.942,47.716]],[[51.287,25.566],[51.401,25.551]],[[51.287,25.566],[51.304,25.384],[51.445,25.36]],[[51.287,25.566],[51.214,25.732],[50.95,25.775]],[[51.401,25.551],[51.445,25.36]],[[51.401,25.551],[51.453,25.658],[51.536,25.622]],[[51.445,25.36],[51.543,25.218]],[[51.543,25.218],[51.494,25.18]],[[51.543,25.218],[51.611,25.238]],[[51.462,25.157],[51.494,25.18]],[[51.462,25.157],[51.404,25.061],[51.332,25.09],[51.333,25.01],[51.221,25.01],[51.221,24.644]],[[51.462,25.157],[51.453,25.215],[51.494,25.18]],[[-7.432,41.216],[-7.896,41.159]],[[-7.432,41.216],[-7.317,41.34],[-7.362,41.442],[-7.236,41.53],[-7.253,41.604],[-7.173,41.747],[-7.209,41.889]],[[-7.432,41.216],[-7.301,41.159]],[[-7.896,41.159],[-7.875,41.247],[-7.976,41.37]],[[-7.896,41.159],[-8.29,41.083]],[[-8.162,38.318],[-7.969,38.314],[-7.517,38.196],[-7.288,38.332],[-7.173,38.19],[-7.117,38.184]],[[-8.162,38.318],[-8.308,38.377],[-8.289,38.425],[-8.369,38.536],[-8.638,38.55],[-8.652,38.606],[-8.508,38.713],[-8.499,38.758],[-8.547,38.767]],[[-8.197,39.001],[-8.118,39.027],[-8.098,38.978],[-8.049,39.004],[-7.991,38.943],[-7.923,38.97],[-7.817,38.899],[-7.638,38.919],[-7.528,39],[-7.393,38.815],[-7.243,38.843],[-7.226,38.766]],[[-8.197,39.001],[-8.334,39.117],[-7.969,39.39],[-7.95,39.421],[-8.01,39.469],[-7.968,39.537],[-7.805,39.557]],[[-8.197,39.001],[-8.26,38.914],[-8.175,38.874],[-8.152,38.774],[-8.299,38.861],[-8.547,38.767]],[[-7.301,41.159],[-7.334,41.02],[-7.374,41.01],[-7.341,40.938],[-7.423,40.917],[-7.446,40.82],[-7.558,40.872],[-7.619,40.795],[-7.54,40.685],[-7.578,40.572],[-7.825,40.498]],[[-7.301,41.159],[-7.113,41.192],[-7.075,41.087],[-6.927,41.048]],[[-7.825,40.498],[-8.116,40.339],[-8.235,40.321],[-8.35,40.372]],[[-7.825,40.498],[-7.801,40.457],[-7.838,40.424],[-7.767,40.334],[-7.825,40.261],[-7.782,40.232]],[[-7.556,39.677],[-7.695,39.653],[-7.805,39.557]],[[-7.805,39.557],[-7.95,39.666],[-7.965,39.738],[-8.042,39.744],[-8.062,39.624],[-8.22,39.646],[-8.229,39.757],[-8.279,39.795]],[[-7.782,40.232],[-7.543,40.325],[-7.454,40.413],[-7.271,40.41],[-7.31,40.28],[-7.154,40.28],[-7.11,40.319],[-6.942,40.255]],[[-7.782,40.232],[-7.807,40.185],[-7.74,40.094],[-8.126,39.921]],[[-8.547,38.767],[-8.605,38.784],[-8.603,38.828],[-8.696,38.836],[-8.762,38.738],[-8.901,38.741],[-8.923,38.778]],[[-8.29,41.083],[-8.224,41.009],[-8.087,41],[-8.115,40.853],[-8.25,40.855],[-8.325,40.727],[-8.249,40.619],[-8.302,40.594],[-8.253,40.515],[-8.331,40.484],[-8.35,40.372]],[[-8.29,41.083],[-8.39,41.012],[-8.448,41.055],[-8.484,41.017],[-8.655,41.017]],[[-8.35,40.372],[-8.457,40.286],[-8.515,40.29],[-8.505,40.42],[-8.566,40.404],[-8.609,40.484],[-8.675,40.435],[-8.788,40.523]],[[-7.976,41.37],[-7.933,41.476],[-7.814,41.583],[-7.998,41.611],[-7.988,41.678],[-8.029,41.702],[-8.118,41.692],[-8.05,41.816]],[[-8.126,39.921],[-8.279,39.795]],[[-8.126,39.921],[-8.175,40.086],[-8.278,40.035],[-8.279,39.972],[-8.39,39.933],[-8.42,40.015],[-8.535,39.956],[-8.567,40.028],[-8.629,39.996],[-8.902,40.047]],[[-8.279,39.795],[-8.443,39.742],[-8.471,39.837],[-8.666,39.773],[-8.672,39.565],[-8.751,39.48],[-8.908,39.46],[-8.999,39.361],[-8.994,39.299]],[[-8.923,38.778],[-8.943,38.776]],[[-8.994,39.299],[-8.817,39.201],[-8.903,39.172],[-8.792,39.082]],[[123.556,8.232],[123.549,8.619]],[[123.556,8.232],[123.555,8.071],[123.678,8.011]],[[123.556,8.232],[123.176,8.226],[123.185,7.988],[123.065,8],[122.916,7.918]],[[126.291,7.996],[126.205,8.215],[126.223,8.349],[126.069,8.391],[125.991,8.569],[126.033,8.668],[125.802,8.967],[125.767,9.212]],[[126.291,7.996],[126.383,7.9]],[[126.291,7.996],[126.183,7.995]],[[125.321,8.59],[125.291,8.782],[125.323,8.886],[125.204,9.082]],[[125.321,8.59],[125.432,8.597],[125.535,8.7],[125.662,8.687],[125.707,8.727],[125.674,8.801]],[[125.321,8.59],[124.903,8.593],[124.826,8.516]],[[125.321,8.59],[125.324,8.213],[125.374,7.998]],[[125.71,9.015],[125.767,9.212]],[[125.71,9.015],[125.674,8.801]],[[125.71,9.015],[125.517,9.016]],[[125.767,9.212],[125.729,9.313]],[[125.674,8.801],[125.513,8.797],[125.441,8.98]],[[122.916,7.918],[122.753,7.944],[122.573,7.881],[122.372,7.715],[122.261,7.471]],[[122.916,7.918],[122.923,7.831],[123.086,7.808],[123.096,7.714]],[[122.261,7.471],[122.123,7.152],[121.904,7.154]],[[122.261,7.471],[122.36,7.473]],[[124.809,7.611],[124.592,7.625],[124.523,7.691],[124.465,7.67]],[[124.809,7.611],[124.89,7.416],[124.994,7.39],[125.266,7.578]],[[124.809,7.611],[124.627,7.855],[124.604,7.922],[124.671,7.96],[124.63,8.007]],[[124.896,6.729],[124.837,6.768],[124.833,6.975],[124.786,6.981],[124.798,7.075],[124.722,7.201],[124.722,7.119],[124.667,7.079],[124.721,6.996],[124.682,6.951],[124.447,7.098],[124.49,7.228],[124.326,7.175],[124.493,7.433],[124.449,7.539],[124.465,7.67]],[[124.896,6.729],[125.15,6.782]],[[124.437,8.35],[124.572,8.237]],[[124.437,8.35],[124.572,8.528]],[[124.572,8.237],[124.62,8.414],[124.821,8.412],[124.826,8.516]],[[124.572,8.237],[124.56,8.119],[124.63,8.007]],[[124.299,8.216],[124.289,8.083],[124.059,7.904],[123.993,7.702],[123.869,7.74],[123.862,7.703]],[[124.299,8.216],[124.358,8.225],[124.63,8.007]],[[124.299,8.216],[124.232,8.213]],[[125.374,7.998],[125.675,7.997]],[[125.374,7.998],[125.435,7.708],[125.4,7.667],[125.304,7.678],[125.289,7.596]],[[125.675,7.997],[126.183,7.995]],[[125.266,7.578],[125.223,7.183],[125.298,7.122],[125.303,7.017]],[[125.266,7.578],[125.289,7.596]],[[125.303,7.017],[125.15,6.782]],[[125.303,7.017],[125.51,7.016]],[[125.15,6.782],[125.177,6.563]],[[124.826,8.516],[124.753,8.562]],[[125.177,6.563],[124.856,6.531],[124.752,6.637],[124.673,6.591],[124.634,6.639],[124.606,6.51],[124.642,6.292],[124.249,6.292],[124.383,6.162]],[[125.177,6.563],[125.141,6.435]],[[124.383,6.162],[124.396,6.213],[124.789,6.012],[125.048,6.005]],[[-73.961,-12.277],[-73.858,-12.505],[-73.668,-12.692],[-73.555,-12.966],[-73.564,-13.092],[-73.221,-13.422]],[[-73.961,-12.277],[-73.638,-12.194],[-73.487,-11.757],[-73.685,-11.643],[-73.546,-11.533],[-73.435,-11.324]],[[-73.961,-12.277],[-74.218,-12.301],[-74.387,-12.147]],[[-73.221,-13.422],[-73.097,-13.458],[-72.904,-13.395],[-72.605,-13.562],[-72.43,-13.598],[-72.151,-13.806],[-72.083,-13.937],[-72.112,-14.217],[-72.279,-14.417],[-72.488,-14.528],[-72.486,-14.674]],[[-73.221,-13.422],[-73.251,-13.477],[-73.464,-13.441],[-73.78,-13.207],[-73.829,-13.265],[-73.813,-13.6],[-73.691,-13.733],[-73.745,-13.792],[-73.535,-14.243],[-73.54,-14.501],[-73.499,-14.596],[-73.573,-14.7],[-73.519,-14.82],[-73.425,-14.799],[-73.357,-14.7],[-73.228,-14.711],[-73.031,-14.627],[-72.848,-14.732]],[[-72.486,-14.674],[-72.49,-14.728],[-72.398,-14.828],[-72.16,-14.797],[-72.079,-14.883],[-72.024,-14.783],[-72.042,-14.687],[-72.003,-14.672],[-71.806,-14.873],[-71.857,-14.929],[-71.85,-15.055],[-71.667,-15.114],[-71.513,-15.073],[-71.504,-15.017],[-71.311,-15.117],[-71.216,-15.074],[-71.178,-15.218],[-71.029,-15.334]],[[-72.486,-14.674],[-72.778,-14.661],[-72.848,-14.732]],[[-72.848,-14.732],[-72.844,-14.802],[-73.021,-14.853],[-73.034,-15.13],[-73.163,-15.294],[-73.281,-15.286],[-73.283,-15.395],[-73.457,-15.365],[-73.618,-15.427],[-73.891,-15.447],[-74.057,-15.607],[-74.114,-15.448],[-74.289,-15.476],[-74.413,-15.352],[-74.468,-15.196],[-74.702,-15.134],[-74.727,-15.088]],[[-72.18,-11.313],[-72.35,-11.721],[-72.366,-11.986],[-72.172,-12.117],[-72.106,-12.288],[-71.976,-12.344],[-71.855,-12.777],[-71.486,-12.869],[-71.019,-13.074],[-70.553,-13.118],[-70.521,-13.088],[-70.567,-13.01],[-70.356,-13.025]],[[-72.18,-11.313],[-72.295,-11.293],[-72.578,-11.429],[-72.72,-11.351],[-72.822,-11.37],[-72.909,-11.328],[-72.991,-11.2],[-73.095,-11.285],[-73.435,-11.324]],[[-72.18,-11.313],[-72.083,-11.069],[-72.135,-10.94],[-71.806,-10.98],[-71.206,-10.691],[-70.898,-10.421],[-70.818,-10.102],[-70.639,-9.956]],[[-70.356,-13.025],[-70.403,-13.338],[-70.541,-13.488],[-70.682,-13.788],[-70.817,-13.826],[-70.85,-14.012],[-70.809,-14.095],[-70.889,-14.41],[-70.979,-14.443],[-70.99,-14.574],[-71.126,-14.664],[-70.99,-14.792],[-71.016,-15.019],[-70.979,-15.288],[-71.029,-15.334]],[[-70.356,-13.025],[-69.621,-13.347],[-68.974,-13.032]],[[-73.435,-11.324],[-73.513,-11.195],[-73.496,-10.998],[-73.643,-10.79],[-73.759,-10.757],[-73.928,-10.97],[-74.385,-11.05],[-74.474,-10.991],[-74.509,-10.848]],[[-73.984,-7.529],[-74.588,-7.328],[-74.549,-7.762],[-74.584,-7.909],[-75.136,-8.106],[-75.349,-8.105],[-75.392,-8.193],[-75.506,-8.254],[-75.416,-8.472],[-75.625,-8.384],[-75.974,-8.645]],[[-75.974,-8.645],[-75.783,-9.233],[-75.616,-9.407],[-75.296,-9.231],[-74.966,-8.772],[-74.731,-8.631],[-74.547,-8.643],[-74.51,-8.737],[-74.614,-8.823],[-74.72,-9.355],[-74.538,-9.65]],[[-75.974,-8.645],[-75.953,-8.568]],[[-74.387,-12.147],[-74.497,-12.241],[-74.554,-12.392],[-74.5,-12.46],[-74.433,-12.463],[-74.334,-12.613],[-74.298,-12.785],[-74.339,-12.908],[-74.281,-13.043],[-74.393,-13.019],[-74.411,-13.171],[-74.577,-13.189],[-74.681,-13.28],[-74.603,-13.345],[-74.644,-13.389],[-74.78,-13.313],[-74.9,-13.351],[-74.928,-13.445],[-74.799,-13.579],[-74.735,-14.02],[-75.067,-14.143]],[[-74.387,-12.147],[-74.613,-11.995],[-74.956,-12.046],[-75.061,-11.978],[-75.122,-12.052],[-75.062,-12.189],[-75.165,-12.293],[-75.124,-12.375],[-75.307,-12.478],[-75.467,-12.687]],[[-75.067,-14.143],[-75.062,-14.259],[-75.132,-14.398],[-75.05,-14.477],[-75.049,-14.615],[-74.9,-14.556],[-74.772,-14.73],[-74.693,-14.916],[-74.727,-15.088]],[[-75.067,-14.143],[-75.542,-13.878],[-75.563,-13.762],[-75.514,-13.673],[-75.548,-13.584],[-75.489,-13.455],[-75.801,-13.389],[-75.635,-12.982]],[[-77.64,-5.385],[-77.205,-5.673],[-76.885,-5.727],[-76.655,-6.038],[-76.557,-6.042],[-76.316,-5.921],[-76.121,-6.106],[-75.668,-6.147],[-75.479,-6.305],[-75.494,-6.691],[-75.604,-6.925],[-75.671,-6.935],[-75.794,-6.795],[-75.935,-6.753],[-76.011,-6.785],[-76.11,-6.993],[-76.08,-7.436],[-75.778,-8.149],[-75.901,-8.349],[-75.953,-8.568]],[[-77.64,-5.385],[-77.777,-4.85],[-77.741,-4.703],[-77.579,-4.439],[-77.534,-4.021],[-77.634,-3.764],[-77.81,-2.967]],[[-77.64,-5.385],[-77.716,-5.488],[-77.715,-5.723],[-77.554,-6.009],[-77.255,-6.121],[-77.164,-6.34],[-77.379,-6.6],[-77.717,-6.588],[-77.781,-6.921],[-77.742,-6.994]],[[-75.953,-8.568],[-76.079,-8.715],[-76.146,-8.729],[-76.313,-8.38],[-76.357,-8.41],[-76.39,-8.592],[-76.856,-8.556]],[[-74.538,-9.65],[-74.362,-10.113],[-74.373,-10.3],[-74.299,-10.497],[-74.167,-10.581],[-74.509,-10.848]],[[-74.538,-9.65],[-74.763,-9.754],[-75.118,-9.774],[-75.353,-9.875],[-75.748,-9.921],[-75.83,-10.075],[-75.77,-10.33],[-75.946,-10.426],[-76.237,-10.363],[-76.35,-10.268],[-76.513,-10.261],[-76.75,-10.444]],[[-76.856,-8.556],[-76.906,-8.262],[-76.975,-8.17],[-77.232,-8.07],[-77.347,-8.077],[-77.4,-8.011],[-77.393,-7.914],[-77.476,-7.721],[-77.45,-7.572],[-77.593,-7.401],[-77.629,-7.282],[-77.601,-7.195],[-77.742,-6.994]],[[-76.856,-8.556],[-76.911,-8.612],[-76.995,-8.602],[-77.036,-8.499],[-77.323,-8.534]],[[-74.509,-10.848],[-74.78,-10.824],[-75.044,-10.682],[-75.754,-10.885],[-75.993,-10.89],[-76.045,-10.849],[-76.176,-10.92],[-76.274,-10.905],[-76.279,-11.083],[-76.488,-11.098]],[[-76.75,-10.444],[-76.932,-10.287]],[[-76.75,-10.444],[-76.573,-10.829],[-76.566,-10.994],[-76.488,-11.098]],[[-77.742,-6.994],[-77.992,-7.013]],[[-75.467,-12.687],[-75.635,-12.982]],[[-75.467,-12.687],[-75.574,-12.609],[-75.538,-12.417],[-75.646,-12.199],[-75.641,-12.118],[-75.89,-11.988],[-76.036,-11.991],[-76.206,-11.752],[-76.228,-11.586],[-76.353,-11.54],[-76.476,-11.312],[-76.488,-11.098]],[[-71.029,-15.334],[-71.014,-15.557],[-70.905,-15.68],[-70.937,-15.786],[-70.842,-15.908],[-70.85,-15.988]],[[-76.932,-10.287],[-76.906,-10.117],[-76.988,-10.059],[-77.073,-9.77],[-76.974,-9.642],[-76.859,-9.326],[-76.738,-9.172],[-77.192,-8.847],[-77.323,-8.534]],[[-70.85,-15.988],[-70.687,-16.057],[-70.568,-16.011],[-70.406,-16.067],[-70.394,-16.179],[-70.33,-16.239],[-70.352,-16.327],[-70.305,-16.464],[-70.021,-16.69],[-70.168,-16.789],[-70.178,-16.87]],[[-70.178,-16.87],[-70.017,-17.138],[-69.734,-17.297],[-69.664,-17.289]],[[-77.198,-11.681],[-77.081,-11.555],[-76.977,-11.73],[-76.857,-11.733],[-76.954,-11.83],[-76.932,-11.957],[-76.774,-11.86],[-76.701,-11.932],[-76.752,-12.026],[-76.679,-12.083],[-76.733,-12.101],[-76.645,-12.242],[-76.682,-12.378],[-76.799,-12.509]],[[-78.709,-4.585],[-78.577,-4.965],[-78.65,-5.147],[-78.607,-5.502],[-78.747,-5.689],[-78.773,-5.833],[-78.619,-6.06],[-78.45,-6.15],[-78.349,-6.35],[-78.131,-6.524],[-78.016,-6.76],[-77.992,-7.013]],[[-77.992,-7.013],[-77.84,-7.377],[-77.754,-7.468],[-77.918,-7.509],[-77.942,-7.67],[-78.073,-7.698],[-78.128,-7.667],[-78.294,-7.768],[-78.304,-7.706],[-78.386,-7.652],[-78.618,-7.568],[-78.904,-7.59],[-79.011,-7.7],[-79.068,-7.651],[-79.059,-7.568],[-79.12,-7.464],[-79.383,-7.334],[-79.338,-7.214],[-79.348,-7.01]],[[-80.512,-4.065],[-80.677,-4.212],[-80.976,-4.157],[-81.061,-4.084]],[[-79.234,-4.966],[-79.388,-5.172],[-79.321,-5.48],[-79.409,-5.545],[-79.419,-5.744],[-79.355,-5.907],[-79.451,-5.989]],[[-79.451,-5.989],[-79.309,-5.982],[-79.217,-6.037],[-79.297,-6.149],[-79.26,-6.241],[-79.463,-6.373],[-79.446,-6.52],[-79.387,-6.542],[-79.335,-6.655],[-79.163,-6.73],[-79.316,-6.887],[-79.348,-7.01]],[[-57.849,-22.423],[-57.827,-22.389],[-57.887,-22.29],[-57.966,-22.257],[-57.973,-22.081]],[[-57.849,-22.423],[-58.194,-22.281],[-58.263,-22.198],[-59.169,-22.161],[-59.342,-22.083]],[[-57.849,-22.423],[-57.775,-22.655],[-57.896,-22.665],[-57.94,-22.716],[-57.792,-22.857],[-57.789,-23.021],[-57.64,-23.099],[-57.625,-23.165],[-57.484,-23.273],[-57.504,-23.344],[-57.446,-23.474]],[[-56.843,-22.289],[-56.582,-22.362],[-56.722,-22.533],[-56.652,-22.818],[-56.694,-22.879],[-56.541,-22.876],[-56.484,-22.783],[-56.272,-22.707],[-56.127,-23.059],[-56.301,-23.34]],[[-56.301,-23.34],[-56.076,-23.331],[-56.044,-23.429],[-56.148,-23.52],[-56.092,-23.614],[-56.03,-23.544],[-55.934,-23.534],[-55.977,-23.758],[-56.059,-23.849]],[[-56.301,-23.34],[-56.581,-23.452],[-56.863,-23.419],[-57.274,-23.5],[-57.446,-23.474]],[[-55.751,-24.783],[-55.949,-24.842],[-56.046,-24.971],[-56.211,-24.856],[-56.236,-24.783],[-56.495,-25.022]],[[-55.751,-24.783],[-55.523,-24.556],[-55.228,-24.502]],[[-55.751,-24.783],[-55.914,-24.635],[-56.157,-24.262],[-56.146,-24.14],[-55.992,-24.023],[-56.059,-23.849]],[[-56.495,-25.022],[-56.564,-25.349],[-56.815,-25.513],[-56.746,-25.653]],[[-56.495,-25.022],[-56.705,-24.915],[-56.998,-24.968],[-57.059,-25.038],[-57.213,-24.989]],[[-56.059,-23.849],[-55.907,-23.837],[-55.598,-23.656],[-55.534,-23.53]],[[-57.446,-23.474],[-57.426,-23.618],[-57.276,-23.732],[-57.344,-23.923],[-57.232,-24.033],[-57.234,-24.095],[-57.163,-24.117],[-57.22,-24.221],[-57.131,-24.5],[-57.145,-24.603],[-57.091,-24.677],[-57.249,-24.891],[-57.213,-24.989]],[[-56.746,-25.653],[-56.647,-25.71]],[[-56.746,-25.653],[-56.9,-25.658],[-56.903,-25.539],[-57.088,-25.526],[-57.162,-25.425]],[[-57.213,-24.989],[-57.285,-24.982],[-57.455,-25.112]],[[-55.489,-25.556],[-55.539,-25.634],[-55.625,-25.65]],[[-55.489,-25.556],[-55.227,-25.231],[-54.949,-25.338],[-55.011,-25.188],[-55.33,-24.96],[-55.292,-24.584],[-55.228,-24.502]],[[-55.489,-25.556],[-55.43,-25.55],[-55.398,-25.616],[-55.526,-25.85],[-55.51,-25.974],[-55.233,-26.023],[-55.291,-26.083]],[[-55.625,-25.65],[-55.828,-25.677],[-55.92,-25.61],[-56.359,-25.578],[-56.647,-25.71]],[[-55.625,-25.65],[-55.669,-25.73],[-56.033,-25.894],[-56.099,-26.019],[-56.359,-26.01],[-56.392,-26.069],[-56.483,-26.088],[-56.515,-26.174],[-56.587,-26.176]],[[-56.647,-25.71],[-56.665,-25.807],[-56.599,-25.951],[-56.67,-25.997],[-56.587,-26.176]],[[-57.162,-25.425],[-57.247,-25.39],[-57.455,-25.112]],[[-57.162,-25.425],[-57.403,-25.683],[-57.407,-25.898],[-57.504,-26.011]],[[-56.587,-26.176],[-56.783,-26.541]],[[-56.783,-26.541],[-56.697,-26.631],[-56.577,-26.67],[-56.572,-26.722]],[[-56.783,-26.541],[-57.039,-26.404],[-57.188,-26.582],[-57.367,-26.621],[-57.562,-26.544],[-57.705,-26.412]],[[-56.572,-26.722],[-56.412,-26.776],[-56.102,-26.665],[-55.999,-26.508],[-55.847,-26.465],[-55.74,-26.357],[-55.466,-26.287],[-55.332,-26.183],[-55.291,-26.083]],[[-56.572,-26.722],[-56.534,-27.121],[-56.687,-27.256],[-56.632,-27.353],[-56.638,-27.453]],[[-57.705,-26.412],[-57.477,-26.167],[-57.504,-26.011]],[[-57.705,-26.412],[-57.62,-26.818],[-57.422,-27.044],[-57.196,-27.096],[-57.31,-27.429]],[[-55.228,-24.502],[-55.095,-24.473],[-55.079,-24.546],[-54.916,-24.562],[-54.791,-24.669],[-54.668,-24.639],[-54.627,-24.689],[-54.358,-24.731]],[[-55.291,-26.083],[-55.237,-26.198],[-55.027,-26.237],[-54.892,-26.143],[-54.88,-26.19],[-54.789,-26.173],[-54.665,-26.239]],[[-57.455,-25.112],[-57.524,-25.109],[-57.583,-25.234]],[[-57.504,-26.011],[-57.697,-25.813],[-57.82,-25.85]],[[-59.342,-22.083],[-59.42,-22.047],[-59.938,-22.04],[-59.958,-21.898],[-59.852,-21.47],[-59.695,-21.335],[-59.737,-21.069],[-59.874,-20.786],[-59.855,-20.698],[-61.819,-20.132],[-61.925,-20.065]],[[-59.342,-22.083],[-59.308,-22.201],[-59.608,-22.308],[-59.616,-22.412],[-59.731,-22.431],[-59.741,-22.529],[-59.934,-22.796],[-59.973,-23.205],[-60.064,-23.5],[-60.195,-23.563],[-60.554,-23.586],[-60.75,-23.646],[-60.788,-23.873]],[[-57.583,-25.234],[-57.672,-25.29]],[[-57.583,-25.234],[-57.539,-25.319],[-57.598,-25.403]],[[148.956,-9.786],[148.993,-9.693],[149.102,-9.704],[149.461,-9.594]],[[151.648,-4.949],[151.674,-5.009],[151.459,-5.018],[151.346,-5.08],[151.167,-5.423],[151.246,-5.454],[151.211,-5.517],[151.08,-5.622],[150.991,-5.603],[150.973,-5.703],[150.601,-5.807],[150.606,-5.91],[150.771,-6.13]],[[147.1,-9.482],[147.064,-9.429],[147.185,-9.383],[147.269,-9.423],[147.287,-9.521]],[[69.301,31.941],[69.536,31.941],[69.662,32.031],[69.822,32.058],[69.808,31.993],[69.868,31.945],[69.844,31.871],[69.944,31.895],[69.915,31.515],[70.004,31.454],[70.025,31.33],[70.075,31.417],[70.233,31.475],[70.239,31.073]],[[70.239,31.073],[70.264,31.155],[70.404,31.192],[70.401,31.247]],[[70.239,31.073],[70.238,30.822],[70.073,30.697],[70.071,30.593],[69.93,30.289],[69.962,30.223],[70.029,30.252],[70.036,30.211],[69.839,29.812],[69.6,29.647],[69.57,29.436],[69.66,29.404],[69.666,29.323],[69.743,29.28],[69.696,29.11],[69.515,28.927],[69.531,28.825],[69.471,28.693],[69.332,28.577],[69.385,28.487]],[[71.445,34.938],[71.599,34.779],[71.799,34.758],[71.64,34.537],[71.693,34.438],[71.56,34.345],[71.493,34.227],[71.342,34.155],[71.377,33.987],[71.521,33.733],[71.654,33.761],[71.736,33.843],[71.853,33.78],[71.787,33.672],[71.839,33.63],[71.611,33.554],[71.564,33.579],[71.636,33.645],[71.345,33.629],[71.135,33.743],[71.145,33.65],[71.1,33.594],[70.992,33.556],[70.765,33.591],[70.73,33.496],[70.486,33.416],[70.585,33.283],[70.872,33.189],[70.729,33.066],[70.499,33.022],[70.378,32.835],[70.375,32.721],[70.588,32.479],[70.464,32.502],[70.342,32.342],[70.205,32.301],[70.071,32.174],[70.173,31.994],[70.401,31.247]],[[70.401,31.247],[70.56,31.325],[70.778,31.294],[70.871,31.425],[70.899,31.71],[71.124,32.094],[71.229,32.182],[71.347,32.432],[71.333,32.535],[71.264,32.493],[71.258,32.59],[71.168,32.598],[71.106,32.791],[71.188,32.97],[71.461,33.041],[71.419,33.241],[71.571,33.21],[71.615,33.113],[71.7,33.062],[71.755,33.184],[71.699,33.273],[71.723,33.355],[71.878,33.424],[72.022,33.746],[72.088,33.79],[72.234,33.766],[72.241,33.938],[72.431,34.011],[72.526,34.021],[72.566,33.951],[72.652,33.933],[72.616,33.885],[72.66,33.855],[72.778,33.948],[72.842,33.877],[72.825,33.83],[72.876,33.818],[72.845,33.757],[72.927,33.727]],[[72.927,33.727],[73.126,33.804]],[[72.927,33.727],[72.81,33.662],[72.834,33.59],[73.066,33.623],[73.104,33.515],[73.183,33.496],[73.321,33.687],[73.126,33.804]],[[69.385,28.487],[68.473,28.455],[67.925,28.023],[67.402,27.864],[67.193,27.532],[67.135,27.253],[67.162,26.605],[67.437,26.111],[67.435,25.831],[66.991,25.067],[66.704,24.892]],[[69.385,28.487],[69.53,28.528],[69.732,28.466],[69.977,28.002],[70.189,27.892]],[[7.244,59.691],[7.439,59.676],[7.546,59.615],[7.531,59.549],[7.619,59.493],[7.527,59.427],[7.726,59.319],[7.789,59.244],[7.771,59.157],[7.972,59.001],[8.187,58.998],[8.476,58.917],[8.579,58.941],[8.761,58.857],[8.806,58.871],[8.837,59],[8.991,59.01],[9.191,58.884],[9.207,58.818],[9.387,58.785]],[[7.244,59.691],[6.994,59.61],[7.015,59.499],[6.867,59.419],[6.817,59.325],[6.827,59.22],[6.943,59.209]],[[7.244,59.691],[7.244,59.691]],[[7.244,59.691],[7.244,59.691]],[[10.198,63.542],[10.163,63.588],[10.201,63.635],[10.482,63.738],[10.917,64.106],[10.812,64.144],[10.964,64.294],[10.625,64.405]],[[174.673,-37.294],[175.098,-37.189],[175.16,-37.16],[175.183,-37.04],[175.326,-37.009]],[[-78.927,22.399],[-79.048,22.117],[-78.96,22.003],[-79.041,21.939],[-79.122,21.75],[-79.1,21.654],[-79.017,21.715],[-78.971,21.69],[-78.96,21.6]],[[-94.094,16.099],[-94.115,16.057]],[[2.468,6.396],[2.484,6.348]],[[2.468,6.396],[2.483,6.505],[2.385,6.921]],[[11.997,17.5],[12.237,17.657],[13,18],[15.568,18]],[[11.997,17.5],[12,14.609],[11.904,14.516],[11.982,14.44],[11.895,14.378],[11.775,14.372],[11.524,14.213],[11.329,14.155],[11.221,14.172],[10.815,13.807],[10.796,13.706],[10.623,13.53],[10.648,13.369]],[[-85.179,12.66],[-85.229,12.628],[-85.408,12.743],[-85.856,12.623],[-85.972,12.522]],[[-85.179,12.66],[-85.216,12.812],[-85.141,12.859],[-84.958,12.851],[-84.84,12.941],[-84.748,12.95],[-84.696,13.066],[-84.801,13.147],[-84.751,13.216]],[[-85.179,12.66],[-85.08,12.794],[-84.969,12.65]],[[-85.972,12.522],[-86.289,12.636]],[[-85.972,12.522],[-85.921,12.346],[-85.828,12.257],[-85.851,12.199]],[[-85.506,13.371],[-85.626,13.314],[-85.918,13.018],[-86.007,12.994],[-86.1,13.047]],[[-85.506,13.371],[-85.415,13.239],[-85.252,13.147],[-85.177,13.172],[-85.123,13.277],[-84.974,13.299],[-84.883,13.382],[-84.751,13.216]],[[-85.506,13.371],[-85.404,13.489],[-85.411,13.621],[-85.365,13.692],[-85.157,13.779],[-85.057,13.738],[-84.855,14.06],[-84.838,14.307],[-84.935,14.314],[-84.99,14.373],[-84.969,14.469],[-85.024,14.603]],[[-86.1,13.047],[-86.264,12.849]],[[-86.1,13.047],[-86.248,13.189],[-86.213,13.39]],[[-85.743,13.824],[-85.842,13.54],[-85.907,13.487],[-86.06,13.493]],[[-86.06,13.493],[-86.164,13.615],[-86.227,13.549],[-86.433,13.592],[-86.564,13.569],[-86.648,13.647],[-86.764,13.637]],[[-86.06,13.493],[-86.213,13.39]],[[-84.969,12.65],[-85.078,12.441],[-85.586,12.305],[-85.657,12.046]],[[-84.969,12.65],[-84.847,12.478],[-84.709,11.993],[-84.575,11.923],[-84.622,11.9],[-84.607,11.863]],[[-85.657,12.046],[-85.731,12.041],[-85.851,12.199]],[[-85.657,12.046],[-85.523,11.681]],[[-86.264,12.849],[-86.289,12.636]],[[-86.264,12.849],[-86.42,12.9],[-86.405,13.007],[-86.471,13.115],[-86.721,13.09]],[[-86.213,13.39],[-86.254,13.438],[-86.523,13.43],[-86.715,13.2]],[[-86.715,13.2],[-86.721,13.09]],[[-86.715,13.2],[-86.733,13.268]],[[-85.851,12.199],[-86.001,12.144]],[[-85.523,11.681],[-85.102,11.631]],[[-85.523,11.681],[-86.003,11.681],[-86.102,11.611]],[[-86.001,12.144],[-85.964,12.091],[-86.072,11.856]],[[-86.001,12.144],[-86.109,12.131],[-86.188,12.059],[-86.18,11.972],[-86.281,11.957]],[[-86.072,11.856],[-86.281,11.957]],[[-86.072,11.856],[-86.102,11.611]],[[-84.751,13.216],[-84.163,13.282],[-84.109,13.197],[-83.994,13.256],[-83.884,13.247],[-83.811,13.223],[-83.838,13.156],[-83.756,13.094],[-83.53,13.033]],[[-85.102,11.631],[-84.805,11.866],[-84.607,11.863]],[[-85.102,11.631],[-85.341,11.147],[-84.885,10.948]],[[-84.607,11.863],[-84.534,11.652],[-84.553,11.452],[-84.377,11.362],[-84.174,11.144],[-84.01,11.087],[-83.897,11.115],[-83.878,11.046],[-83.8,11.037],[-83.718,10.944]],[[-86.102,11.611],[-86.175,11.519]],[[-86.281,11.957],[-86.502,11.767]],[[-86.289,12.636],[-86.354,12.582],[-86.343,12.474],[-86.525,12.29],[-86.518,12.131],[-86.651,12.075],[-86.671,12.001]],[[165.112,-21.373],[165.28,-21.319],[165.378,-21.414],[165.548,-21.422],[165.668,-21.522],[165.871,-21.596],[166.029,-21.602],[166.082,-21.525]],[[4.499,52.326],[4.61,52.313],[4.548,52.22],[4.768,52.221]],[[4.768,52.221],[5.066,52.279],[5.03,52.267],[5.045,52.168],[5.182,52.179],[5.264,52.276],[5.366,52.283]],[[4.768,52.221],[4.863,52.168],[4.791,52.12],[4.878,52.071],[4.799,52.023],[4.85,52.02],[4.824,51.997],[4.887,51.941],[5.105,52.004],[5.183,51.967]],[[5.785,52.804],[5.681,52.838],[5.37,52.79]],[[5.785,52.804],[5.905,52.756],[5.927,52.672],[6.02,52.638],[5.833,52.597],[5.867,52.522]],[[5.785,52.804],[6.129,52.853]],[[5.183,51.967],[5.121,51.876],[5.009,51.825]],[[5.183,51.967],[5.619,51.953],[5.553,52.105],[5.469,52.082],[5.513,52.136],[5.424,52.175],[5.409,52.268]],[[5.009,51.825],[5.135,51.735],[5.318,51.747],[5.381,51.812],[5.501,51.835],[5.863,51.759]],[[5.409,52.268],[5.366,52.283]],[[5.409,52.268],[5.533,52.277],[5.601,52.358],[5.815,52.441],[5.867,52.522]],[[5.863,51.759],[5.946,51.746]],[[5.863,51.759],[5.96,51.712],[6.049,51.566],[5.838,51.567],[5.934,51.385],[5.676,51.316],[5.551,51.217]],[[6.129,52.853],[6.429,52.959],[6.31,53.092]],[[6.129,52.853],[6.207,52.797],[6.13,52.749],[6.183,52.68],[6.387,52.618],[6.522,52.611],[6.611,52.673],[6.719,52.627]],[[5.867,52.522],[6.095,52.468],[6.135,52.404],[6.068,52.322],[6.154,52.226],[6.411,52.245],[6.495,52.177],[6.772,52.109]],[[6.31,53.092],[6.468,53.205],[6.531,53.191],[6.631,53.106],[6.735,53.114],[6.935,52.988],[7.072,52.841]],[[81.549,29.126],[81.58,29.052],[81.845,28.981],[82.015,29.011],[82.077,28.979],[82.284,29.108],[82.405,29.088],[82.413,29.002],[82.568,28.985]],[[81.549,29.126],[81.408,29.003],[81.569,28.781],[81.532,28.751],[81.442,28.898],[81.208,28.908],[81.054,28.976],[80.997,28.947],[81.095,28.854],[81.211,28.812],[81.19,28.86],[81.218,28.841],[81.28,28.679],[81.047,28.389]],[[81.549,29.126],[81.485,29.169],[81.474,29.295],[81.575,29.365],[81.724,29.349],[81.709,29.468],[81.787,29.593],[81.696,29.687],[81.775,29.896],[81.649,29.945],[81.486,29.894],[81.423,30.025],[81.268,30.072]],[[82.568,28.985],[82.186,28.625],[82.044,28.632],[82.008,28.594],[82.019,28.488],[81.956,28.427],[81.981,28.345],[82.095,28.248],[82.013,28.16],[82.181,28.015],[82.166,27.958],[82.05,27.906]],[[82.568,28.985],[82.656,28.95],[82.758,28.818],[82.939,28.818],[83.148,28.737]],[[83.655,29.16],[83.61,28.983],[83.474,28.777],[83.293,28.72],[83.148,28.737]],[[83.148,28.737],[83.099,28.648],[82.958,28.596],[82.971,28.552],[82.889,28.468],[83.089,28.246]],[[84.225,28.914],[83.934,28.818],[83.793,28.707],[83.845,28.627],[83.693,28.396],[83.781,28.228],[83.659,28.029],[83.59,28.004]],[[83.59,28.004],[83.485,28.116],[83.184,28.254],[83.089,28.246]],[[83.59,28.004],[83.439,27.948],[83.767,27.918],[83.826,27.876],[84.017,27.908],[84.268,27.846],[84.321,27.759],[84.413,27.758]],[[85.082,28.332],[84.727,27.943],[84.742,27.818],[84.655,27.842]],[[84.655,27.842],[84.669,27.745],[84.774,27.731],[84.798,27.687],[85.061,27.718],[85.202,27.678],[85.272,27.48],[85.504,27.385]],[[84.655,27.842],[84.577,27.881],[84.413,27.758]],[[81.084,30.028],[81,29.929],[81.05,29.75],[80.757,29.651],[80.741,29.522],[80.886,29.431],[80.765,29.354],[80.687,29.201],[80.54,29.09],[80.493,28.987],[80.534,28.68]],[[87.679,27.813],[87.617,27.691],[87.548,27.677],[87.446,27.383],[87.523,27.299],[87.74,27.214],[87.481,26.981],[87.664,26.764],[87.649,26.41]],[[86.982,27.951],[87,27.708],[86.906,27.424],[86.961,27.31],[86.919,27.113],[86.967,26.906],[87.175,26.903],[87.154,26.837],[87.004,26.723],[86.935,26.52]],[[83.089,28.246],[83.011,28.193],[83.039,28.129],[82.972,28],[82.999,27.94],[82.846,27.902],[82.762,27.825],[82.844,27.776],[82.716,27.76],[82.674,27.696]],[[84.413,27.758],[84.412,27.703],[84.227,27.66],[84.103,27.537],[83.939,27.551],[83.922,27.45]],[[86.055,27.888],[86.031,27.752],[85.845,27.56],[85.795,27.416],[85.696,27.357],[85.504,27.385]],[[85.504,27.385],[85.44,27.322],[85.506,27.265],[85.507,27.166],[85.418,27.029],[85.355,26.76]],[[86.517,27.971],[86.59,27.745],[86.535,27.639],[86.242,27.397],[86.21,27.246],[86.394,27.183],[86.331,27.119],[86.355,26.988],[86.149,26.904],[86.199,26.712],[86.146,26.601]],[[38.492,-11.413],[38.402,-11.644],[38.425,-11.942],[38.332,-12.123],[38.209,-12.214],[38.171,-12.362],[38.03,-12.497],[38.043,-12.721],[37.974,-13.072],[38.129,-13.141],[38.21,-13.116],[38.188,-13.242],[38.047,-13.401],[38.051,-13.463],[38.113,-13.483],[38.212,-13.826],[38.42,-14.127]],[[38.42,-14.127],[37.936,-14.305],[37.856,-14.23],[37.635,-14.281],[37.593,-14.382],[37.48,-14.402],[37.342,-14.549],[37.171,-14.595],[36.89,-14.775],[36.715,-15.004]],[[33.012,-17.384],[33.109,-17.089],[33.232,-17.002],[33.323,-16.734],[33.443,-16.602],[33.443,-16.521],[33.557,-16.421],[33.804,-16.402],[34.017,-16.629],[34.408,-16.731],[34.596,-16.83]],[[34.596,-16.83],[34.869,-16.985],[35.106,-17.568],[35.32,-17.724]],[[34.596,-16.83],[34.474,-16.983],[34.29,-17.063],[34.222,-17.197],[34.128,-17.609],[34.149,-17.864],[34.284,-17.955],[34.243,-18.202],[34.111,-18.267],[33.941,-18.137],[33.815,-18.292],[33.872,-18.488],[33.716,-18.682],[34.033,-18.922],[33.927,-19.308],[33.925,-19.575],[33.847,-19.607],[33.875,-19.778],[34.003,-19.838],[33.75,-20.004],[33.657,-19.934],[33.409,-20.084],[33.508,-20.279],[33.491,-20.42],[33.741,-20.666],[33.885,-20.722],[33.899,-20.963],[34.01,-20.979],[34.122,-21.066],[34.016,-21.312]],[[36.715,-15.004],[36.567,-15.237],[36.372,-15.306],[36.287,-15.492],[35.838,-15.458]],[[32.446,-21.309],[32.812,-21.488],[32.935,-21.492],[33.07,-21.596],[33.14,-21.515],[33.277,-21.505]],[[33.277,-21.505],[33.527,-21.4],[33.869,-21.419],[34.016,-21.312]],[[35.32,-17.724],[35.337,-17.36],[35.292,-17.129]],[[35.32,-17.724],[35.526,-17.98],[35.831,-18.113],[35.893,-18.244],[36.088,-18.368],[36.158,-18.592],[36.108,-18.706],[36.192,-18.76],[36.133,-18.809]],[[34.016,-21.312],[34.172,-21.322],[34.244,-21.268],[34.331,-21.309],[34.463,-21.171],[34.666,-21.093],[34.761,-21.126],[34.875,-21.024],[35.112,-20.953]],[[-5.885,34.117],[-5.772,33.981],[-5.787,33.886],[-5.725,33.788],[-5.789,33.62],[-5.788,33.35],[-6.024,33.316],[-6.198,33.366],[-6.213,33.438],[-6.329,33.475],[-6.399,33.382],[-6.42,33.238]],[[-5.885,34.117],[-5.789,34.212],[-5.679,34.134],[-5.469,34.165],[-5.421,34.281]],[[-5.19,34.716],[-5.197,34.576],[-5.491,34.37],[-5.421,34.281]],[[-5.19,34.716],[-5.42,34.738],[-5.782,34.931],[-6.249,35.001]],[[-5.19,34.716],[-4.54,34.989],[-4.464,35.079],[-4.495,35.181]],[[-5.421,34.281],[-4.974,34.291],[-4.597,34.036],[-4.477,33.904],[-4.185,33.905],[-4.065,33.709],[-4.072,33.572],[-3.974,33.536],[-3.851,33.516],[-3.798,33.644],[-3.499,33.908],[-3.102,33.785]],[[-5.421,34.281],[-5.329,34.102],[-5.248,34.109],[-5.088,33.836],[-5.148,33.718],[-4.977,33.666],[-4.904,33.594],[-4.994,33.417],[-4.755,32.95],[-4.493,32.884],[-4.237,32.629],[-3.999,32.617]],[[-3.102,33.785],[-3.21,33.996],[-3.07,34.146],[-3.194,34.402],[-3.069,34.498],[-3.025,34.61],[-2.949,34.621],[-2.97,34.686],[-3.272,34.773],[-3.545,34.593],[-3.633,34.663],[-3.611,34.841],[-3.811,34.931],[-3.822,35.207]],[[-3.102,33.785],[-3.061,33.717],[-3.237,33.544],[-2.983,33.342],[-2.926,33.211],[-3.034,33.149],[-3.598,33.087],[-3.999,32.617]],[[-6.42,33.238],[-6.556,33.188],[-6.807,33.283],[-6.788,33.552],[-6.979,33.614],[-7.117,33.835]],[[-6.42,33.238],[-6.133,33.012],[-6.154,32.926],[-6.057,32.897],[-6.042,32.793]],[[-6.042,32.793],[-5.437,32.508],[-5.527,32.39],[-5.476,32.245],[-5.638,32.215],[-5.821,32.102],[-5.86,32.013],[-5.806,31.93]],[[-6.042,32.793],[-6.292,32.702],[-6.858,32.691],[-6.979,32.639],[-7.127,32.347]],[[-5.806,31.93],[-6.056,31.753],[-6.703,31.495],[-6.804,31.392],[-6.984,31.373],[-7.186,31.447]],[[-5.806,31.93],[-5.659,31.97],[-5.589,31.938],[-5.572,31.875],[-5.736,31.638],[-5.454,31.609],[-5.214,31.412],[-5.363,30.872],[-5.206,30.653],[-5.219,30.498],[-4.771,30.229]],[[-3.999,32.617],[-3.685,32.153],[-3.488,32.186],[-3.229,32.154],[-3.24,31.958],[-3.152,31.839],[-3.162,31.733]],[[-7.186,31.447],[-7.15,31.562],[-7.284,31.697],[-7.224,31.759],[-7.081,31.786],[-7.028,31.882],[-7.098,32.065],[-7.127,32.347]],[[-7.341,33.731],[-7.426,33.472],[-7.581,33.362],[-7.59,33.446],[-7.886,33.509]],[[-7.127,32.347],[-7.372,32.459],[-7.621,32.489],[-7.99,32.834]],[[-6.469,29.823],[-6.344,29.572],[-6.495,29.889],[-6.415,30.048],[-6.511,30.071],[-6.569,30.203],[-6.527,30.352],[-6.716,30.487],[-6.844,30.453],[-6.911,30.376],[-7.177,30.392],[-7.325,30.191],[-7.627,30.219],[-7.76,30.13],[-7.967,30.116],[-8.1,29.981],[-8.218,30.008],[-8.367,29.956],[-8.644,29.963],[-8.701,29.792],[-8.67,29.427],[-8.982,29.451],[-9.077,29.425],[-9.149,29.333],[-9.51,29.321],[-9.631,29.269],[-9.725,29.301],[-9.872,29.166],[-9.974,29.161],[-10.098,29.079],[-10.399,29.161]],[[-11.782,28.21],[-11.544,27.79],[-11.813,27.662],[-12.034,27.441],[-12.262,26.911],[-12.487,26.682],[-12.577,26.46],[-12.445,25.993],[-12.056,25.995]],[[19.023,43.297],[19.072,43.198],[19.187,43.189],[19.411,43.045]],[[19.411,43.045],[19.332,42.99]],[[19.411,43.045],[19.459,43.05]],[[18.99,43.272],[19.025,43.094]],[[19.025,43.094],[19.332,42.99]],[[19.025,43.094],[18.931,43.03],[18.978,42.933]],[[19.459,43.05],[19.548,43.219]],[[19.459,43.05],[19.648,42.999],[19.699,42.908]],[[18.978,42.933],[18.85,42.955],[18.737,43.095],[18.621,43.125]],[[18.978,42.933],[19.209,42.859]],[[19.332,42.99],[19.372,42.934]],[[19.699,42.908],[20.056,43.021]],[[19.699,42.908],[19.679,42.882]],[[18.648,42.629],[18.727,42.718],[18.86,42.691],[18.937,42.62]],[[18.648,42.629],[18.543,42.626]],[[18.648,42.629],[18.761,42.507],[18.794,42.354]],[[18.937,42.62],[19.05,42.704],[19.213,42.708],[19.211,42.76]],[[18.937,42.62],[19.006,42.559],[18.985,42.506]],[[19.209,42.859],[19.211,42.76]],[[19.209,42.859],[19.228,42.911],[19.372,42.934]],[[19.372,42.934],[19.679,42.882]],[[19.211,42.76],[19.301,42.677]],[[19.679,42.882],[19.676,42.825]],[[18.985,42.506],[19.143,42.371],[19.11,42.3]],[[18.985,42.506],[19.199,42.487],[19.301,42.677]],[[19.301,42.677],[19.447,42.675],[19.535,42.739],[19.628,42.665]],[[19.628,42.665],[19.665,42.728],[19.629,42.803],[19.676,42.825]],[[19.628,42.665],[19.658,42.635]],[[19.676,42.825],[19.878,42.763],[19.909,42.689]],[[19.11,42.3],[18.923,42.302]],[[19.11,42.3],[19.283,42.198]],[[19.909,42.689],[19.747,42.589]],[[19.909,42.689],[20.037,42.707]],[[18.923,42.302],[18.794,42.354]],[[20.056,42.764],[20.129,42.974]],[[18.794,42.354],[18.789,42.276]],[[18.694,42.358],[18.735,42.428],[18.686,42.477]],[[28.58,47.332],[28.456,47.282],[28.466,47.214],[28.327,47.157]],[[28.58,47.332],[28.521,47.418]],[[28.327,47.157],[28.091,47.251]],[[28.327,47.157],[28.349,47.079],[28.505,47.064]],[[28.068,47.901],[27.951,47.848]],[[28.068,47.901],[28.069,47.985]],[[28.068,47.901],[28.139,47.827],[28.291,47.781],[28.275,47.733],[28.405,47.688]],[[27.951,47.848],[27.825,47.963],[27.685,47.953],[27.688,48.055]],[[27.951,47.848],[27.953,47.816]],[[27.953,47.816],[28.045,47.782],[28.055,47.732],[27.965,47.736]],[[27.953,47.816],[27.848,47.785]],[[27.965,47.736],[27.86,47.751]],[[27.965,47.736],[27.942,47.676],[28.002,47.673],[28.017,47.619],[27.931,47.554],[28.006,47.503],[27.976,47.463]],[[28.521,47.418],[28.226,47.419]],[[28.226,47.419],[28.087,47.328],[28.158,47.294],[28.091,47.251]],[[28.226,47.419],[28.151,47.458]],[[28.405,47.688],[28.413,47.61],[28.171,47.554],[28.151,47.458]],[[28.151,47.458],[27.976,47.463]],[[28.505,47.064],[28.628,47.012],[28.772,47.053]],[[28.772,47.053],[28.778,46.988],[28.908,46.961]],[[29.462,46.951],[29.561,46.961]],[[29.462,46.951],[29.45,46.824]],[[29.45,46.824],[29.238,46.764],[29.088,46.852]],[[28.908,46.961],[29.062,46.915],[29.05,46.86],[29.088,46.852]],[[29.088,46.852],[28.971,46.804]],[[28.069,47.985],[28.027,48.004],[28.111,48.073],[28.099,48.116],[27.952,48.196]],[[28.069,47.985],[28.467,47.997]],[[28.091,47.251],[27.978,47.192],[27.977,47.117],[28.065,47.042],[28.038,47.015]],[[28.971,46.804],[29.02,46.694],[29.168,46.598],[29.183,46.538]],[[28.916,46.167],[28.984,46.221]],[[27.976,47.463],[27.589,47.367]],[[27.952,48.196],[27.853,48.209],[27.89,48.131],[27.776,48.126],[27.688,48.055]],[[27.952,48.196],[28.016,48.241],[28.003,48.326]],[[27.688,48.055],[27.546,48.12]],[[27.885,48.378],[27.592,48.357],[27.51,48.237]],[[27.51,48.237],[27.312,48.303]],[[27.51,48.237],[27.562,48.186],[27.546,48.12]],[[28.467,47.997],[28.543,48.088],[28.5,48.109]],[[27.312,48.303],[27.252,48.378]],[[27.312,48.303],[27.275,48.234],[27.126,48.239],[27.048,48.121]],[[27.86,47.751],[27.848,47.785]],[[27.86,47.751],[27.796,47.77],[27.638,47.645],[27.429,47.578]],[[27.848,47.785],[27.528,47.867],[27.381,47.838],[27.288,47.751]],[[27.546,48.12],[27.557,48.061],[27.477,48.021],[27.304,48.024],[27.178,47.942]],[[100.972,5.773],[100.943,5.538],[100.879,5.478],[100.853,5.354],[100.756,5.316],[100.571,5.084],[100.504,5.134]],[[100.504,5.134],[100.404,5.12]],[[100.504,5.134],[100.559,5.143],[100.533,5.55],[100.354,5.569]],[[33.619,-13.234],[33.526,-13.342],[33.462,-13.326],[33.422,-13.48]],[[34.843,-15.314],[34.785,-15.245],[34.559,-15.2]],[[34.75,-15.812],[34.763,-15.611]],[[34.75,-15.812],[34.868,-15.828],[34.846,-15.968],[34.892,-16.027]],[[34.75,-15.812],[34.537,-15.807],[34.342,-15.73]],[[34.763,-15.611],[34.419,-15.575]],[[33.835,-12.71],[33.673,-12.711],[33.572,-12.643],[33.586,-12.399],[33.514,-12.374]],[[35.31,-16.005],[35.299,-16.209]],[[34.892,-16.027],[35.096,-16.331]],[[35.096,-16.331],[35.237,-16.399]],[[35.096,-16.331],[35.061,-16.485],[34.887,-16.701]],[[35.527,-15.607],[35.661,-15.485],[35.838,-15.459]],[[35.527,-15.607],[35.497,-15.691],[35.601,-15.936],[35.665,-15.893],[35.797,-15.933]],[[33.422,-13.48],[33.333,-13.628]],[[33.333,-13.628],[33.194,-13.495],[33.145,-13.34],[32.905,-13.351]],[[33.333,-13.628],[33.253,-13.832],[33.339,-13.978],[33.357,-14.231]],[[34.284,-13.851],[34.093,-14.113],[33.964,-14.196],[33.934,-14.291],[33.716,-14.386],[33.618,-14.562]],[[34.748,-14.303],[34.535,-14.429],[34.38,-14.414]],[[46.591,-17.745],[46.891,-17.722],[46.91,-17.815],[47.045,-17.852],[47.206,-17.756],[47.296,-17.754],[47.449,-17.891],[47.611,-17.947],[47.903,-17.9]],[[46.591,-17.745],[46.176,-17.882],[45.97,-17.811]],[[46.591,-17.745],[46.71,-18.134],[46.944,-18.402],[46.975,-18.541],[47.131,-18.737]],[[47.903,-17.9],[47.971,-17.974],[48.034,-18.356],[47.906,-19.096],[47.946,-19.394],[47.875,-19.594]],[[47.903,-17.9],[47.993,-17.687],[48.054,-17.656],[48.116,-17.481],[48.086,-17.417],[48.204,-17.164],[48.184,-17.065],[48.082,-17.002],[48.078,-16.9],[47.953,-16.746],[47.917,-16.515]],[[45.97,-17.811],[45.808,-18.232],[45.624,-18.228],[45.575,-18.288]],[[45.97,-17.811],[45.848,-17.627],[45.873,-17.427],[45.585,-17.427],[45.485,-17.076],[45.497,-16.976]],[[45.575,-18.288],[45.632,-18.356],[45.629,-18.542],[45.5,-18.72],[45.502,-18.926],[45.65,-19.092],[45.687,-19.206],[45.808,-19.232],[45.841,-19.369],[45.808,-19.452]],[[45.575,-18.288],[45.39,-18.298],[45.037,-18.19],[44.817,-18.373],[45.006,-18.808],[45.035,-19.147],[45.107,-19.243],[44.941,-19.242],[44.829,-19.308],[44.565,-19.261],[44.474,-19.167],[44.272,-19.146]],[[45.808,-19.452],[45.859,-19.729],[45.784,-19.883]],[[45.808,-19.452],[46.161,-19.444]],[[45.784,-19.883],[46.084,-19.959],[46.163,-20.084],[46.236,-20.014],[46.297,-20.062],[46.304,-20.206],[46.544,-20.27],[46.619,-20.236],[46.87,-20.259],[46.976,-20.161],[47.189,-20.149],[47.249,-20.05],[47.52,-20.072],[47.662,-20.006],[47.718,-20.075]],[[45.784,-19.883],[45.848,-20.707],[45.789,-20.792],[45.79,-20.929]],[[47.718,-20.075],[47.764,-19.897],[47.85,-19.796]],[[47.718,-20.075],[47.683,-20.354],[47.781,-20.451]],[[49.097,-14.196],[49.394,-14.493],[49.365,-14.562],[49.586,-14.941]],[[49.097,-14.196],[49.18,-14.107],[49.231,-13.944],[49.331,-13.919],[49.418,-13.556],[49.356,-13.355],[49.418,-13.293],[49.481,-13.03],[49.469,-12.955],[49.393,-12.942],[49.636,-12.675]],[[49.586,-14.941],[49.525,-14.984],[49.463,-14.961],[49.455,-15.133],[49.371,-15.147],[49.361,-15.242],[49.016,-15.361],[49.034,-15.44],[49.121,-15.46],[49.056,-15.741],[49.106,-15.904],[49.005,-16.111],[49.2,-16.179],[49.219,-16.244],[49.128,-16.426],[49.039,-16.472],[48.986,-16.659],[48.917,-16.679]],[[49.586,-14.941],[49.718,-15.077],[49.942,-15.042],[50.038,-15.173],[49.983,-15.226],[50.05,-15.444],[50.017,-15.594],[50.129,-15.92]],[[47.875,-19.594],[47.85,-19.796]],[[47.875,-19.594],[47.564,-19.419],[47.589,-19.156],[47.477,-19.156]],[[47.85,-19.796],[48.065,-19.719],[48.141,-19.782],[48.303,-19.795],[48.341,-19.569],[48.429,-19.569],[48.391,-19.381],[48.567,-19.331],[48.579,-19.181],[48.667,-19.156],[48.667,-18.968],[48.529,-18.592],[48.529,-18.392],[48.567,-18.254],[48.817,-18.154],[48.805,-18.053],[48.654,-17.878],[48.842,-17.853],[48.88,-17.753]],[[47.917,-16.515],[47.977,-16.254],[48.29,-16.241],[48.626,-16.467],[48.665,-16.583],[48.638,-16.682],[48.686,-16.76],[48.838,-16.673],[48.917,-16.679]],[[47.917,-16.515],[47.627,-16.4],[47.514,-16.4],[47.339,-16.299]],[[48.917,-16.679],[48.805,-17.302],[48.87,-17.374],[48.817,-17.502],[48.729,-17.565],[48.855,-17.665],[48.88,-17.753]],[[47.781,-20.451],[47.614,-20.559],[47.589,-20.759],[47.464,-20.822],[47.452,-20.985]],[[5.856,49.706],[5.994,49.729],[6.06,49.83],[6.246,49.791]],[[6.246,49.791],[6.296,49.849]],[[6.246,49.791],[6.263,49.747],[6.175,49.69],[6.278,49.68],[6.312,49.627],[6.234,49.554],[6.251,49.489]],[[22.578,56.387],[22.554,56.327],[22.446,56.304],[22.375,56.164],[22.467,56.104],[22.684,56.126],[22.702,56.08],[22.602,56.052],[22.581,55.983],[22.698,55.949],[22.492,55.798],[22.505,55.702],[22.457,55.678]],[[22.457,55.678],[22.172,55.68],[22.028,55.61],[21.878,55.602]],[[22.457,55.678],[22.646,55.474]],[[23.867,55.569],[23.634,55.475],[23.538,55.546],[23.456,55.518],[23.176,55.579],[22.867,55.481],[22.646,55.474]],[[23.867,55.569],[24.005,55.642],[24.021,55.763],[23.937,55.843],[24.06,55.904],[24.005,56.037],[24.158,56.162],[24.14,56.258]],[[21.878,55.602],[21.795,55.653],[21.752,55.757],[21.625,55.752],[21.605,55.813],[21.516,55.814],[21.618,55.879],[21.587,55.996],[21.987,56.21],[21.903,56.345],[21.965,56.384]],[[21.878,55.602],[21.814,55.565],[21.886,55.436],[22.046,55.406],[21.903,55.269],[22.051,55.233],[22.084,55.153],[22.298,55.146],[22.27,55.07]],[[-9.086,5.832],[-9.153,5.713],[-9.357,5.583],[-9.316,5.423],[-9.418,5.271]],[[27.511,-29.271],[27.545,-29.327],[27.782,-29.294],[27.891,-29.336],[28.01,-29.265],[28.042,-29.373],[28.164,-29.289],[28.203,-29.332]],[[28.203,-29.332],[28.286,-29.25],[28.265,-29.119]],[[28.203,-29.332],[28.1,-29.452],[28.184,-29.71]],[[27.3,-29.52],[27.358,-29.531],[27.436,-29.667],[27.528,-29.637],[27.551,-29.689],[27.627,-29.702],[27.675,-29.771],[27.655,-29.821],[27.94,-29.844],[28.078,-29.905]],[[28.078,-29.905],[28.129,-29.904]],[[28.078,-29.905],[28.056,-29.938],[27.904,-29.888],[27.883,-29.94],[27.836,-29.904],[27.821,-29.955],[27.681,-29.975],[27.561,-29.92],[27.443,-30.041],[27.372,-29.975],[27.386,-29.852],[27.171,-29.921]],[[28.184,-29.71],[28.057,-29.719],[28.101,-29.798],[28.161,-29.798],[28.129,-29.904]],[[28.184,-29.71],[28.282,-29.894]],[[28.129,-29.904],[28.29,-29.961],[28.282,-29.894]],[[28.265,-29.119],[28,-28.937],[27.893,-29.052],[27.825,-29.031],[27.634,-29.091]],[[28.265,-29.119],[28.336,-29.114],[28.417,-29.296],[28.617,-29.338],[28.562,-29.259]],[[28.218,-28.701],[28.266,-28.801],[28.489,-28.881],[28.502,-29.072],[28.677,-29.035],[28.791,-28.889]],[[28.791,-28.889],[28.83,-28.867],[28.828,-28.76]],[[28.791,-28.889],[28.752,-29.071],[28.593,-29.182],[28.562,-29.259]],[[28.282,-29.894],[28.54,-29.776]],[[28.562,-29.259],[28.709,-29.19],[28.674,-29.311],[28.804,-29.353],[28.783,-29.489],[29.021,-29.491],[29.158,-29.576],[29.275,-29.528]],[[28.54,-29.776],[28.666,-29.806],[28.697,-29.879],[28.789,-29.81],[28.959,-29.857],[29.014,-29.743],[29.114,-29.753]],[[28.54,-29.776],[28.541,-29.925],[28.368,-30.03],[28.265,-30.001]],[[28.265,-30.001],[27.934,-30.07],[27.863,-30.234],[27.798,-30.274],[27.721,-30.253],[27.724,-30.354],[27.622,-30.344],[27.533,-30.393]],[[28.265,-30.001],[28.276,-30.049],[28.205,-30.122],[28.356,-30.173]],[[26.312,57.499],[26.362,57.513],[26.351,57.58]],[[26.312,57.499],[26.276,57.331]],[[26.312,57.499],[26.123,57.569],[25.945,57.53]],[[26.276,57.331],[26.262,57.282],[26.059,57.265]],[[26.276,57.331],[26.424,57.332],[26.394,57.351],[26.476,57.405],[26.594,57.391]],[[27.487,57.274],[27.157,57.226]],[[27.487,57.274],[27.556,57.259],[27.694,57.356]],[[27.487,57.274],[27.403,57.16],[27.638,57.018]],[[27.157,57.226],[26.989,57.304],[26.715,57.306],[26.594,57.391]],[[27.157,57.226],[27.008,57.115]],[[25.704,57.921],[25.653,57.864],[25.469,57.874],[25.553,57.792]],[[25.591,57.614],[25.695,57.616],[25.783,57.553],[25.743,57.534],[25.822,57.525],[25.776,57.5]],[[25.591,57.614],[25.51,57.646],[25.689,57.738]],[[25.591,57.614],[25.457,57.537]],[[25.776,57.5],[25.658,57.465]],[[25.776,57.5],[25.935,57.476],[25.945,57.53]],[[25.658,57.465],[25.752,57.338],[25.745,57.275]],[[25.658,57.465],[25.399,57.441]],[[25.658,57.465],[25.603,57.378],[25.512,57.36],[25.601,57.265]],[[25.689,57.738],[25.553,57.792]],[[25.689,57.738],[25.847,57.752],[25.86,57.684],[25.989,57.672],[25.877,57.603],[25.896,57.53],[25.945,57.53]],[[25.553,57.792],[25.455,57.789]],[[24.881,57.625],[24.895,57.567],[25.004,57.562],[25.08,57.5]],[[24.881,57.625],[25.094,57.653]],[[24.881,57.625],[24.829,57.719],[24.649,57.771]],[[25.08,57.5],[25.211,57.417],[25.387,57.386]],[[25.08,57.5],[24.8,57.417],[24.832,57.396]],[[25.094,57.653],[25.099,57.736],[25.017,57.796]],[[25.094,57.653],[25.189,57.673],[25.379,57.55]],[[25.017,57.796],[24.901,57.826],[24.827,57.982]],[[25.017,57.796],[25.128,57.799],[25.142,57.844],[25.246,57.8]],[[26.928,56.831],[27.34,56.783]],[[26.928,56.831],[26.953,56.847]],[[26.928,56.831],[26.773,56.681]],[[25.77,57.279],[25.745,57.275]],[[25.77,57.279],[26.059,57.265]],[[25.77,57.279],[25.772,57.199]],[[25.745,57.275],[25.601,57.265]],[[26.059,57.265],[26.013,57.221]],[[25.399,57.441],[25.387,57.386]],[[25.399,57.441],[25.377,57.509]],[[25.387,57.386],[25.231,57.331]],[[24.832,57.396],[24.933,57.246]],[[24.832,57.396],[24.688,57.39],[24.702,57.349],[24.637,57.32],[24.713,57.227],[24.682,57.223]],[[26.594,57.391],[26.808,57.504],[26.796,57.571]],[[27.008,57.115],[26.86,56.983]],[[27.008,57.115],[27.325,57.062],[27.255,56.993],[27.332,56.936],[27.2,56.861],[26.985,56.878]],[[26.86,56.983],[26.985,56.878]],[[26.86,56.983],[26.568,56.948]],[[26.117,57.078],[26.168,57.143],[26.013,57.221]],[[26.117,57.078],[25.923,57.097]],[[26.117,57.078],[26.183,57.083]],[[26.013,57.221],[25.772,57.199]],[[27.038,56.18],[27.296,56.203]],[[27.038,56.18],[26.947,56.304],[26.991,56.331],[26.898,56.411],[26.925,56.448]],[[27.038,56.18],[26.888,56.129]],[[26.925,56.448],[26.953,56.477],[26.808,56.498],[26.775,56.512],[26.816,56.54],[26.744,56.559]],[[26.925,56.448],[27.034,56.448],[27.005,56.562],[26.773,56.681]],[[26.744,56.559],[26.792,56.61],[26.773,56.681]],[[26.744,56.559],[26.628,56.544]],[[23.954,56.991],[24.001,56.979],[23.943,56.939]],[[23.954,56.991],[23.928,57.007]],[[23.954,56.991],[23.492,56.935]],[[23.943,56.939],[24.066,56.886]],[[23.943,56.939],[23.823,56.884],[23.855,56.826]],[[24.162,57.053],[24.113,57.089]],[[24.162,57.053],[24.32,56.969]],[[24.162,57.053],[24.247,57.06]],[[24.32,56.969],[24.235,56.93]],[[24.32,56.969],[24.372,56.944]],[[24.197,56.882],[24.088,56.876]],[[24.197,56.882],[24.259,56.873],[24.235,56.93]],[[24.197,56.882],[24.218,56.828],[24.444,56.838]],[[24.088,56.876],[24.066,56.886]],[[24.088,56.876],[24.114,56.801],[23.996,56.73]],[[24.066,56.886],[23.855,56.826]],[[24.235,56.93],[24.336,56.896],[24.406,56.927]],[[24.682,57.223],[24.55,57.316],[24.461,57.295]],[[24.682,57.223],[24.616,57.203],[24.674,57.17],[24.666,57.125]],[[24.405,57.348],[24.461,57.295]],[[24.461,57.295],[24.488,57.238],[24.372,57.182]],[[25.148,56.989],[24.879,57.105],[24.89,57.011],[24.818,56.99]],[[25.148,56.989],[25.133,57.052],[25.169,57.068],[25.112,57.11]],[[25.148,56.989],[25.143,56.951]],[[26.953,56.847],[26.985,56.878]],[[26.953,56.847],[26.861,56.9],[26.713,56.903],[26.536,56.801],[26.473,56.855],[26.568,56.948]],[[26.773,56.681],[26.683,56.722],[26.389,56.678],[26.376,56.636]],[[25.923,57.097],[25.886,56.964]],[[25.923,57.097],[25.775,57.154],[25.772,57.199]],[[25.886,56.964],[25.504,56.995]],[[25.886,56.964],[25.947,56.906],[25.775,56.891],[25.765,56.828]],[[25.504,56.995],[25.488,56.994]],[[25.504,56.995],[25.504,56.995]],[[25.504,56.995],[25.504,56.995]],[[25.488,56.994],[25.396,56.937],[25.344,56.977],[25.252,56.935],[25.143,56.951]],[[25.488,56.994],[25.556,56.874],[25.484,56.867],[25.505,56.813]],[[25.504,56.995],[25.507,57.036],[25.617,57.066],[25.541,57.122],[25.563,57.147]],[[26.183,57.083],[26.321,57.098],[26.369,57.045]],[[26.183,57.083],[26.171,56.953],[26.223,56.928],[26.359,56.931],[26.406,56.989],[26.369,57.045]],[[26.568,56.948],[26.497,57.056],[26.369,57.045]],[[26.628,56.544],[26.596,56.489],[26.541,56.49]],[[26.628,56.544],[26.587,56.551],[26.594,56.595],[26.376,56.636]],[[25.143,56.951],[24.807,56.934]],[[24.807,56.934],[24.693,56.895]],[[24.807,56.934],[24.818,56.99]],[[24.693,56.895],[24.457,56.887]],[[24.693,56.895],[24.736,56.866],[24.588,56.812]],[[24.513,56.817],[24.444,56.838]],[[24.513,56.817],[24.525,56.752]],[[24.513,56.817],[24.588,56.812]],[[24.444,56.838],[24.457,56.887]],[[24.457,56.887],[24.406,56.927]],[[24.525,56.752],[24.522,56.714]],[[24.525,56.752],[24.254,56.785],[24.27,56.746],[24.188,56.718]],[[24.522,56.714],[24.355,56.662]],[[24.522,56.714],[24.634,56.677],[24.593,56.643],[24.697,56.579],[24.657,56.544],[24.95,56.579]],[[25.505,56.813],[25.692,56.77]],[[25.505,56.813],[25.268,56.745],[25.278,56.697]],[[24.355,56.662],[24.23,56.699]],[[24.355,56.662],[24.368,56.619],[24.309,56.612],[24.381,56.53]],[[24.23,56.699],[24.034,56.688]],[[24.23,56.699],[24.188,56.718]],[[24.034,56.688],[24.008,56.71]],[[24.034,56.688],[24.027,56.603],[24.11,56.575],[24.079,56.535]],[[25.932,56.638],[25.936,56.682],[25.834,56.712],[25.843,56.789],[25.765,56.828]],[[25.932,56.638],[26.131,56.654],[26.291,56.587],[26.376,56.636]],[[25.932,56.638],[25.757,56.612]],[[25.765,56.828],[25.692,56.77]],[[25.692,56.77],[25.6,56.765],[25.616,56.716],[25.496,56.612]],[[25.278,56.697],[25.176,56.703]],[[25.278,56.697],[25.293,56.591]],[[25.176,56.703],[25.097,56.737]],[[25.176,56.703],[25.139,56.619]],[[25.097,56.737],[25.029,56.727],[25.024,56.625]],[[25.097,56.737],[25.042,56.79],[24.924,56.801]],[[25.024,56.625],[25.05,56.612]],[[25.024,56.625],[24.8,56.715],[24.924,56.801]],[[25.05,56.612],[24.95,56.579]],[[25.05,56.612],[25.139,56.619]],[[24.95,56.579],[25.014,56.496]],[[26.648,56.135],[26.888,56.129]],[[26.648,56.135],[26.335,56.19]],[[26.648,56.135],[26.603,56.167],[26.672,56.177],[26.674,56.218],[26.601,56.282]],[[26.888,56.129],[26.968,56.008]],[[26.888,56.129],[26.802,56.185],[26.839,56.214],[26.783,56.282],[26.651,56.336],[26.734,56.396],[26.576,56.433]],[[26.335,56.19],[26.301,56.183]],[[26.335,56.19],[26.293,56.284],[26.353,56.274],[26.355,56.311],[26.442,56.266],[26.601,56.282]],[[26.301,56.183],[26.194,56.226],[26.157,56.38],[26.089,56.406]],[[26.301,56.183],[26.345,56.093]],[[26.089,56.406],[26.257,56.512],[26.363,56.451],[26.541,56.49]],[[26.089,56.406],[25.877,56.495]],[[26.541,56.49],[26.576,56.433]],[[25.757,56.612],[25.57,56.577]],[[25.757,56.612],[25.748,56.566],[25.826,56.527]],[[25.57,56.577],[25.607,56.568],[25.559,56.511],[25.595,56.467]],[[25.57,56.577],[25.496,56.612]],[[25.595,56.467],[25.294,56.408]],[[25.595,56.467],[25.734,56.351]],[[25.294,56.408],[25.296,56.337],[25.37,56.327],[25.31,56.287],[25.403,56.232],[25.409,56.179],[25.349,56.16]],[[25.294,56.408],[25.074,56.403],[25.014,56.496]],[[26.345,56.093],[26.313,56.15],[26.22,56.166],[26.026,56.079]],[[26.345,56.093],[26.393,55.978],[26.292,55.941],[26.32,55.908],[26.277,55.881],[26.349,55.81],[26.227,55.797]],[[26.026,56.079],[25.942,56.062],[25.831,56.123],[25.86,56.082],[25.795,56.04]],[[26.026,56.079],[25.876,56.222],[25.694,56.229]],[[27.34,56.783],[27.447,56.853]],[[27.34,56.783],[27.455,56.772],[27.472,56.663],[27.58,56.619]],[[27.447,56.853],[27.644,56.842]],[[27.447,56.853],[27.417,56.902],[27.665,56.989],[27.638,57.018]],[[27.561,56.576],[27.487,56.499],[27.69,56.361],[27.715,56.298],[27.668,56.24]],[[27.561,56.576],[27.58,56.619]],[[27.561,56.576],[27.756,56.521],[27.813,56.552],[27.919,56.482],[27.989,56.523],[28.093,56.502]],[[27.668,56.24],[27.535,56.261],[27.296,56.203]],[[27.668,56.24],[27.838,56.182],[28.07,56.209]],[[27.58,56.619],[27.644,56.686],[27.802,56.666],[27.865,56.743]],[[27.296,56.203],[27.339,56.14],[27.241,56.112],[27.264,56.073]],[[26.968,56.008],[26.933,56.003],[26.934,55.874],[26.979,55.826]],[[26.968,56.008],[27.147,55.985],[27.189,56.055],[27.264,56.073]],[[28.07,56.209],[28.051,56.141]],[[28.07,56.209],[28.121,56.275],[28.095,56.298],[28.004,56.332],[27.865,56.285],[27.841,56.321],[28.012,56.384],[27.978,56.433],[28.168,56.427]],[[21.436,56.868],[21.593,56.845],[21.823,56.688]],[[21.436,56.868],[21.493,56.904]],[[21.436,56.868],[21.32,56.808],[21.316,56.74]],[[21.823,56.688],[21.795,56.573]],[[21.823,56.688],[21.96,56.732],[21.935,56.799],[21.983,56.821],[22.163,56.795]],[[21.493,56.904],[21.396,56.942]],[[21.493,56.904],[21.706,56.956],[21.574,57.086]],[[21.396,56.942],[21.472,56.971],[21.506,57.076],[21.574,57.086]],[[21.795,56.573],[21.833,56.524],[21.967,56.507]],[[21.795,56.573],[21.712,56.55]],[[21.967,56.507],[22.056,56.509],[22.011,56.555],[22.126,56.582],[22.104,56.673],[22.189,56.736],[22.163,56.795]],[[21.967,56.507],[21.995,56.439],[21.946,56.417],[21.983,56.388]],[[22.206,57.178],[22.192,57.125],[22.095,57.102],[21.574,57.086]],[[22.206,57.178],[22.349,57.11],[22.382,57.02],[22.508,57.014]],[[22.206,57.178],[22.194,57.212],[22.309,57.289],[22.26,57.398]],[[22.508,57.014],[22.455,56.917]],[[22.508,57.014],[22.636,57.016],[22.642,57.095],[22.931,57.145]],[[22.455,56.917],[22.392,56.886],[22.304,56.92],[22.264,56.894],[22.341,56.847],[22.163,56.795]],[[22.455,56.917],[22.529,56.909],[22.491,56.852]],[[23.507,56.895],[23.492,56.935]],[[23.507,56.895],[23.67,56.875],[23.77,56.8]],[[23.507,56.895],[23.462,56.884],[23.487,56.816]],[[23.492,56.935],[23.477,56.936]],[[23.477,56.936],[23.149,56.921],[23.231,57.066],[23.101,57.155],[23.113,57.265]],[[22.26,57.398],[22.326,57.434],[22.477,57.414],[22.547,57.498],[22.625,57.503]],[[22.931,57.145],[23.08,57.238]],[[22.931,57.145],[22.941,57.114],[22.841,57.079],[22.879,57.02],[22.818,56.975],[22.943,56.855]],[[23.08,57.238],[23.113,57.265]],[[23.08,57.238],[22.92,57.334],[23.031,57.394]],[[23.113,57.265],[23.16,57.319]],[[23.487,56.816],[23.322,56.782],[23.3,56.715],[23.123,56.699]],[[23.487,56.816],[23.525,56.764],[23.417,56.707],[23.485,56.66],[23.406,56.606],[23.48,56.6],[23.415,56.493]],[[23.123,56.699],[22.826,56.698]],[[23.123,56.699],[23.036,56.807],[22.932,56.81],[22.943,56.855]],[[22.826,56.698],[22.789,56.804]],[[22.826,56.698],[22.859,56.644],[22.777,56.601],[22.798,56.568]],[[22.789,56.804],[22.491,56.852]],[[22.789,56.804],[22.943,56.855]],[[22.491,56.852],[22.442,56.771],[22.502,56.639],[22.575,56.568],[22.655,56.604],[22.712,56.565]],[[22.798,56.568],[22.712,56.565]],[[22.798,56.568],[22.848,56.539],[23.022,56.59],[23.149,56.433]],[[22.712,56.565],[22.727,56.425],[22.86,56.397]],[[23.77,56.8],[23.756,56.744]],[[23.77,56.8],[23.855,56.826]],[[23.756,56.744],[23.996,56.73]],[[23.756,56.744],[23.671,56.716],[23.731,56.69]],[[24.008,56.71],[23.996,56.73]],[[24.008,56.71],[24.188,56.718]],[[24.079,56.535],[24.018,56.502]],[[24.079,56.535],[24.234,56.501],[24.381,56.53]],[[24.018,56.502],[23.992,56.503]],[[24.018,56.502],[24.037,56.426],[24.155,56.387],[24.068,56.383],[23.981,56.312]],[[23.992,56.503],[23.841,56.434],[23.871,56.332]],[[23.992,56.503],[23.912,56.608],[23.792,56.647]],[[23.415,56.493],[23.462,56.398],[23.378,56.355]],[[23.415,56.493],[23.356,56.546],[23.274,56.49],[23.31,56.46],[23.149,56.433]],[[73.112,42.139],[73.382,42.019],[73.637,41.989],[73.752,42.021],[73.801,41.958]],[[73.112,42.139],[73.07,42.188],[73.088,42.243],[73.265,42.292],[73.531,42.289],[73.693,42.418],[73.58,42.491],[73.505,42.422]],[[73.112,42.139],[72.946,42.128],[72.818,42.061],[72.628,42.152],[72.351,42.206],[72.235,42.186],[72.164,42.081],[72.062,42.072],[71.627,42.203],[71.25,42.198]],[[73.801,41.958],[73.997,41.996],[74.058,41.925],[74.124,41.925],[74.139,41.864],[74.17,41.92],[74.27,41.933],[74.32,42.016],[74.366,42.103],[74.32,42.134],[74.341,42.238],[74.673,42.23],[74.755,42.302],[74.877,42.301],[74.819,42.424],[75.517,42.455],[75.536,42.409],[75.637,42.46]],[[73.801,41.958],[73.725,41.887],[73.792,41.841],[73.827,41.877],[73.963,41.852],[73.979,41.741],[74.105,41.719],[74.119,41.6],[74.028,41.687],[73.91,41.673],[74.066,41.568],[74.407,41.546],[74.694,41.633],[74.753,41.608],[74.647,41.381],[74.343,41.294],[74.399,41.212],[74.083,41.159],[74.069,41.125],[74.144,41.069],[74.042,40.972]],[[75.637,42.46],[75.837,42.59],[76.158,42.604],[76.484,42.775],[77.125,42.808],[77.217,42.869],[77.212,42.91]],[[75.637,42.46],[75.773,42.352],[75.954,42.375],[76.007,42.29],[75.983,42.202],[76.09,42.106],[76.022,42.011],[76.161,42.034],[76.654,41.941],[76.621,41.853],[76.451,41.814],[76.732,41.761],[76.664,41.602],[77.214,41.585],[77.344,41.627],[77.339,41.541],[77.283,41.5],[77.305,41.438],[77.417,41.381],[77.355,41.263],[77.631,41.314],[77.655,41.227],[77.964,41.2],[78.136,41.252],[78.231,41.173]],[[74.042,40.972],[73.928,41.017],[73.87,41.127],[73.712,40.953],[73.636,40.976],[73.592,41.015],[73.7,41.104],[73.635,41.135],[73.618,41.092],[73.463,41.095],[73.392,41.022],[73.278,41.011],[73.261,40.904],[73.135,40.835]],[[74.042,40.972],[74.36,40.703],[74.571,40.623],[74.589,40.554],[74.832,40.508]],[[72.013,40.262],[72.212,40.288],[72.197,40.189],[72.272,40.143],[72.241,40.098],[72.29,40.067],[72.283,39.957],[72.411,39.862],[72.475,39.867],[72.55,39.768],[72.328,39.658],[72.096,39.633],[71.713,39.738],[71.551,39.669],[71.51,39.585]],[[47.865,29.31],[47.992,29.33]],[[47.865,29.31],[47.842,29.266]],[[47.992,29.33],[48.009,29.295]],[[48.035,29.209],[48.009,29.295]],[[48.035,29.209],[47.877,29.185],[47.842,29.266]],[[48.035,29.209],[48.106,29.214]],[[48.009,29.295],[48.094,29.31]],[[47.842,29.266],[47.784,29.204],[47.77,29.056],[47.446,28.976]],[[20.541,42.502],[20.509,42.378],[20.581,42.297]],[[20.541,42.502],[20.647,42.476],[20.716,42.381]],[[20.541,42.502],[20.503,42.525]],[[20.541,42.502],[20.759,42.609]],[[20.581,42.297],[20.706,42.327]],[[20.581,42.297],[20.474,42.237]],[[20.624,42.697],[20.631,42.823]],[[20.624,42.697],[20.759,42.609]],[[20.624,42.697],[20.457,42.668]],[[20.631,42.823],[20.494,42.887]],[[20.631,42.823],[20.688,42.843],[20.742,42.794],[20.744,42.83]],[[20.759,42.609],[20.786,42.523],[20.86,42.497]],[[20.759,42.609],[20.822,42.697],[20.926,42.711]],[[20.856,42.233],[20.857,42.188],[20.975,42.135]],[[20.856,42.233],[20.706,42.327]],[[20.856,42.233],[20.966,42.292]],[[21.056,42.923],[20.996,43.054]],[[21.056,42.923],[20.957,42.927],[20.914,42.83],[20.834,42.807]],[[21.056,42.923],[21.097,42.795]],[[20.996,43.054],[20.814,42.971]],[[20.996,43.054],[20.993,43.104]],[[21.48,42.732],[21.399,42.693],[21.449,42.642],[21.424,42.617]],[[21.424,42.617],[21.465,42.558]],[[21.424,42.617],[21.326,42.581]],[[37.132,-1.237],[37.067,-1.302],[36.969,-1.292],[36.87,-1.413]],[[37.132,-1.237],[37.187,-1.092],[37.323,-1.09],[37.364,-1.039],[37.372,-0.968],[37.314,-0.976],[37.243,-0.87],[37.256,-0.765],[37.348,-0.796],[37.492,-0.736],[37.324,-0.17],[37.086,0.019]],[[37.132,-1.237],[36.983,-1.204],[36.943,-1.139],[36.801,-1.174],[36.676,-1.298]],[[36.87,-1.413],[36.869,-1.461],[36.976,-1.454],[36.973,-1.541],[37.158,-1.78],[37.188,-1.919],[37.719,-2.194],[37.596,-2.355],[37.918,-2.78]],[[36.87,-1.413],[36.676,-1.298]],[[37.086,0.019],[37.247,0.092],[37.358,0.205],[37.395,0.344],[37.341,0.525],[36.863,0.593],[36.927,0.757],[37.249,0.77],[37.381,0.593],[37.571,0.578],[37.692,0.672],[38.056,0.791],[38.036,1.137],[37.947,1.256],[37.915,1.438],[37.842,1.501],[37.553,1.423],[37.371,1.773],[37.175,2.001],[36.957,2.022],[36.74,2.532],[36.697,2.538],[36.636,2.409],[36.558,2.395],[36.381,2.846],[36.248,2.981],[36.127,2.988],[36.148,3.213],[36.045,3.268],[36.045,4.444]],[[37.086,0.019],[37.004,-0.099],[37.026,-0.222],[36.963,-0.296],[36.904,-0.299],[36.841,-0.232],[36.855,-0.142],[36.575,-0.129],[36.54,-0.065],[36.649,0.015],[36.589,0.011],[36.471,0.118],[36.275,0.013],[36.226,-0.078],[36.201,-0.257],[36.256,-0.388],[36.377,-0.401],[36.402,-0.585],[36.509,-0.62],[36.586,-1.001],[36.503,-1.245],[36.676,-1.298]],[[38.746,-0.065],[38.747,0.215],[38.67,0.487],[39.159,0.711],[39.308,0.926],[39.446,0.984],[39.278,1.453],[39.452,1.531],[39.193,1.726],[39.026,1.974],[38.943,2.133],[38.88,2.5],[38.971,2.574],[39.12,2.918],[39.323,3.042],[39.296,3.492]],[[38.746,-0.065],[38.574,-0.024],[38.415,-0.068],[38.989,-1.124],[39,-1.687],[38.959,-1.751],[38.979,-1.969],[38.797,-2.334],[38.629,-2.407],[39.042,-3.02],[38.799,-3.068],[38.539,-2.964],[38.447,-2.987],[38.135,-2.69],[37.918,-2.78]],[[38.746,-0.065],[38.934,-0.093],[39.065,-0.04],[39.143,-0.127],[39.443,-0.195],[39.581,-0.322],[39.64,-0.505],[39.812,-0.69],[39.917,-1.135],[39.994,-1.219],[40.033,-1.48],[40.113,-1.626],[40.168,-2.078],[40.997,-1.711],[41.536,-1.676]],[[37.918,-2.78],[37.831,-3.165],[37.68,-3.192]],[[34.567,1.103],[34.773,0.836],[35.057,0.883],[35.126,0.851],[35.17,0.737],[35.087,0.633],[34.845,0.571],[34.934,0.252],[34.759,-0.007]],[[34.759,-0.007],[34.522,-0.02],[34.52,0.089],[34.388,0.283],[34.239,0.305],[34.096,0.214],[33.952,-0.116]],[[34.759,-0.007],[35.052,-0.06],[35.101,-0.02],[35.205,-0.033],[35.327,-0.198],[35.288,-0.248],[35.121,-0.128],[35.049,-0.212],[34.999,-0.361],[35.072,-0.781],[34.994,-0.886],[34.573,-1.01],[34.719,-1.412]],[[35.457,31.434],[35.818,31.406]],[[35.818,31.406],[35.849,31.255],[36.152,31.249]],[[35.818,31.406],[35.888,31.512],[35.81,31.65],[35.838,31.784],[35.708,31.775]],[[35.708,31.775],[35.597,31.686],[35.502,31.685]],[[35.708,31.775],[35.723,31.842],[35.669,31.886],[35.941,32.046]],[[35.636,32.184],[35.56,32.19]],[[35.636,32.184],[35.695,32.156]],[[35.636,32.184],[35.649,32.355],[35.848,32.402],[35.905,32.339]],[[35.695,32.156],[35.896,32.096]],[[35.695,32.156],[35.905,32.339]],[[35.905,32.339],[36.017,32.346]],[[35.896,32.096],[35.941,32.046]],[[35.896,32.096],[35.991,32.197]],[[36.017,32.346],[36.015,32.411],[36.087,32.408],[36.082,32.516]],[[36.017,32.346],[35.948,32.262],[35.991,32.197]],[[36.152,31.249],[36.192,31.095],[36.024,30.767]],[[36.152,31.249],[37.222,31.247]],[[35.941,32.046],[36.054,31.951],[36.302,32.019],[36.428,32.003],[36.535,31.904],[36.469,31.836],[36.501,31.79],[36.612,31.721],[36.714,31.747],[36.998,31.501]],[[35.991,32.197],[36.03,32.134],[36.433,32.114],[37.761,31.696]],[[36.024,30.767],[35.83,30.915],[35.67,30.97],[35.491,30.997],[35.437,30.884],[35.347,30.923]],[[36.024,30.767],[35.911,30.645],[35.448,30.608]],[[35.448,30.608],[35.264,30.72]],[[35.448,30.608],[35.299,30.027],[35.352,29.96],[35.481,29.958],[35.571,29.891],[35.688,29.557],[35.74,29.232]],[[131.872,32.732],[131.761,32.822],[131.696,32.766],[131.527,32.743],[131.478,32.815],[131.324,32.822]],[[131.324,32.822],[131.242,32.793],[131.004,32.487],[131.088,32.314],[131.05,32.246],[131.076,32.156],[130.712,32.091]],[[131.324,32.822],[131.091,33.165],[130.978,33.161],[130.991,33.033],[130.835,33.081]],[[130.712,32.091],[130.873,31.888],[130.889,31.79],[130.965,31.761],[131.047,31.637],[131.186,31.587],[131.151,31.471]],[[130.835,33.081],[130.837,33.34],[130.886,33.425],[130.981,33.496],[131.149,33.496],[131.201,33.613]],[[133.648,33.856],[133.661,33.998]],[[133.648,33.856],[133.179,33.772],[133.003,33.475],[132.809,33.444],[132.882,33.316],[132.686,33.124],[132.619,33.153],[132.672,33.001],[132.643,32.909]],[[133.661,33.998],[133.592,34.024]],[[140.926,40.244],[141.013,40.213],[141.303,40.355],[141.553,40.359],[141.681,40.451]],[[140.926,40.244],[140.855,40.181],[140.871,39.878],[140.783,39.84],[140.826,39.784],[140.81,39.631],[140.658,39.392],[140.796,39.175],[140.749,39.113],[140.798,39.049],[140.759,38.952]],[[140.533,38.882],[140.618,38.756],[140.599,38.66],[140.534,38.631],[140.585,38.453],[140.474,38.282],[140.451,38.152],[140.282,38.045],[140.27,37.964]],[[140.533,38.882],[140.759,38.952]],[[139.215,36.946],[139.08,37.037],[138.965,36.967],[138.903,36.836],[138.68,36.731]],[[139.215,36.946],[139.36,36.902]],[[139.215,36.946],[139.235,37.14],[139.156,37.226],[139.208,37.355],[139.189,37.418],[139.554,37.506],[139.537,37.624],[139.725,37.82]],[[138.68,36.731],[138.499,36.682],[138.377,36.468],[138.438,36.4],[138.615,36.4],[138.633,36.324],[138.57,36.153],[138.615,36.031],[138.701,35.97]],[[138.68,36.731],[138.667,36.836],[138.555,37.001],[138.5,37.015],[138.366,36.977],[138.264,36.851],[138.044,36.807],[137.989,36.897],[137.869,36.919],[137.801,36.803],[137.733,36.775]],[[139.725,37.82],[139.932,37.812],[140.104,37.723],[140.214,37.741],[140.269,37.781],[140.27,37.964]],[[137.733,36.775],[137.695,36.912],[137.615,36.975]],[[137.733,36.775],[137.719,36.59],[137.565,36.377]],[[138.701,35.97],[139.034,36.139],[139.112,36.271],[139.674,36.152]],[[138.701,35.97],[138.716,35.896]],[[137.565,36.377],[137.276,36.452],[137.146,36.433],[136.958,36.273],[136.936,36.327],[136.85,36.343],[136.773,36.292]],[[137.565,36.377],[137.624,36.315],[137.539,36.118],[137.577,36.031],[137.323,35.802],[137.444,35.733],[137.585,35.495],[137.604,35.385],[137.548,35.27]],[[139.36,36.902],[139.306,36.645],[139.448,36.573],[139.338,36.369],[139.441,36.268],[139.589,36.26],[139.654,36.203]],[[139.36,36.902],[139.917,37.144],[140.176,37.059],[140.237,36.925]],[[139.654,36.203],[139.674,36.152]],[[139.654,36.203],[139.782,36.234],[139.954,36.362],[140.181,36.415],[140.235,36.517],[140.221,36.677],[140.267,36.719],[140.237,36.925]],[[136.773,36.292],[136.777,36.719],[136.894,36.926],[137.044,36.956]],[[136.773,36.292],[136.817,36.235],[136.721,36.075]],[[137.548,35.27],[137.575,35.188],[137.806,35.195]],[[137.548,35.27],[137.422,35.216],[137.293,35.268],[137.169,35.242],[136.953,35.384],[136.761,35.348],[136.68,35.236],[136.673,35.139]],[[136.257,35.646],[136.397,35.453],[136.399,35.203]],[[136.257,35.646],[136.128,35.664],[136.135,35.558],[135.98,35.48],[135.931,35.503],[135.876,35.382],[135.743,35.338]],[[136.257,35.646],[136.337,35.766],[136.484,35.739],[136.769,35.791],[136.802,35.85],[136.699,35.944],[136.721,36.075]],[[136.399,35.203],[136.443,35.132],[136.382,34.926],[136.241,34.863],[136.113,34.871],[136.082,34.801],[136.003,34.774]],[[136.399,35.203],[136.528,35.229],[136.673,35.139]],[[139.674,36.152],[139.753,36.08]],[[138.716,35.896],[138.623,35.854],[138.36,35.958],[138.18,35.787],[138.196,35.628]],[[138.716,35.896],[138.923,35.835]],[[136.721,36.075],[136.323,36.166],[136.227,36.286]],[[138.196,35.628],[138.136,35.547],[138.113,35.357],[137.806,35.195]],[[138.196,35.628],[138.241,35.518],[138.236,35.304],[138.343,35.292],[138.43,35.159],[138.507,35.194],[138.543,35.417],[138.697,35.351],[138.9,35.381]],[[138.923,35.835],[139.014,35.877],[139.411,35.752],[139.864,35.778]],[[138.923,35.835],[139.122,35.654]],[[136.003,34.774],[135.859,34.88],[135.815,35.001],[135.827,35.263],[135.743,35.338]],[[136.003,34.774],[136.036,34.715]],[[136.673,35.139],[136.752,35.026]],[[136.036,34.715],[136.06,34.563],[136.21,34.472],[136.071,34.394],[136.119,34.241],[136.098,34.012],[136.018,34.005],[135.848,33.838]],[[136.036,34.715],[135.832,34.699],[135.706,34.76]],[[135.848,33.838],[135.785,33.879],[135.603,33.875],[135.606,33.977],[135.543,34.065],[135.64,34.193],[135.708,34.213],[135.647,34.372]],[[139.753,36.08],[139.867,35.889],[139.864,35.778]],[[139.864,35.778],[139.864,35.632]],[[139.122,35.654],[139.091,35.514],[138.9,35.381]],[[140.27,37.964],[140.652,37.883],[140.764,37.77],[140.85,37.799],[140.865,37.883],[140.933,37.89]],[[140.759,38.952],[141.129,38.864],[141.114,38.822],[141.218,38.754],[141.321,38.813],[141.443,38.809],[141.499,38.987],[141.64,38.968]],[[131.676,34.672],[131.679,34.447],[131.768,34.416],[131.782,34.307],[131.947,34.306],[132.05,34.458]],[[132.05,34.458],[132.126,34.249],[132.24,34.19]],[[132.05,34.458],[132.144,34.705],[132.248,34.783],[132.668,34.838],[132.643,34.895],[132.854,35.073],[133.128,35.067]],[[133.257,35.536],[133.201,35.516],[133.325,35.416],[133.3,35.282],[133.164,35.206],[133.128,35.067]],[[133.128,35.067],[133.264,35.051]],[[135.743,35.338],[135.519,35.373],[135.447,35.452],[135.479,35.544]],[[133.264,35.051],[133.397,35.157],[133.501,35.177],[133.592,35.321],[133.823,35.239],[133.987,35.325],[134.114,35.261],[134.175,35.162],[134.396,35.229]],[[133.264,35.051],[133.443,34.473]],[[134.396,35.229],[134.463,35.225],[134.511,35.289],[134.366,35.6]],[[134.396,35.229],[134.394,35.141],[134.264,35.001],[134.305,34.709]],[[135.647,34.372],[135.677,34.448],[135.622,34.553],[135.706,34.76]],[[135.647,34.372],[135.188,34.274],[135.085,34.299]],[[135.706,34.76],[135.701,34.823],[135.583,34.947],[135.538,34.91],[135.363,34.997]],[[135.363,34.997],[135.44,34.904],[135.449,34.729],[135.413,34.692]],[[135.363,34.997],[135.379,35.108],[135.201,35.17],[135.153,35.245],[134.927,35.302],[134.93,35.38],[135.045,35.395],[135.044,35.503],[134.911,35.513],[134.863,35.658]],[[-77.896,18.196],[-77.921,18.296]],[[-77.896,18.196],[-77.781,18.234]],[[-77.896,18.196],[-77.965,18.051]],[[-77.781,18.234],[-77.64,18.221]],[[-77.491,18.196],[-77.64,18.221]],[[-77.491,18.196],[-77.211,18.186]],[[-77.491,18.196],[-77.359,17.898],[-77.395,17.853]],[[-76.996,18.242],[-77.211,18.186]],[[-76.996,18.242],[-76.873,18.148]],[[-76.751,18.139],[-76.701,18.267]],[[-76.751,18.139],[-76.728,18.083],[-76.628,18.074]],[[-76.751,18.139],[-76.873,18.148]],[[-77.64,18.221],[-77.565,17.857]],[[-76.628,18.074],[-76.616,17.979],[-76.657,17.93]],[[-76.873,18.148],[-76.89,18.028],[-76.85,17.992]],[[-76.727,17.954],[-76.755,17.997],[-76.812,17.972]],[[-7.072,7.719],[-7.062,7.618],[-6.983,7.569],[-7.024,7.538],[-7.006,7.446],[-7.085,7.366],[-7.039,7.064],[-7.063,6.93]],[[-7.072,7.719],[-6.997,7.764],[-6.63,7.786],[-6.459,7.741],[-6.249,7.777],[-6.214,7.684],[-6.106,7.618]],[[-7.072,7.719],[-7.084,7.989]],[[-3.775,6.627],[-4.098,6.477],[-4.155,6.373],[-4.147,6.234],[-4.248,6.185],[-4.422,6.279],[-4.463,6.224]],[[-3.775,6.627],[-3.796,6.76],[-3.73,6.912],[-3.775,6.979],[-3.57,7.072],[-3.645,7.178],[-3.593,7.187],[-3.535,7.338]],[[-3.775,6.627],[-3.68,6.636],[-3.611,6.356],[-3.542,6.376],[-3.46,6.191],[-3.433,6.212],[-3.396,6.163],[-3.427,6.061],[-3.385,6.002],[-3.468,5.838]],[[-5.413,6.64],[-5.512,6.629],[-5.74,6.489],[-6.041,6.52]],[[-5.413,6.64],[-5.437,6.767],[-5.537,6.896],[-5.459,7.029],[-5.504,7.063],[-5.494,7.135],[-5.596,7.151],[-5.662,7.257]],[[-5.413,6.64],[-5.309,6.589],[-5.337,6.519],[-5.303,6.383],[-5.215,6.367]],[[-6.041,6.52],[-6.099,6.374],[-6.4,6.305]],[[-6.041,6.52],[-6.165,6.728],[-6.216,6.983],[-5.932,7.165],[-6.172,7.288],[-6.221,7.285],[-6.253,7.213],[-6.446,7.255],[-6.314,7.5],[-6.106,7.618]],[[-4.463,6.224],[-4.702,6.282]],[[-4.463,6.224],[-4.659,5.858],[-4.34,5.603],[-3.931,5.622],[-3.904,5.788],[-3.733,5.906],[-3.468,5.838]],[[-4.702,6.282],[-4.702,6.401],[-4.74,6.479],[-4.794,6.489],[-4.74,6.601],[-4.837,6.628],[-4.916,6.595],[-4.972,6.748],[-4.954,6.821],[-4.804,6.882],[-4.817,7.01],[-4.708,7.269],[-4.73,7.417],[-4.632,7.449],[-4.661,7.516]],[[-4.702,6.282],[-4.749,6.243],[-5.007,6.242],[-5.215,6.367]],[[-5.215,6.367],[-5.244,6.218]],[[-5.244,6.218],[-5.505,6.167],[-5.729,6.196],[-5.785,5.957],[-6.052,5.678]],[[-6.4,6.305],[-6.375,6.103],[-6.271,5.868],[-6.219,5.778],[-6.106,5.777],[-6.052,5.678]],[[-6.4,6.305],[-6.503,6.276],[-6.582,6.316],[-6.675,6.25],[-6.84,6.25],[-6.97,6.398],[-6.955,6.511],[-6.997,6.558]],[[-7.063,6.93],[-7.171,6.963],[-7.539,6.939],[-7.604,6.929],[-7.622,6.847],[-7.803,6.842],[-7.99,6.968],[-8.099,6.895],[-8.092,6.805],[-8.282,6.603],[-8.328,6.586],[-8.442,6.655]],[[-7.063,6.93],[-6.97,6.697],[-6.997,6.558]],[[-6.997,6.558],[-7.115,6.46],[-7.094,5.691],[-7.418,5.628]],[[-4.01,8.028],[-4.179,7.993],[-4.409,7.805],[-4.527,7.8],[-4.517,7.599],[-4.578,7.599],[-4.661,7.516]],[[-4.01,8.028],[-4.01,7.967],[-3.927,7.958],[-3.977,7.913],[-3.87,7.866],[-3.872,7.774],[-3.74,7.733],[-3.638,7.582],[-3.579,7.587],[-3.594,7.517],[-3.509,7.449],[-3.535,7.338]],[[-4.01,8.028],[-3.94,8.116],[-4.02,8.184],[-4.043,8.305],[-3.96,8.319],[-3.988,8.419],[-3.933,8.47],[-3.981,8.528],[-3.932,8.614]],[[-5.662,7.257],[-5.713,7.317],[-5.714,7.507],[-5.783,7.607],[-5.796,7.744]],[[-5.662,7.257],[-5.445,7.3],[-5.376,7.23],[-5.289,7.236],[-4.894,7.542],[-4.661,7.516]],[[-6.106,7.618],[-6.008,7.738],[-5.906,7.707],[-5.796,7.744]],[[-5.796,7.744],[-5.74,8],[-5.421,8.102],[-5.346,8.186],[-5.354,8.277],[-5.619,8.448],[-5.523,8.466],[-5.61,8.529]],[[-5.61,8.529],[-5.956,8.641],[-6.135,8.945],[-6.227,9.004],[-6.255,9.068],[-6.215,9.151],[-6.264,9.203],[-6.337,9.206],[-6.46,9.075],[-6.534,9.157],[-6.606,9.067],[-6.747,9.118]],[[-5.61,8.529],[-5.639,8.614],[-5.702,8.632],[-5.669,8.734],[-5.72,8.749],[-5.711,8.799],[-5.692,8.841],[-5.459,8.878],[-5.492,8.913],[-5.461,9.001],[-5.421,8.994],[-5.496,9.09],[-5.338,9.385],[-5.253,9.385],[-5.194,9.295],[-5.019,9.293],[-4.973,9.161],[-4.885,9.112],[-4.936,8.909],[-4.532,8.905],[-4.405,8.847],[-4.336,8.71],[-4.276,8.711],[-4.217,8.642],[-3.932,8.614]],[[-6.747,9.118],[-6.897,9.052],[-6.907,8.943],[-7.123,9.008],[-7.233,8.943],[-7.189,8.788],[-7.23,8.624],[-7.186,8.524]],[[-6.747,9.118],[-6.735,9.26],[-6.784,9.388],[-6.741,9.512],[-6.798,9.565],[-6.733,9.85],[-6.786,9.948],[-6.948,9.96],[-6.873,10.122],[-6.777,10.141],[-6.723,10.102],[-6.583,10.167],[-6.668,10.366]],[[-3.468,5.838],[-3.434,5.78]],[[-3.535,7.338],[-3.431,7.329],[-3.365,7.224],[-3.223,7.217],[-3.097,7.054]],[[-3.434,5.78],[-3.309,5.919],[-3.172,6.25]],[[-3.932,8.614],[-3.927,8.687],[-3.791,8.776],[-3.898,8.946],[-3.803,9.007],[-3.878,9.042],[-3.844,9.104],[-3.899,9.11],[-3.894,9.165],[-4.091,9.267],[-4.177,9.237],[-4.196,9.445],[-4.322,9.609]],[[-7.186,8.524],[-7.113,8.323],[-7.137,8.243],[-7.084,7.989]],[[-7.186,8.524],[-7.66,8.945],[-7.748,9.075]],[[-7.084,7.989],[-7.239,7.995],[-7.289,8.075],[-7.45,8.167],[-7.512,8.081],[-7.511,7.904],[-7.668,7.843],[-7.871,8.014],[-7.966,8.027]],[[-6.731,52.916],[-6.781,52.87],[-6.931,52.885]],[[-6.731,52.916],[-6.496,52.871],[-6.518,52.821],[-6.678,52.807],[-6.609,52.712]],[[-6.731,52.916],[-6.765,53.011],[-6.468,53.224]],[[-6.931,52.885],[-6.938,52.825],[-7.047,52.793]],[[-6.931,52.885],[-6.971,52.958],[-7.077,52.998],[-7.047,53.056],[-7.092,53.167]],[[-7.047,52.793],[-7.093,52.725],[-6.978,52.673],[-6.923,52.466]],[[-7.047,52.793],[-7.183,52.888],[-7.453,52.786],[-7.562,52.819],[-7.668,52.78]],[[-7.092,53.167],[-7.144,53.183],[-7.029,53.188],[-7.061,53.227],[-6.988,53.307],[-7.074,53.376]],[[-7.092,53.167],[-7.285,53.134],[-7.379,53.208],[-7.625,53.163],[-7.593,53.093],[-7.728,52.956]],[[-7.074,53.376],[-6.958,53.449],[-6.842,53.404],[-6.456,53.388]],[[-7.074,53.376],[-7.182,53.428]],[[-6.456,53.388],[-6.471,53.37]],[[-6.684,53.905],[-6.446,53.765],[-6.448,53.717],[-6.246,53.73]],[[-6.684,53.905],[-6.553,53.983],[-6.605,54.044]],[[-6.684,53.905],[-6.748,53.914]],[[-6.471,53.37],[-6.529,53.283],[-6.468,53.224]],[[-6.471,53.37],[-6.347,53.359]],[[-6.468,53.224],[-6.332,53.177],[-6.286,53.217]],[[-7.728,52.956],[-7.657,52.926],[-7.713,52.854],[-7.668,52.78]],[[-7.728,52.956],[-7.813,52.969],[-7.978,52.855],[-8.043,52.929],[-7.973,52.94],[-7.994,52.983],[-7.946,52.992],[-7.916,53.083],[-8.077,53.17]],[[-7.182,53.428],[-7.061,53.468],[-6.948,53.649],[-7.162,53.685],[-7.339,53.795]],[[-7.182,53.428],[-7.443,53.325],[-7.526,53.327],[-7.619,53.409],[-7.757,53.353],[-7.944,53.367]],[[-7.339,53.795],[-6.974,53.775],[-6.908,53.809],[-6.961,53.871],[-6.748,53.914]],[[-7.339,53.795],[-7.389,53.779]],[[-7.944,53.367],[-8.046,53.276]],[[-7.944,53.367],[-7.963,53.524]],[[-7.389,53.779],[-7.383,53.733],[-7.602,53.658],[-7.56,53.621],[-7.66,53.541],[-7.963,53.524]],[[-7.389,53.779],[-7.486,53.859],[-7.567,53.859],[-7.54,53.889],[-7.599,53.933]],[[-7.963,53.524],[-8.032,53.619],[-7.887,53.77],[-7.922,53.812]],[[-8.046,53.276],[-7.969,53.225],[-8.077,53.17]],[[-8.046,53.276],[-8.149,53.282],[-8.235,53.363],[-8.283,53.567],[-8.454,53.708],[-8.817,53.668]],[[-7.922,53.812],[-7.793,53.815],[-7.599,53.933]],[[-7.922,53.812],[-8.024,53.941],[-8.093,53.92],[-8.05,54.091],[-8.157,54.108]],[[-7.668,52.78],[-7.63,52.731]],[[-8.077,53.17],[-8.309,52.98]],[[-6.748,53.914],[-7.009,54.097],[-7.316,54.114]],[[-7.365,52.336],[-7.766,52.343],[-7.756,52.225],[-8.099,52.209]],[[-7.365,52.336],[-7.216,52.249],[-7.153,52.271]],[[-7.365,52.336],[-7.392,52.431],[-7.458,52.472],[-7.419,52.512],[-7.475,52.62],[-7.63,52.731]],[[-8.099,52.209],[-8.185,52.281]],[[-8.751,52.673],[-8.666,52.653]],[[-9.217,52.294],[-9.332,52.351],[-9.3,52.506],[-9.363,52.575]],[[-9.217,52.294],[-9.121,52.332],[-8.973,52.293],[-8.794,52.379],[-8.668,52.373],[-8.499,52.277],[-8.33,52.321],[-8.185,52.281]],[[-9.217,52.294],[-9.267,52.233],[-9.178,52.076],[-9.209,52.026],[-9.126,51.982],[-9.292,51.941],[-9.281,51.876],[-9.447,51.79],[-9.604,51.777],[-9.814,51.687],[-9.861,51.755]],[[-8.185,52.281],[-8.172,52.365],[-8.393,52.452],[-8.355,52.502],[-8.323,52.471],[-8.23,52.516],[-8.187,52.665]],[[-6.923,52.466],[-6.609,52.712]],[[-7.153,52.271],[-7.034,52.257]],[[-7.153,52.271],[-7.1,52.207],[-7.003,52.223],[-7.034,52.257]],[[-6.992,52.267],[-7.034,52.257]],[[-6.609,52.712],[-6.525,52.683],[-6.323,52.791],[-6.151,52.742]],[[-6.286,53.217],[-6.089,53.204]],[[-6.286,53.217],[-6.273,53.31]],[[-8.309,52.98],[-8.279,52.957],[-8.397,52.904],[-8.477,52.755]],[[-8.477,52.755],[-8.568,52.676]],[[-8.477,52.755],[-8.45,52.688],[-8.187,52.665]],[[-8.666,52.653],[-8.568,52.676]],[[-8.666,52.653],[-8.587,52.624],[-8.568,52.676]],[[-7.599,53.933],[-7.594,54.023],[-8.039,54.189],[-8.047,54.244],[-7.942,54.299]],[[-8.157,54.108],[-8.389,53.996],[-8.4,53.961],[-8.337,53.925],[-8.583,53.958]],[[-8.157,54.108],[-8.337,54.197],[-8.388,54.346],[-8.349,54.415],[-8.414,54.42],[-8.382,54.469]],[[-8.3,54.478],[-8.168,54.463]],[[-8.583,53.958],[-8.684,53.961],[-8.632,53.885],[-8.726,53.821],[-8.693,53.741],[-8.817,53.668]],[[-8.817,53.668],[-8.967,53.648],[-9.098,53.501],[-9.187,53.475],[-9.347,53.563],[-9.697,53.603]],[[115.678,-1.426],[115.666,-1.361],[115.417,-1.443],[115.338,-1.765],[115.33,-2.037],[115.155,-2.196],[114.88,-2.275],[114.906,-2.429],[114.785,-2.689],[114.504,-2.881],[114.311,-3.434]],[[115.678,-1.426],[115.57,-1.518],[115.643,-1.533],[115.689,-1.636],[115.749,-2.001],[115.829,-2.047],[115.861,-2.343],[115.994,-2.271],[116.573,-2.363]],[[115.678,-1.426],[115.72,-1.426],[115.802,-1.294],[115.805,-1.085],[115.74,-1.104],[115.655,-0.994],[115.46,-0.886],[115.274,-0.311],[115.347,0.01],[115.213,0.025],[114.978,-0.167],[115.02,0.07],[114.953,0.313],[115.078,0.547],[115.027,0.687],[114.89,0.737],[114.663,0.621],[114.378,0.589],[114.052,0.649],[113.776,0.559]],[[113.776,0.559],[113.647,0.41],[113.623,0.311],[113.325,0.245],[113.432,0.113],[113.48,-0.072],[113.426,-0.197],[113.253,-0.339],[113.303,-0.436],[113.256,-0.551],[113.152,-0.47],[112.578,-0.704],[112.366,-0.757],[112.106,-0.738],[111.651,-1.015],[111.591,-1.088],[111.59,-1.175],[111.391,-1.288],[111.134,-1.53],[111.012,-1.526],[110.927,-1.604],[110.951,-1.664],[111.021,-1.673],[110.996,-2.071],[111.138,-2.405],[111.162,-2.683],[110.959,-2.886]],[[113.776,0.559],[113.908,0.719],[113.948,0.862],[113.863,0.902],[113.864,0.976],[114.201,1.225],[114.207,1.439]],[[101.336,-2.297],[101.26,-2.081],[101.142,-1.92],[101.114,-1.705],[101.449,-1.717],[101.639,-1.543],[101.686,-1.469],[101.678,-1.289],[101.774,-1.255],[101.841,-1.166],[101.783,-1.132],[101.77,-1.038]],[[101.336,-2.297],[101.444,-2.241],[101.737,-2.636],[102.067,-2.782]],[[103.765,-4.805],[103.603,-4.39],[103.199,-4.265],[103.129,-4.033],[102.799,-3.982],[102.636,-3.827],[102.897,-3.631],[102.883,-3.574],[102.993,-3.584],[102.999,-3.408],[102.856,-3.371],[102.766,-3.279],[102.631,-3.373],[102.563,-3.344],[102.459,-3.244],[102.481,-3.132],[102.241,-3.059],[102.231,-2.965],[102.067,-2.782]],[[103.765,-4.805],[103.855,-4.854],[103.889,-4.934],[104.081,-4.947],[104.298,-4.892],[104.339,-4.821],[104.263,-4.701],[104.309,-4.628],[104.309,-4.44],[104.527,-4.32],[105.009,-4.169],[105.116,-4.053],[105.134,-3.947],[105.266,-3.886],[105.316,-3.752],[105.513,-3.868],[105.602,-4.054],[105.709,-4.15],[105.828,-4.158]],[[102.067,-2.782],[102.26,-2.64],[102.448,-2.728],[102.596,-2.71],[102.792,-2.568],[102.864,-2.462],[102.862,-2.354],[103.123,-2.398],[103.199,-2.37],[103.17,-2.271],[103.233,-2.179],[103.457,-2.402],[103.454,-2.246],[103.553,-2.203],[103.52,-1.979],[103.886,-1.795],[104.174,-1.836],[104.322,-1.804],[104.398,-1.69],[104.532,-1.734]],[[101.77,-1.038],[101.331,-0.787],[101,-0.401],[100.856,-0.322],[100.746,-0.083],[100.844,-0.038],[100.838,0.2],[100.51,0.444],[100.369,0.411],[100.265,0.45],[100.163,0.648],[100.208,0.719],[100.173,0.758]],[[111.673,-6.734],[111.598,-6.961],[111.608,-7.154],[111.444,-7.311],[111.203,-7.267],[111.191,-7.707],[111.291,-7.76],[111.308,-7.838],[111.273,-7.945],[111.217,-7.94],[110.98,-8.1],[110.944,-8.226]],[[108.895,-6.814],[108.801,-6.935],[108.781,-7.073],[108.707,-7.135],[108.584,-7.151],[108.547,-7.279],[108.71,-7.398],[108.734,-7.605],[108.799,-7.665]],[[106.988,-6.079],[106.941,-6.374],[106.763,-6.301]],[[106.763,-6.301],[106.739,-6.386],[106.431,-6.35],[106.427,-6.697],[106.508,-6.768],[106.405,-6.991]],[[106.763,-6.301],[106.684,-6.102],[106.731,-6.059]],[[123.458,0.312],[123.5,0.43],[123.481,0.557],[123.247,0.733],[123.217,0.827],[123.097,0.929]],[[122.197,1.028],[122.046,0.944],[121.856,0.975],[121.508,0.847],[121.303,0.826],[121.16,0.686],[121.245,0.594],[121.334,0.576],[121.333,0.462]],[[119.873,-1.955],[119.822,-1.908],[119.839,-1.757],[119.725,-1.613],[119.682,-1.434],[119.487,-1.311],[119.602,-1.151],[119.566,-0.834]],[[119.873,-1.955],[119.814,-2.06],[119.635,-2.194],[119.624,-2.294],[119.729,-2.384],[119.787,-2.687],[119.661,-2.758],[119.515,-2.759],[119.641,-3.11],[119.414,-3.204],[119.491,-3.487]],[[119.873,-1.955],[120.069,-1.855],[120.323,-1.904],[120.405,-1.838],[120.764,-2.217],[121.449,-2.388],[121.787,-2.67],[121.772,-2.801],[121.598,-2.973]],[[121.598,-2.973],[122.17,-3.094],[122.339,-3.238]],[[121.598,-2.973],[121.488,-3.022],[121.261,-2.872],[121.086,-2.91]],[[134.873,-4.255],[135.265,-3.76],[134.234,-3.384],[134.306,-3.221],[134.451,-3.078],[134.448,-3.013],[134.67,-2.838]],[[-21.084,65.168],[-20.984,64.972]],[[-20.984,64.972],[-21.113,64.985],[-21.265,65.07],[-21.276,65.225],[-21.484,65.369],[-21.655,65.383],[-21.608,65.421],[-21.615,65.502],[-21.695,65.453]],[[-20.984,64.972],[-20.727,64.914],[-20.406,64.955],[-19.796,64.929],[-19.977,64.802]],[[-18.427,64.881],[-18.354,65.046],[-18.375,65.208],[-18.78,65.433],[-18.73,65.521],[-18.916,65.589],[-18.798,65.703],[-18.985,65.851],[-18.865,65.907],[-18.908,65.962],[-18.854,66.019],[-19.079,66.158]],[[-18.427,64.881],[-19.667,64.751],[-19.977,64.802]],[[-18.427,64.881],[-16.877,64.472]],[[-16.877,64.472],[-16.663,64.675],[-16.633,64.745],[-16.678,64.821],[-16.617,64.924],[-16.202,65.051],[-16.198,65.21],[-16.027,65.333],[-16.176,65.426],[-16.036,65.57],[-15.692,65.55],[-15.675,65.745],[-15.448,65.774],[-15.101,65.922],[-14.694,65.944],[-14.615,65.986]],[[-16.877,64.472],[-17.342,64.039],[-17.386,63.773]],[[-21.149,64.364],[-21.388,64.258],[-21.417,64.163],[-21.652,64]],[[-21.149,64.364],[-20.79,64.531],[-20.045,64.698],[-19.977,64.802]],[[-21.652,64],[-21.932,63.848]],[[-21.652,64],[-21.93,64.004]],[[-89.146,14.711],[-89.026,14.721],[-88.849,14.503],[-88.731,14.549]],[[-88.731,14.549],[-88.747,14.438],[-88.819,14.427],[-88.811,14.387],[-88.876,14.406],[-88.978,14.301],[-88.97,14.21]],[[-88.731,14.549],[-88.793,14.714],[-88.656,14.724],[-88.645,14.927]],[[-88.761,15.3],[-88.653,15.159],[-88.702,14.952],[-88.645,14.927]],[[-88.645,14.927],[-88.555,14.935],[-88.487,14.812],[-88.434,14.855],[-88.361,14.819],[-88.389,14.772],[-88.317,14.72],[-88.344,14.654]],[[-87.788,15.721],[-87.698,15.664],[-87.626,15.511],[-87.456,15.54],[-87.376,15.441],[-87.182,15.427],[-86.991,15.549],[-86.779,15.551],[-86.636,15.605],[-86.421,15.583]],[[-87.788,15.721],[-87.82,15.672],[-87.762,15.61],[-87.831,15.509],[-87.816,15.452],[-87.853,15.452],[-87.82,15.416],[-87.935,15.245],[-87.923,15.191],[-87.738,15.111],[-87.736,15.017]],[[-87.986,14.836],[-88.057,14.947],[-88.018,15.056],[-88.114,15.131],[-88.062,15.208],[-88.124,15.271],[-88.134,15.373],[-88.234,15.427],[-88.262,15.504],[-88.467,15.521]],[[-87.986,14.836],[-88.075,14.742],[-88.075,14.665]],[[-87.986,14.836],[-87.963,14.804],[-87.757,14.948],[-87.736,15.017]],[[-88.075,14.665],[-88.344,14.654]],[[-88.075,14.665],[-87.969,14.613],[-87.853,14.429]],[[-87.736,15.017],[-87.548,15.058],[-87.444,14.911],[-87.351,14.937],[-87.246,14.898]],[[-86.421,15.583],[-86.363,15.672],[-86.438,15.791]],[[-86.421,15.583],[-86.24,15.521],[-86.233,15.41]],[[-87.246,14.898],[-87.208,14.859],[-87.254,14.837],[-87.266,14.703],[-87.342,14.608],[-87.402,14.625],[-87.466,14.522],[-87.383,14.395],[-87.462,14.332],[-87.425,14.229],[-87.615,14.088]],[[-87.246,14.898],[-87.167,15.026],[-86.987,15.016]],[[-86.233,15.41],[-86.372,15.329],[-86.514,15.389],[-86.693,15.269],[-86.815,15.285],[-86.859,15.254],[-86.886,15.082],[-86.987,15.016]],[[-86.233,15.41],[-86.032,15.39],[-85.88,15.529],[-85.688,15.577],[-85.396,15.409],[-85.249,15.237],[-85,15.069]],[[-87.615,14.088],[-87.69,14.051],[-87.829,14.225],[-87.639,14.274],[-87.647,14.37],[-87.853,14.429]],[[-87.615,14.088],[-87.598,13.938],[-87.647,13.834]],[[-86.987,15.016],[-86.906,14.94],[-86.933,14.897],[-86.891,14.762],[-86.744,14.575],[-86.714,14.424]],[[-85,15.069],[-85,15.988]],[[-85,15.069],[-85,14.742]],[[-86.714,14.424],[-86.822,14.338],[-86.912,14.141],[-86.984,14.133],[-86.912,14.039],[-86.938,13.967],[-86.989,13.965],[-87.014,13.8],[-87.122,13.81],[-87.13,13.66],[-87.214,13.671]],[[-86.714,14.424],[-86.428,14.291],[-86.194,14.338],[-86.142,14.269],[-86.03,14.263],[-85.913,14.133],[-85.764,14.198],[-85.647,14.183],[-85.563,14.042]],[[-87.214,13.671],[-87.36,13.69],[-87.424,13.761],[-87.461,13.67]],[[-87.214,13.671],[-87.184,13.566],[-87.077,13.506],[-86.933,13.661],[-86.771,13.708]],[[-87.461,13.67],[-87.642,13.75],[-87.647,13.834]],[[-87.461,13.67],[-87.364,13.519],[-87.379,13.393]],[[-87.853,14.429],[-87.952,14.389],[-88.013,14.254],[-88.232,14.084],[-88.218,13.991]],[[-87.647,13.834],[-87.75,13.846]],[[-88.344,14.654],[-88.36,14.491],[-88.501,14.449],[-88.422,14.349],[-88.421,14.248],[-88.328,14.216],[-88.322,14.108],[-88.497,13.969]],[[-71.979,19.336],[-71.75,19.28]],[[-71.979,19.336],[-72.083,19.446],[-72.111,19.566],[-72.048,19.712]],[[-71.979,19.336],[-72.12,19.26],[-72.2,19.302]],[[-72.2,19.302],[-72.246,19.241],[-72.247,18.877],[-72.365,18.867]],[[-72.2,19.302],[-72.327,19.565],[-72.482,19.543],[-72.676,19.807]],[[-72.365,18.867],[-72.488,18.959],[-72.706,18.944]],[[-72.365,18.867],[-72.106,18.705],[-71.946,18.744],[-71.792,18.681]],[[-73.012,18.221],[-72.998,18.323]],[[-73.012,18.221],[-73.14,18.362],[-73.513,18.334],[-73.599,18.427],[-73.784,18.425]],[[-72.998,18.323],[-72.971,18.283],[-72.765,18.265],[-72.737,18.315],[-72.49,18.402],[-72.354,18.349],[-71.721,18.294]],[[-73.784,18.425],[-73.739,18.544]],[[-73.784,18.425],[-73.894,18.407],[-73.906,18.364],[-74.085,18.404],[-74.453,18.361]],[[-58.125,6.08],[-58.115,5.972],[-57.951,5.93],[-57.903,5.866],[-57.683,5.875]],[[-58.125,6.08],[-58.275,6.106]],[[-57.683,5.875],[-57.606,5.756],[-57.698,5.347],[-57.995,4.871],[-58.066,4.654],[-58.282,4.634]],[[-57.683,5.875],[-57.706,6.008],[-57.623,6.021],[-57.625,6.166],[-57.529,6.203],[-57.52,6.278]],[[-58.581,6.465],[-58.401,6.272],[-58.364,6.13],[-58.275,6.106]],[[-58.52,6.978],[-58.834,6.714]],[[-58.834,6.714],[-58.854,6.768],[-58.937,6.771],[-58.965,6.854],[-59.064,6.832],[-59.173,6.872],[-59.154,6.984]],[[-59.154,6.984],[-59.269,7.018],[-59.342,6.951],[-59.473,6.988],[-59.576,7.086],[-59.832,7.192],[-60.088,7.068],[-60.348,7.153]],[[-58.282,4.634],[-58.44,4.251]],[[-58.282,4.634],[-58.568,4.621],[-58.794,4.766],[-58.844,4.972],[-58.821,5.229],[-58.885,5.327],[-58.845,5.415]],[[-58.44,4.251],[-58.364,4.139],[-58.29,3.769],[-58.152,3.534],[-58.1,3.204],[-57.929,2.886],[-58.026,2.743],[-58.027,2.509],[-58.267,1.897],[-58.502,1.454]],[[-58.44,4.251],[-58.598,4.273],[-58.854,4.019],[-58.925,4],[-59.055,4.183],[-59.249,4.15],[-59.462,4.191],[-59.466,4.501],[-59.533,4.489],[-59.608,4.377],[-59.687,4.371]],[[-58.845,5.415],[-59.005,5.528],[-59.099,5.519],[-59.103,5.578],[-59.232,5.708],[-59.361,5.591],[-59.551,5.578],[-59.584,5.386],[-59.929,5.369],[-60.089,5.155]],[[-9.955,9.669],[-9.833,9.553],[-9.629,9.537],[-9.549,9.459],[-9.221,9.426]],[[-9.955,9.669],[-10.134,9.714],[-10.271,9.598],[-10.418,9.612]],[[-9.955,9.669],[-9.851,9.701],[-9.701,9.902],[-9.719,10.203],[-9.668,10.437],[-9.373,10.75]],[[-9.221,9.426],[-9.238,9.246],[-9.32,9.196],[-9.336,9.09]],[[-9.221,9.426],[-9.178,9.638],[-9.025,9.731],[-8.883,9.74],[-8.523,9.584],[-8.475,9.521],[-8.479,9.381]],[[-9.336,9.09],[-9.288,9.082],[-9.24,8.919],[-8.969,8.962]],[[-9.336,9.09],[-9.362,8.993],[-9.523,8.872],[-9.77,8.9]],[[-11.306,11.326],[-11.132,11.483],[-11.218,11.544],[-11.139,11.658],[-11.119,11.787],[-11.185,12.021]],[[-11.306,11.326],[-11.473,11.245],[-11.492,11.178],[-11.664,11.031],[-11.813,11.002]],[[-11.306,11.326],[-11.249,11.184],[-11.423,11.064]],[[-12.969,11.168],[-12.875,10.986]],[[-12.969,11.168],[-12.99,11.256],[-12.93,11.385],[-12.704,11.566],[-12.809,11.722]],[[-12.969,11.168],[-13.234,11.13],[-13.264,11.331],[-13.395,11.361],[-13.807,11.292]],[[-12.875,10.986],[-12.813,11],[-12.752,11.191],[-12.648,11.314],[-12.526,11.299]],[[-12.875,10.986],[-12.961,10.813],[-12.921,10.724],[-12.963,10.585],[-12.896,10.47]],[[-12.005,11.287],[-11.905,11.159],[-11.897,11.018],[-11.813,11.002]],[[-12.005,11.287],[-12.055,11.291]],[[-12.005,11.287],[-11.623,11.51],[-11.524,11.624],[-11.353,11.666],[-11.351,12.04]],[[-11.813,11.002],[-11.78,10.897],[-11.822,10.804],[-12.029,10.762],[-12.197,10.593],[-12.415,10.491]],[[-12.055,11.291],[-12.122,11.293]],[[-12.055,11.291],[-12.317,11.728]],[[-12.122,11.293],[-12.416,11.148],[-12.482,11.173],[-12.526,11.299]],[[-12.122,11.293],[-12.182,11.134],[-12.134,11.032],[-12.338,10.987],[-12.441,10.837],[-12.618,10.732],[-12.65,10.529]],[[-12.896,10.47],[-12.813,10.524],[-12.714,10.471],[-12.65,10.529]],[[-12.896,10.47],[-13.135,10.404]],[[-12.526,11.299],[-12.462,11.513],[-12.501,11.726]],[[-10.418,9.612],[-10.414,9.74],[-10.323,9.889],[-10.354,9.999],[-10.211,10.184],[-10.23,10.319],[-10.17,10.334],[-10.122,10.478],[-10.138,10.527],[-10.2,10.439],[-10.224,10.508],[-10.305,10.532],[-10.442,10.506],[-10.598,10.662]],[[-10.418,9.612],[-10.392,9.293],[-10.478,9.185]],[[-10.029,11.378],[-10.14,11.374],[-10.321,11.467],[-10.386,11.442],[-10.343,11.207],[-10.549,11.175],[-10.695,11.228],[-10.703,11.113]],[[-10.029,11.378],[-10.065,11.641],[-10.208,11.815],[-9.889,12.061]],[[-10.029,11.378],[-9.875,11.302],[-9.833,11.038],[-9.689,10.873],[-9.343,10.867]],[[-10.598,10.662],[-10.896,10.844],[-10.703,11.113]],[[-10.598,10.662],[-10.728,10.602],[-10.881,10.657],[-11.02,10.608],[-11.161,10.473],[-11.377,10.395],[-11.449,9.995]],[[-10.703,11.113],[-10.833,11.089],[-11.083,10.945],[-11.194,11.026],[-11.416,11.029],[-11.423,11.064]],[[-8.07,9.398],[-8.32,9.335],[-8.479,9.381]],[[-8.479,9.381],[-8.728,9.072],[-8.969,8.962]],[[-8.969,8.962],[-8.968,8.746],[-8.856,8.463],[-8.91,8.298]],[[-12.828,12.154],[-12.79,12.248],[-12.578,12.362]],[[-12.828,12.154],[-12.863,11.909],[-12.782,11.9],[-12.809,11.722]],[[-12.828,12.154],[-13.018,12.017],[-13.211,12.015],[-13.334,12.091],[-13.378,12.301],[-13.485,12.31],[-13.477,12.272],[-13.667,12.232],[-13.696,12.293]],[[-10.478,9.185],[-10.436,9.074],[-10.202,8.872],[-9.98,8.943],[-9.77,8.9]],[[-10.478,9.185],[-10.502,9.11],[-10.593,9.048]],[[-9.77,8.9],[-9.794,8.827],[-9.908,8.755],[-9.873,8.5]],[[-11.423,11.064],[-11.489,11.064],[-11.603,10.965],[-11.595,10.819],[-11.553,10.796],[-11.588,9.994]],[[-12.415,10.491],[-12.496,10.558],[-12.5,10.619],[-12.65,10.529]],[[-12.415,10.491],[-12.383,10.465],[-12.41,10.277],[-12.236,10.269],[-12.125,10.1],[-12.11,9.882]],[[-12.809,11.722],[-12.501,11.726]],[[-13.807,11.292],[-13.844,11.272],[-13.76,11.119],[-13.86,10.89],[-13.99,10.862],[-14.145,10.669]],[[-13.807,11.292],[-13.91,11.378],[-13.934,11.486],[-14.048,11.534],[-14.015,11.637]],[[-13.612,10.715],[-13.8,10.741],[-13.986,10.647],[-14.145,10.669]],[[-13.612,10.715],[-13.405,10.701],[-13.209,10.596],[-13.212,10.397]],[[-13.612,10.715],[-13.624,10.554],[-13.811,10.395],[-13.819,10.296]],[[-14.145,10.669],[-14.536,10.507]],[[-13.212,10.397],[-13.484,10.239],[-13.819,10.296]],[[-13.212,10.397],[-13.135,10.404]],[[-13.819,10.296],[-13.91,10.104],[-13.69,9.951]],[[-90.765,14.778],[-90.772,14.671],[-90.891,14.489]],[[-90.765,14.778],[-90.618,14.645],[-90.651,14.469]],[[-90.765,14.778],[-90.658,14.904]],[[-90.891,14.489],[-90.82,14.405],[-90.738,14.47],[-90.651,14.469]],[[-90.891,14.489],[-90.978,14.383],[-90.991,14.422],[-91.111,14.43]],[[-90.651,14.469],[-90.596,14.415],[-90.565,14.256]],[[-90.658,14.904],[-90.977,14.939],[-91.087,14.826]],[[-90.658,14.904],[-90.4,14.899]],[[-90.658,14.904],[-90.872,15.148],[-90.866,15.257],[-90.574,15.21],[-90.504,15.262]],[[-90.209,14.674],[-90.285,14.514]],[[-90.209,14.674],[-90.339,14.751],[-90.344,14.844],[-90.413,14.856],[-90.4,14.899]],[[-90.209,14.674],[-89.834,14.877]],[[-90.285,14.514],[-90.388,14.497],[-90.444,14.329],[-90.565,14.256]],[[-90.285,14.514],[-90.128,14.519],[-90.052,14.433]],[[-90.4,14.899],[-90.303,14.89],[-90.283,14.954],[-89.973,15.157]],[[-89.834,14.877],[-89.794,14.786],[-89.736,14.78]],[[-89.834,14.877],[-89.765,14.934],[-89.852,15.023],[-89.797,15.043],[-89.878,15.16]],[[-91.087,14.826],[-91.114,14.53]],[[-91.087,14.826],[-91.127,14.807],[-91.117,14.857],[-91.183,14.911]],[[-91.114,14.53],[-91.111,14.43]],[[-91.114,14.53],[-91.251,14.554],[-91.303,14.641],[-91.37,14.658],[-91.403,14.606],[-91.462,14.616],[-91.47,14.74]],[[-91.428,14.818],[-91.47,14.74]],[[-91.428,14.818],[-91.47,14.91],[-91.536,14.932],[-91.589,15.091],[-91.519,15.156]],[[-91.428,14.818],[-91.37,14.862],[-91.23,14.86],[-91.183,14.911]],[[-91.47,14.74],[-91.511,14.713]],[[-91.183,14.911],[-91.274,15.041],[-91.235,15.097],[-91.315,15.263]],[[-89.973,15.157],[-89.878,15.16]],[[-89.973,15.157],[-89.918,15.247],[-89.952,15.288],[-90.249,15.296],[-90.31,15.207],[-90.504,15.262]],[[-89.878,15.16],[-89.606,15.18]],[[-90.504,15.262],[-90.478,15.331],[-90.703,15.394],[-90.706,15.442],[-90.597,15.526],[-90.654,15.654],[-90.781,15.679],[-90.818,15.751],[-90.733,15.868],[-90.764,15.97],[-90.634,16.045],[-90.558,15.998],[-90.469,16.011],[-90.448,16.079]],[[-91.519,15.156],[-91.616,15.221]],[[-91.519,15.156],[-91.451,15.226],[-91.315,15.263]],[[-91.315,15.263],[-91.179,15.292],[-91.184,15.387],[-91.264,15.399],[-91.33,15.503],[-91.306,15.607],[-91.21,15.656],[-90.995,16.07]],[[-90.448,16.08],[-89.971,16.014],[-89.852,15.911],[-89.521,15.899],[-89.512,15.842],[-89.396,15.861]],[[-89.396,15.861],[-89.661,15.561],[-89.588,15.481],[-89.647,15.306],[-89.606,15.18]],[[-89.396,15.861],[-89.358,15.913],[-89.236,15.906]],[[-89.686,14.578],[-89.678,14.542],[-89.816,14.519],[-89.885,14.436],[-89.943,14.474],[-90.052,14.433]],[[-89.686,14.578],[-89.667,14.76],[-89.736,14.78]],[[-89.686,14.578],[-89.513,14.524],[-89.496,14.423]],[[-90.052,14.433],[-90.191,14.253],[-90.058,14.17],[-90.06,14.07],[-90.157,13.977],[-90.292,14.01],[-90.241,13.789]],[[-89.736,14.78],[-89.67,14.901],[-89.524,14.863],[-89.429,14.919],[-89.286,14.906],[-89.213,14.949],[-89.189,14.913]],[[-89.606,15.18],[-89.21,15.298],[-89.147,15.071]],[[-90.565,14.256],[-90.587,14.212],[-90.516,14.203],[-90.627,14.056],[-90.627,13.921]],[[-91.511,14.713],[-91.674,14.662],[-91.694,14.74],[-91.856,14.523],[-92.017,14.531]],[[-91.511,14.713],[-91.608,14.537],[-91.659,14.117]],[[-92.017,14.531],[-92.05,14.616],[-92.138,14.636],[-92.061,14.708],[-91.832,14.738],[-91.683,14.98],[-91.708,15.092],[-91.616,15.221]],[[-91.616,15.221],[-91.716,15.35],[-91.856,15.361],[-92.044,15.28],[-92.106,15.454]],[[-91.111,14.43],[-91.171,14.272],[-91.347,14.294],[-91.373,14.381],[-91.414,14.355],[-91.528,14.047]],[[-1.424,11.018],[-1.453,10.852],[-1.578,10.669],[-1.444,10.478],[-1.368,10.465],[-1.366,10.391]],[[-1.366,10.391],[-1.232,10.299],[-1.211,10.403],[-1.133,10.485],[-1,10.531],[-0.912,10.513],[-0.922,10.479],[-0.786,10.64],[-0.701,10.634],[-0.706,10.524],[-0.667,10.519],[-0.513,10.554],[-0.483,10.617],[-0.092,10.7]],[[-1.366,10.391],[-1.49,10.426],[-1.614,10.289],[-1.649,10.168],[-1.555,10.078],[-1.649,10.056],[-1.624,10.031],[-1.692,10.005],[-1.696,9.885],[-1.764,9.834],[-2.33,9.812],[-2.514,9.774],[-2.623,9.671],[-2.743,9.653]],[[-0.214,7.193],[-0.444,7.065],[-0.602,7.057],[-0.793,6.797],[-0.948,6.741],[-0.891,6.614],[-1.071,6.419],[-1.19,6.206],[-1.239,5.915]],[[-0.214,7.193],[0.224,7.167]],[[-0.214,7.193],[-0.283,7.3],[-0.58,7.39],[-0.698,7.541],[-0.795,7.494],[-1.032,7.541],[-1.086,7.483],[-1.247,7.461],[-1.378,7.623],[-1.532,7.482],[-1.524,7.407],[-1.652,7.341],[-1.823,7.388],[-1.847,7.468],[-2.105,7.462],[-2.141,7.354],[-1.856,7.234],[-1.863,7.179],[-2.036,7.047],[-2.231,7.068],[-2.313,6.989],[-2.392,6.852],[-2.241,6.836],[-2.307,6.7],[-2.413,6.684],[-2.375,6.589],[-2.441,6.451],[-2.426,6.387]],[[-1.239,5.915],[-1.116,5.778],[-0.507,5.726]],[[-1.239,5.915],[-1.292,5.883],[-1.37,5.917],[-1.478,5.854],[-1.522,5.916],[-1.681,5.915],[-1.824,6.026],[-1.912,6.014],[-2.013,6.128],[-2.012,6.288],[-2.07,6.298]],[[-0.507,5.726],[-0.479,5.788],[-0.356,5.739],[-0.251,5.789],[-0.184,5.768],[-0.038,5.976],[0.105,5.992],[0.235,5.87],[0.32,5.944]],[[-0.507,5.726],[-0.359,5.499]],[[-2.07,6.298],[-2.228,6.382],[-2.222,6.491],[-2.33,6.508],[-2.368,6.377],[-2.426,6.387]],[[0.224,7.167],[0.212,6.952],[0.143,6.833],[0.216,6.709],[0.135,6.636],[0.111,6.534],[0.166,6.522],[0.217,6.408],[0.18,6.308],[0.091,6.256],[0.091,6.148],[0.317,6.051],[0.32,5.944]],[[0.224,7.167],[0.237,7.343],[0.127,7.411],[0.01,7.727],[-0.075,7.77],[-0.179,8.004],[-0.395,8.139]],[[0.32,5.944],[0.394,6],[0.575,5.972],[0.719,5.796],[0.674,5.759]],[[0.368,8.761],[0.189,8.763],[0.147,8.646],[0.174,8.593],[0.095,8.524],[0.127,8.473],[0.097,8.391],[0.245,8.362],[0.19,8.32],[0.198,8.254],[0.103,8.24],[-0.072,8.335],[-0.203,8.211],[-0.341,8.213],[-0.395,8.139]],[[-0.395,8.139],[-0.538,8.18],[-0.695,8.319],[-0.817,8.319],[-1.022,8.143],[-1.01,8.018],[-1.054,7.965],[-1.091,7.982],[-1.203,8.287],[-1.27,8.357],[-1.143,8.562],[-1.172,8.664],[-1.39,8.762],[-1.469,8.757],[-1.541,8.671],[-1.857,8.624],[-1.902,8.376],[-1.77,8.325],[-1.756,8.252],[-1.871,8.26],[-1.956,8.169],[-2.131,8.158],[-2.285,8.313],[-2.39,8.581],[-2.603,8.785]],[[-2.426,6.387],[-2.517,6.415],[-2.646,6.591],[-2.827,6.65],[-2.887,6.905],[-2.958,6.954],[-3.053,6.944],[-3.097,7.054]],[[10.328,53.433],[9.913,53.416],[9.817,53.457],[9.764,53.548]],[[10.328,53.433],[10.601,53.372]],[[9.949,51.382],[9.947,51.304],[10.233,51.18],[10.199,51.116],[10.126,51.136],[10.169,51.115],[10.141,51.059],[10.205,51.032],[10.191,50.997],[10.051,51.007],[10.041,50.941],[9.952,50.936],[10.056,50.883],[9.949,50.815],[9.878,50.644],[10.06,50.666],[10.055,50.517]],[[9.949,51.382],[10.291,51.491],[10.378,51.587],[10.65,51.562],[10.631,51.607],[10.698,51.637]],[[9.949,51.382],[9.796,51.408],[9.713,51.363],[9.785,51.339],[9.726,51.291],[9.569,51.342],[9.535,51.367],[9.639,51.409],[9.595,51.518],[9.686,51.572],[9.621,51.631],[9.44,51.649]],[[10.055,50.517],[10.126,50.563],[10.328,50.489],[10.397,50.4],[10.591,50.326],[10.617,50.224],[10.721,50.207],[10.739,50.248],[10.846,50.247],[10.715,50.322],[10.789,50.386],[11.113,50.365],[11.143,50.301],[11.255,50.275],[11.249,50.473],[11.347,50.519],[11.427,50.513],[11.421,50.443],[11.526,50.379],[11.905,50.415]],[[10.055,50.517],[9.918,50.414],[9.779,50.414],[9.749,50.306],[9.661,50.234],[9.508,50.236],[9.507,50.108],[9.235,50.144],[9.012,50.099],[8.977,50.053],[9.053,49.982],[9.027,49.907],[9.141,49.787],[9.073,49.611],[9.111,49.575]],[[10.698,51.637],[10.942,51.599],[10.912,51.565],[10.973,51.418],[11.367,51.357],[11.452,51.271],[11.333,51.216],[11.42,51.16],[11.433,51.096],[11.668,51.101],[11.739,51.015],[11.861,51.023],[11.998,50.949],[12.201,50.928],[12.275,51.01],[12.265,51.084]],[[10.698,51.637],[10.584,51.78],[10.645,51.957],[10.57,52.007],[10.963,52.06],[10.949,52.1],[11.048,52.14],[11.021,52.194],[11.085,52.231],[10.999,52.34],[11.073,52.372],[10.939,52.462],[11.002,52.498],[10.946,52.563],[10.977,52.616],[10.801,52.722],[10.759,52.835],[11.015,52.912],[11.253,52.876],[11.409,52.905],[11.581,53.043]],[[12.265,51.084],[12.484,51.058],[12.647,50.892],[12.258,50.793],[12.289,50.763],[12.241,50.722],[12.322,50.674],[12.302,50.652],[12.187,50.626],[12.145,50.563],[11.989,50.546],[11.905,50.415]],[[12.265,51.084],[12.153,51.17],[12.132,51.292],[12.185,51.331],[12.156,51.446],[12.232,51.561],[12.662,51.601],[12.862,51.668],[13.062,51.615]],[[10.601,53.372],[10.71,53.368],[10.739,53.308],[11.089,53.144],[11.156,53.174],[11.274,53.118]],[[11.581,53.043],[11.763,52.995],[11.897,52.902],[12.208,52.862],[12.226,52.673],[12.123,52.553],[12.295,52.516],[12.207,52.307],[12.248,52.252],[12.208,52.178],[12.421,52.012],[12.608,51.965],[12.667,51.994],[13.066,51.853],[13.237,51.855],[13.158,51.782],[13.178,51.697],[13.062,51.615]],[[11.581,53.043],[11.344,53.066],[11.274,53.118]],[[13.062,51.615],[13.203,51.518],[13.184,51.387],[13.411,51.421],[13.534,51.364],[13.766,51.348],[13.97,51.359],[14.159,51.527],[14.707,51.541]],[[8.134,50.684],[8.164,50.586],[8.115,50.529],[8.004,50.521],[8.019,50.455],[7.973,50.4],[8.121,50.269],[7.922,50.2],[7.922,50.109],[7.859,50.119],[7.771,50.053],[7.878,49.973],[8.213,50.044],[8.335,49.96],[8.416,49.778],[8.477,49.768],[8.362,49.691],[8.417,49.579]],[[8.134,50.684],[8.175,50.742],[8.133,50.78],[8.197,50.827],[8.466,50.917],[8.545,51.021],[8.525,51.093],[8.706,51.106],[8.752,51.178],[8.723,51.269],[8.576,51.27],[8.654,51.344],[8.935,51.391],[8.901,51.476],[9.015,51.509],[9.109,51.443],[9.212,51.457],[9.336,51.554],[9.333,51.607],[9.44,51.649]],[[8.134,50.684],[8.056,50.691],[7.97,50.837],[7.789,50.93],[7.768,50.836],[7.676,50.81],[7.694,50.776],[7.387,50.704],[7.34,50.629],[7.199,50.638],[6.939,50.555],[6.874,50.462],[6.76,50.471],[6.798,50.357],[6.586,50.377],[6.458,50.341],[6.398,50.383],[6.427,50.334],[6.373,50.323]],[[8.417,49.579],[8.566,49.527],[8.617,49.545],[8.599,49.61],[8.676,49.623],[8.718,49.542],[8.89,49.506],[8.829,49.466],[8.811,49.407],[8.846,49.396],[8.954,49.503],[9.127,49.508],[9.074,49.57],[9.111,49.575]],[[8.417,49.579],[8.443,49.452],[8.505,49.431],[8.48,49.297],[8.387,49.232],[8.284,49.01],[8.2,48.958]],[[9.111,49.575],[9.259,49.579],[9.294,49.633],[9.423,49.651],[9.424,49.711],[9.314,49.732],[9.34,49.783],[9.649,49.783],[9.653,49.688],[9.795,49.721],[9.882,49.611],[9.839,49.548],[9.913,49.579],[9.936,49.482],[10.028,49.483],[10.085,49.544],[10.128,49.511],[10.112,49.442],[10.172,49.382],[10.122,49.37],[10.148,49.203],[10.263,49.148],[10.23,49.103],[10.274,49.05],[10.357,49.032],[10.468,48.921],[10.432,48.756],[10.495,48.699],[10.372,48.664],[10.294,48.703],[10.319,48.533],[10.064,48.471],[9.981,48.381],[10.139,48.094],[10.085,47.966],[10.13,47.817],[10.079,47.79],[10.127,47.677],[9.865,47.675],[9.554,47.533]],[[11.905,50.415],[12.101,50.314]],[[9.44,51.649],[9.372,51.656],[9.461,51.865],[9.322,51.856],[9.326,51.916],[9.255,51.922],[9.286,51.973],[9.171,51.986],[9.189,52.079],[9.143,52.129],[8.996,52.134],[8.988,52.188],[9.073,52.239],[8.987,52.26],[8.995,52.322],[9.128,52.408],[9.134,52.475],[9.091,52.497],[8.961,52.409],[8.827,52.389],[8.711,52.399],[8.704,52.48],[8.643,52.524],[8.497,52.507],[8.424,52.446],[8.301,52.451],[8.441,52.354],[8.492,52.176],[8.401,52.112],[8.267,52.134],[7.974,52.038],[7.892,52.09],[8.017,52.17],[7.901,52.205],[7.973,52.315],[7.906,52.377],[7.71,52.407],[7.681,52.462],[7.601,52.474],[7.562,52.372],[7.301,52.272],[7.027,52.239]],[[11.274,53.118],[11.528,53.121],[11.53,53.195],[11.6,53.237],[11.839,53.226],[11.816,53.25],[12.012,53.3],[12.064,53.356],[12.192,53.369],[12.43,53.268],[13.001,53.168],[13.146,53.258],[13.23,53.233],[13.282,53.288],[13.469,53.302],[13.553,53.405],[13.809,53.485],[13.781,53.544],[13.921,53.427],[14.243,53.427],[14.224,53.36],[14.103,53.273],[14.249,53.259],[14.391,53.334]],[[6.349,49.525],[6.605,49.53],[6.942,49.628],[7.271,49.578],[7.309,49.49],[7.252,49.431],[7.391,49.361],[7.287,49.231],[7.372,49.166]],[[8.513,53.617],[8.632,53.602],[8.639,53.517],[8.557,53.52]],[[11.583,0.23],[11.57,0.16],[11.356,0.043],[11.28,-0.071],[11.563,-0.753]],[[11.583,0.23],[11.477,0.352],[12.205,0.848],[12.222,1],[12.355,1.235],[13.185,1.223]],[[11.583,0.23],[10.807,0.232]],[[11.563,-0.753],[12.458,-0.402],[12.614,0.277],[13.049,0.223],[13.124,0.088],[13.281,0.041]],[[11.563,-0.753],[11.384,-0.724],[11.159,-0.575],[10.782,-0.649],[10.66,-0.625],[10.668,-0.675],[10.528,-0.808],[10.357,-1.161],[10.196,-1.143],[10.066,-1.255]],[[11.563,-0.753],[11.498,-0.896],[11.549,-1.113],[11.755,-1.064],[11.808,-1.209],[12.026,-1.398],[12.028,-1.633],[12.209,-1.815],[12.442,-1.86],[12.45,-1.899]],[[10.807,0.232],[10.669,0.21],[10.548,-0.049],[10.11,-0.376],[10.001,-0.415],[9.977,-0.332],[9.903,-0.302],[9.815,-0.366],[9.757,-0.346],[9.567,-0.417],[9.57,-0.578]],[[10.807,0.232],[10.97,0.675],[10.961,0.818],[10.404,0.64],[10.364,0.732],[10.415,1.002]],[[9.57,-0.578],[9.677,-0.842],[9.923,-0.939],[9.91,-1.162],[10.066,-1.255]],[[9.57,-0.578],[9.403,-0.458],[9.306,-0.272]],[[13.281,0.041],[13.723,-0.009],[13.888,-0.092]],[[13.281,0.041],[13.223,-0.106],[13.251,-0.201],[13.557,-0.77],[13.265,-1.157],[13.158,-1.116],[13.167,-1.259],[12.91,-1.471],[12.741,-1.891]],[[10.066,-1.255],[9.967,-1.414],[9.965,-1.588],[9.874,-1.683],[9.977,-1.825],[10.459,-1.964],[10.45,-2.053],[10.607,-2.31]],[[10.607,-2.31],[10.43,-2.41],[10.416,-2.521],[10.326,-2.645],[9.962,-2.745]],[[10.607,-2.31],[11.066,-2.264],[11.536,-2.805]],[[-114.071,28],[-114.098,28]],[[-15.624,11.966],[-15.666,12.031]],[[-15.666,12.031],[-15.707,12.009]],[[-15.666,12.031],[-15.651,12.165],[-15.745,12.283],[-15.529,12.4],[-15.411,12.411],[-15.422,12.557]],[[-14.872,12.678],[-14.905,12.54],[-14.851,12.476],[-14.959,12.427],[-14.925,12.195],[-15.04,12.212],[-15.071,12.174],[-15.029,12.075],[-14.953,12.031],[-14.95,11.969],[-14.994,11.958]],[[-14.343,12.676],[-14.373,12.618],[-14.414,12.628],[-14.387,12.502],[-14.533,12.534],[-14.457,12.46],[-14.558,12.385],[-14.472,12.314],[-14.434,12.175],[-14.529,12.096],[-14.468,11.932],[-14.46,11.742],[-14.507,11.642]],[[-14.507,11.642],[-14.734,11.598],[-14.83,11.699]],[[-14.507,11.642],[-14.432,11.561]],[[-14.83,11.699],[-14.895,11.785],[-14.925,11.769]],[[-14.83,11.699],[-14.962,11.444],[-15.096,11.407],[-15.196,11.473],[-15.273,11.42]],[[-15.341,11.683],[-15.428,11.68]],[[-16.151,13.284],[-15.824,13.249]],[[-15.498,13.642],[-15.368,13.626],[-15.361,13.538],[-15.302,13.496]],[[-15.181,13.56],[-15.3,13.496]],[[-14.462,13.517],[-14.552,13.323]],[[25.259,58.633],[24.988,58.486],[24.967,58.324],[25.121,58.323],[25.249,58.264],[25.23,58.2],[25.152,58.202],[25.09,58.152],[25.112,58.126],[25.011,58.091],[25.035,58.049]],[[25.259,58.633],[25.438,58.614],[25.777,58.69]],[[25.259,58.633],[25.292,58.708],[25.2,58.726]],[[24.133,58.701],[23.861,58.634],[23.903,58.556],[23.586,58.544]],[[24.133,58.701],[24.151,58.739],[24.07,58.751],[24.187,58.845],[24.089,58.95],[24.105,58.985]],[[24.133,58.701],[24.364,58.67],[24.525,58.736],[24.856,58.75],[24.916,58.672],[25.2,58.726]],[[24.105,58.985],[24.29,59.015],[24.374,59.086],[24.566,59.097],[24.574,59.166],[24.664,59.217],[24.866,59.227],[25.32,58.992]],[[25.2,58.726],[25.32,58.992]],[[25.777,58.69],[25.792,58.635],[25.751,58.607],[25.917,58.597],[26.132,58.485]],[[25.777,58.69],[26.154,58.887]],[[25.32,58.992],[25.49,59.086],[25.459,59.132],[25.517,59.212],[25.489,59.264],[25.926,59.276]],[[25.926,59.276],[25.957,59.196],[26.019,59.179],[25.931,59.059],[26.135,58.981],[26.154,58.887]],[[25.926,59.276],[25.892,59.426],[25.813,59.527],[25.837,59.576]],[[26.154,58.887],[26.315,58.918],[26.41,58.886],[26.703,58.956]],[[26.132,58.485],[26.165,58.413],[26.039,58.3],[26.071,58.128]],[[26.132,58.485],[26.342,58.535],[26.617,58.522],[26.664,58.562],[26.812,58.561],[26.862,58.633],[27.014,58.602],[27.014,58.647],[27.091,58.676],[27.429,58.709]],[[26.703,58.956],[26.752,58.882],[27.446,58.819]],[[26.071,58.128],[25.93,58.109],[25.853,58.151],[25.815,58.099],[25.611,58.036],[25.552,57.95]],[[26.071,58.128],[26.239,58.121],[26.379,58.175],[26.595,58.123]],[[27.52,58.195],[27.034,58.263],[26.636,58.175],[26.595,58.123]],[[26.595,58.123],[26.54,57.956]],[[26.54,57.956],[27.039,57.918],[27.095,57.957],[27.281,57.917],[27.249,57.853],[27.298,57.832],[27.556,57.813]],[[26.54,57.956],[26.392,57.94],[26.365,57.888],[26.393,57.809],[26.456,57.784],[26.431,57.562]],[[38.788,15.156],[38.786,15.557]],[[38.788,15.156],[38.458,15.111],[38.259,14.944],[38.213,14.836],[38.246,14.652]],[[38.788,15.156],[39.326,15.176]],[[38.786,15.557],[38.501,15.55],[38.312,15.722],[38.125,15.688],[37.75,15.848],[37.536,15.851],[37.314,16.084],[37.07,16.175],[36.927,16.435]],[[38.786,15.557],[38.959,15.576]],[[38.959,15.576],[39.091,15.35],[39.326,15.176]],[[38.959,15.576],[38.822,15.86],[38.627,15.899],[38.509,15.977],[38.516,16.236],[38.325,16.578],[38.038,16.661],[38.049,16.811],[37.986,16.914],[38.014,17.539]],[[39.326,15.176],[39.723,14.502]],[[40.572,14.951],[40.591,14.739],[40.354,14.335]],[[10.19,2.166],[10.193,2.045],[10.121,1.959],[10.098,1.797],[9.918,1.577],[10.111,1.492],[10.149,1.275],[10.208,1.168],[10.276,1.14],[10.22,1.091],[10.056,1.074],[10,1]],[[10.41,2.166],[10.423,1.943],[10.517,1.915]],[[10.517,1.915],[10.616,1.814],[10.575,1.587],[10.981,1.573],[10.775,1.311],[10.915,1.168],[10.964,1]],[[10.517,1.915],[10.665,1.996],[10.86,1.93],[10.939,1.974],[11.002,1.741],[11.332,1.733]],[[8.627,3.633],[8.833,3.569],[8.864,3.515]],[[-88.93,13.948],[-88.974,13.885],[-88.85,13.751]],[[-88.93,13.948],[-88.691,14.012]],[[-88.93,13.948],[-89.141,14.067]],[[-88.85,13.751],[-88.736,13.812],[-88.532,13.759]],[[-88.85,13.751],[-88.896,13.663]],[[-89.141,14.067],[-89.136,13.878],[-89.024,13.673]],[[-89.141,14.067],[-89.267,14.052]],[[-89.024,13.673],[-89.128,13.603],[-89.144,13.489]],[[-89.024,13.673],[-88.896,13.663]],[[-89.346,14.413],[-89.247,14.323],[-89.33,14.177],[-89.408,14.136],[-89.424,14.05],[-89.371,14.041]],[[-89.371,14.041],[-89.457,13.775]],[[-89.371,14.041],[-89.267,14.052]],[[-89.267,14.052],[-89.273,13.988],[-89.196,13.934],[-89.262,13.738],[-89.203,13.653],[-89.211,13.529],[-89.144,13.489]],[[-89.719,13.909],[-89.696,13.994],[-89.748,14.045]],[[-89.719,13.909],[-89.648,13.884],[-89.612,13.807],[-89.577,13.843],[-89.457,13.775]],[[-89.719,13.909],[-89.776,13.889],[-89.82,13.68],[-89.911,13.709],[-89.953,13.665]],[[-88.497,13.851],[-88.532,13.759]],[[-88.532,13.759],[-88.487,13.688]],[[-88.274,13.919],[-88.26,13.803],[-88.206,13.757],[-88.259,13.686],[-88.206,13.597],[-88.009,13.551]],[[-88.009,13.551],[-87.94,13.698],[-87.953,13.892]],[[-88.009,13.551],[-88.026,13.298],[-88.041,13.254],[-88.082,13.269],[-88.091,13.173]],[[-88.487,13.688],[-88.363,13.649],[-88.388,13.463],[-88.345,13.35],[-88.227,13.309],[-88.214,13.241],[-88.112,13.171]],[[-89.457,13.775],[-89.609,13.513]],[[-89.144,13.489],[-89.136,13.414]],[[31.929,29.783],[31.887,30.232]],[[31.929,29.783],[31.292,29.76],[31.289,29.885],[31.221,30.008],[31.238,30.115]],[[31.929,29.783],[31.869,28.968]],[[31.887,30.232],[31.843,30.339]],[[31.887,30.232],[32.459,30.204],[32.577,30.263],[32.799,30.254]],[[29.749,28.759],[29.587,28.384],[29.46,28.236],[28.775,27.873],[28.653,27.668]],[[29.749,28.759],[30.769,28.781],[30.944,28.716]],[[29.749,28.759],[29.815,29.088]],[[28.653,27.668],[30.688,27.668],[30.671,27.634]],[[28.653,27.668],[27.325,27.668]],[[31.238,30.115],[31.326,30.165],[31.594,30.19]],[[31.238,30.115],[31.145,30.175]],[[31.869,28.968],[31.452,29.09],[31.255,29.299]],[[31.102,29.4],[30.864,29.121],[30.364,28.98],[29.815,29.088]],[[31.102,29.4],[31.002,29.705],[30.956,29.737],[30.746,29.714],[30.355,29.536],[29.815,29.088]],[[31.102,29.4],[31.226,29.378],[31.255,29.299]],[[30.944,28.716],[30.907,28.451],[30.815,28.259],[30.955,27.786],[30.941,27.62]],[[30.944,28.716],[30.993,28.846],[31.217,29.122],[31.255,29.299]],[[30.833,30.334],[30.917,30.336],[30.991,30.215],[31.145,30.175]],[[30.833,30.334],[30.329,29.898]],[[30.833,30.334],[30.879,30.373],[30.796,30.68]],[[31.145,30.175],[31.056,30.375],[31.251,30.565]],[[31.594,30.19],[31.843,30.339]],[[31.594,30.19],[31.386,30.28],[31.273,30.437],[31.353,30.574]],[[31.251,30.565],[31.061,30.688],[30.928,30.717],[30.796,30.68]],[[31.251,30.565],[31.254,30.588]],[[30.796,30.68],[30.792,30.764],[30.753,30.776],[30.816,30.827],[30.762,30.827],[30.794,30.868],[30.757,30.886],[30.764,30.984]],[[31.254,30.588],[31.353,30.574]],[[31.254,30.588],[31.214,30.837],[31.306,31.017],[31.218,31.031],[31.248,31.11]],[[31.952,26.14],[32.137,26.237],[32.256,26.132],[32.308,26.158]],[[31.952,26.14],[32.196,25.971],[32.619,26.104],[32.736,26.077],[32.748,26.001],[32.658,25.793],[32.443,25.597],[32.519,25.26],[32.654,25.146]],[[31.952,26.14],[31.3,26.837]],[[32.308,26.158],[32.54,26.252],[32.684,26.259],[32.806,26.214],[32.905,26.091],[32.915,25.859],[32.623,25.499],[32.64,25.357],[32.705,25.27]],[[32.308,26.158],[32.155,26.347],[31.975,26.421],[31.831,26.69],[31.619,26.833]],[[32.855,29.914],[32.799,30.254]],[[30.671,27.634],[30.941,27.62]],[[30.671,27.634],[30.791,27.337],[31.162,27.08],[31.3,26.837]],[[30.941,27.62],[30.966,27.436],[31.288,27.283],[31.489,27.068],[31.619,26.833]],[[31.3,26.837],[31.462,26.94],[31.553,26.837],[31.619,26.833]],[[32.052,31.129],[31.784,31.066],[31.576,30.805],[31.376,30.78],[31.353,30.574]],[[31.843,30.339],[31.764,30.557],[31.974,30.56],[32.099,30.677],[32.118,30.833],[32.202,30.994],[32.143,31.08]],[[31.248,31.11],[31.071,31.121],[31.04,31.026],[30.764,30.984]],[[31.248,31.11],[31.3,31.131],[31.246,31.464],[31.35,31.53]],[[30.329,29.898],[29.551,29.483],[28.699,28.775],[27.832,28.566],[27.325,27.668]],[[30.329,29.898],[29.672,30.252],[29.625,30.337]],[[27.325,27.668],[24.981,27.667]],[[29.625,30.337],[29.598,31.01]],[[29.625,30.337],[29.684,30.462],[29.928,30.591],[30.013,30.698],[29.867,30.917],[29.91,31.005],[29.868,31.076],[30.011,31.149],[30.098,31.285]],[[32.705,25.27],[32.654,25.146]],[[32.705,25.27],[32.98,25.031],[33.019,24.744],[33.131,24.524],[33.002,24.303],[32.972,24.156],[33.01,23.962],[33.158,23.746],[33.14,23.531],[33.213,23.33],[33.056,23.057],[33.283,22.884],[33.33,22.706],[33.121,22.844],[32.96,22.845],[32.838,22.928],[32.762,22.702],[32.537,22.499],[32.338,22.461],[32.137,22.581],[31.996,22.312],[31.57,22.091],[31.495,21.995]],[[32.654,25.146],[32.808,25.033],[32.918,24.705],[32.886,24.126],[32.831,24.038],[32.655,23.999],[32.646,23.896],[32.763,23.794],[32.528,23.714],[32.426,23.449],[32.501,23.406],[32.748,23.419],[32.762,23.362],[32.634,23.216],[32.436,22.773],[32.193,22.872],[31.834,22.723],[31.637,22.719],[31.594,22.648],[31.597,22.433],[31.492,22.324],[31.236,22.226],[31.314,22.102]],[[32.799,30.254],[32.652,30.504],[32.602,30.974]],[[32.602,30.974],[32.29,31.114]],[[32.602,30.974],[32.6,31.062]],[[32.083,31.359],[32.094,31.366]],[[-79.437,-2.497],[-79.164,-2.732],[-79.072,-2.65],[-78.878,-2.826],[-78.816,-2.823],[-78.776,-2.692],[-78.549,-2.563]],[[-79.437,-2.497],[-79.425,-2.555],[-79.691,-2.826],[-79.695,-2.957],[-79.76,-3.065]],[[-79.437,-2.497],[-79.514,-2.495],[-79.425,-2.422],[-79.406,-2.337],[-79.13,-2.204]],[[-78.549,-2.563],[-78.543,-2.62],[-78.472,-2.568],[-78.426,-2.636],[-78.566,-2.721],[-78.672,-3.091],[-78.939,-3.323]],[[-78.549,-2.563],[-78.49,-2.506],[-78.481,-2.381],[-78.58,-2.312]],[[-78.391,-0.964],[-78.332,-1.06],[-78.345,-1.164],[-78.222,-1.14],[-78.117,-1.233]],[[-78.391,-0.964],[-78.442,-0.938],[-78.391,-0.833],[-78.397,-0.684]],[[-78.391,-0.964],[-78.468,-1.081],[-78.553,-1.061],[-78.661,-1.139],[-78.866,-1.178]],[[-78.117,-1.233],[-77.897,-1.237],[-77.234,-1.025],[-77.052,-1.01]],[[-78.117,-1.233],[-78.117,-1.358],[-78.173,-1.447]],[[-79.13,-2.204],[-78.945,-2.397],[-78.58,-2.312]],[[-79.13,-2.204],[-79.016,-2.099],[-79.002,-1.782],[-78.86,-1.664],[-78.881,-1.459]],[[-79.13,-2.204],[-79.14,-2.147],[-79.235,-2.154]],[[-78.58,-2.312],[-78.446,-2.075],[-78.49,-1.965],[-78.416,-1.854],[-78.45,-1.717],[-78.359,-1.622],[-78.353,-1.526]],[[-78.881,-1.459],[-78.8,-1.424],[-78.62,-1.49],[-78.48,-1.441],[-78.353,-1.526]],[[-78.881,-1.459],[-78.928,-1.383],[-78.866,-1.178]],[[-78.353,-1.526],[-78.173,-1.447]],[[-78.866,-1.178],[-78.991,-1.209],[-79.109,-1.152],[-79.281,-1.203]],[[-77.833,0.032],[-77.779,0.016],[-77.74,-0.078],[-77.589,-0.1],[-77.465,-0.023],[-77.446,-0.125],[-77.391,-0.139],[-77.299,-0.059]],[[-77.833,0.032],[-77.964,-0.048],[-78.013,-0.136],[-78.183,-0.188],[-78.262,-0.531],[-78.33,-0.66],[-78.397,-0.684]],[[-77.833,0.032],[-77.97,0.115],[-77.945,0.161]],[[-77.299,-0.059],[-77.273,-0.36],[-77.404,-0.504],[-77.552,-0.458],[-77.62,-0.537],[-77.497,-0.691],[-77.579,-0.94],[-77.255,-0.834],[-77.124,-0.708],[-77.192,-0.852],[-77.036,-0.925],[-77.052,-1.01]],[[-77.299,-0.059],[-77.049,-0.103],[-76.932,-0.07],[-76.622,-0.425],[-76.576,-0.405],[-76.41,-0.51],[-76.274,-0.443],[-76.103,-0.442],[-76.078,-0.502],[-75.937,-0.562],[-75.948,-0.423],[-75.748,-0.423],[-75.267,-0.643]],[[-77.945,0.161],[-77.814,0.346]],[[-77.945,0.161],[-78.078,0.198],[-78.227,0.133],[-78.32,0.189],[-78.365,0.167],[-78.387,0.242],[-78.952,0.211],[-79.011,0.267]],[[-77.814,0.346],[-78.131,0.506],[-78.258,0.775],[-78.442,0.872]],[[-77.814,0.346],[-77.65,0.585],[-77.67,0.639],[-77.514,0.661]],[[-78.397,-0.684],[-78.49,-0.604],[-78.714,-0.653],[-78.922,-0.345]],[[-79.281,-1.203],[-79.388,-1.318],[-79.337,-1.291],[-79.292,-1.334],[-79.319,-1.468],[-79.25,-1.541],[-79.344,-1.638],[-79.229,-1.823],[-79.279,-1.945],[-79.206,-2.065],[-79.235,-2.154]],[[-79.281,-1.203],[-79.323,-1.121],[-79.304,-0.949],[-79.087,-0.552]],[[-79.235,-2.154],[-79.482,-1.897],[-79.65,-1.907],[-79.759,-1.697],[-79.86,-1.634],[-79.847,-1.399],[-79.741,-1.189],[-79.533,-0.96],[-79.523,-0.845],[-79.62,-0.85]],[[-79.087,-0.552],[-79.047,-0.585],[-78.991,-0.532],[-79.032,-0.476],[-78.922,-0.345]],[[-79.087,-0.552],[-79.316,-0.696],[-79.361,-0.656],[-79.342,-0.554],[-79.48,-0.544]],[[-79.011,0.267],[-78.86,0.423],[-78.667,0.373],[-78.539,0.515],[-78.431,0.551],[-78.513,0.76],[-78.451,0.789],[-78.442,0.872]],[[-79.011,0.267],[-79.145,0.318],[-79.274,0.286],[-79.352,0.232],[-79.304,0.173],[-79.364,0.047]],[[-78.922,-0.345],[-78.891,-0.298],[-78.764,-0.285],[-78.745,-0.215],[-78.796,-0.158],[-78.923,-0.076],[-79.1,-0.082],[-79.107,0],[-79.364,0.047]],[[-79.48,-0.544],[-79.62,-0.85]],[[-79.48,-0.544],[-79.407,-0.383],[-79.411,-0.188],[-79.599,-0.072],[-79.596,-0.014]],[[-79.76,-3.065],[-79.595,-3.175],[-79.668,-3.32],[-79.458,-3.328]],[[-79.62,-0.85],[-79.722,-0.881],[-79.904,-1.13],[-79.993,-1.129],[-80.043,-1.272],[-80.192,-1.431],[-80.188,-1.537],[-80.283,-1.568],[-80.221,-1.681],[-80.329,-1.687],[-80.438,-1.836],[-80.516,-1.841]],[[-77.052,-1.01],[-77.056,-1.094],[-76.868,-1.157],[-76.811,-1.09],[-76.545,-1.052],[-76.464,-1.251],[-76.284,-1.311],[-76.106,-1.273],[-75.95,-1.345],[-75.878,-1.328],[-75.581,-1.547]],[[-78.173,-1.447],[-78.078,-1.506],[-78.009,-1.668],[-77.914,-1.668],[-77.838,-1.913],[-77.711,-2.022],[-77.123,-2.314],[-76.959,-2.528],[-76.67,-2.565]],[[-78.939,-3.323],[-79.055,-3.412],[-79.061,-3.61],[-79.102,-3.636]],[[-78.939,-3.323],[-78.849,-3.389],[-78.874,-3.45],[-78.822,-3.547],[-78.684,-3.579],[-78.645,-3.539],[-78.376,-3.529]],[[-78.442,0.872],[-78.535,0.964],[-78.478,1.187]],[[-79.102,-3.636],[-79.185,-3.442],[-79.256,-3.461],[-79.318,-3.347],[-79.458,-3.328]],[[-79.102,-3.636],[-79.194,-3.731],[-79.119,-3.883],[-79.155,-4.139],[-79.103,-4.206],[-79.114,-4.408],[-79.205,-4.503],[-79.292,-4.482],[-79.461,-4.77]],[[-79.364,0.047],[-79.45,-0.001],[-79.433,-0.05],[-79.596,-0.014]],[[-79.596,-0.014],[-79.618,0.045],[-79.568,0.117],[-79.702,0.187],[-79.652,0.259],[-79.712,0.304],[-79.708,0.363],[-79.89,0.319],[-79.933,0.26],[-80,0.345]],[[-79.458,-3.328],[-79.423,-3.449],[-79.486,-3.628],[-79.428,-3.589],[-79.366,-3.653],[-79.415,-3.793],[-79.56,-3.795],[-79.606,-3.752],[-79.741,-3.833],[-80.165,-3.881]],[[-80.516,-1.841],[-80.562,-1.817],[-80.54,-1.727],[-80.577,-1.66],[-80.818,-1.677]],[[-80.516,-1.841],[-80.478,-1.931],[-80.252,-2.051],[-80.216,-2.199],[-80.277,-2.368],[-80.543,-2.53]],[[-70.392,19.072],[-70.224,18.855]],[[-70.392,19.072],[-70.424,19.112],[-70.502,19.074],[-70.524,18.969],[-70.583,18.922],[-70.592,18.853],[-70.534,18.788]],[[-70.392,19.072],[-70.281,19.146]],[[-70.224,18.855],[-70.251,18.802]],[[-70.224,18.855],[-69.981,18.889],[-69.92,19.039]],[[-70.534,18.788],[-70.35,18.72]],[[-70.534,18.788],[-70.61,18.677],[-70.7,18.677]],[[-70.35,18.72],[-70.251,18.802]],[[-70.35,18.72],[-70.357,18.504]],[[-70.281,19.146],[-69.929,19.106],[-69.92,19.039]],[[-70.281,19.146],[-70.364,19.225]],[[-70.7,18.677],[-70.479,18.413]],[[-70.7,18.677],[-70.686,18.734],[-70.785,18.807],[-70.891,18.988]],[[-70.916,19.026],[-70.891,18.988]],[[-70.916,19.026],[-71.061,19.039],[-71.231,19.17]],[[-70.891,18.988],[-70.975,18.884],[-70.99,18.766],[-71.059,18.766],[-71.056,18.679],[-71.161,18.616]],[[-70.251,18.802],[-70.167,18.732]],[[-69.92,19.039],[-69.875,19.084],[-69.756,19.088]],[[-69.756,19.088],[-69.638,19.009]],[[-71.231,19.17],[-71.241,19.329],[-71.069,19.412],[-71.075,19.468]],[[-71.161,18.616],[-70.993,18.527],[-71.015,18.502]],[[-69.254,18.64],[-69.08,18.576],[-69.093,18.527]],[[-69.254,18.64],[-69.354,18.522],[-69.459,18.803]],[[-69.459,18.803],[-69.381,18.871],[-69.638,19.009]],[[-69.459,18.803],[-69.575,18.648]],[[-69.638,19.009],[-69.621,19.102]],[[-70.479,18.413],[-70.357,18.504]],[[-70.479,18.413],[-70.487,18.321],[-70.579,18.272]],[[-70.167,18.732],[-70.009,18.662],[-69.888,18.701],[-69.79,18.572],[-69.575,18.648]],[[-70.167,18.732],[-70.142,18.563],[-70.004,18.417]],[[-69.575,18.648],[-69.617,18.52],[-69.518,18.469],[-69.528,18.41]],[[11.973,55.721],[11.854,55.732]],[[32.767,34.903],[32.795,34.954],[32.97,34.961],[33.131,34.88]],[[32.767,34.903],[32.642,34.661]],[[33.131,34.88],[33.492,34.963],[33.491,35.05]],[[33.131,34.88],[33.253,34.802],[33.273,34.707]],[[-76.722,20.722],[-76.57,20.696],[-76.56,20.638],[-76.374,20.581],[-76.18,20.438]],[[-76.722,20.722],[-76.783,20.691],[-76.836,20.743],[-77.239,20.784],[-77.337,20.716]],[[-76.722,20.722],[-76.675,20.97],[-76.521,20.978],[-76.339,21.134],[-76.314,21.252]],[[-76.18,20.438],[-76.227,20.393],[-76.27,20.459],[-76.293,20.371],[-76.363,20.367],[-76.42,20.231],[-76.408,20.105],[-76.462,20.051],[-76.557,20.043],[-76.562,20.004],[-76.801,20.038],[-76.926,20.003],[-77.048,19.939],[-77.035,19.888]],[[-76.18,20.438],[-76.093,20.417],[-76.047,20.574],[-75.825,20.408],[-75.659,20.441],[-75.512,20.551],[-75.393,20.548],[-75.425,20.48],[-75.375,20.423]],[[-75.375,20.423],[-75.24,20.397],[-75.212,20.459],[-75.11,20.485],[-74.989,20.413],[-75.003,20.465],[-74.969,20.472],[-74.839,20.407],[-74.715,20.556]],[[-82.539,23.074],[-82.485,23.07],[-82.503,23.018],[-82.436,22.957]],[[-82.436,22.957],[-82.25,22.973],[-82.165,23.112],[-82.111,23.068],[-82.1,23.188]],[[-82.436,22.957],[-82.458,22.802],[-82.392,22.688]],[[-80.52,22.542],[-80.446,22.586],[-80.384,22.569],[-80.375,22.516],[-80.258,22.579],[-80.242,22.385],[-80.084,22.246],[-80.1,22.123],[-80.024,21.939]],[[-81.684,23.157],[-81.681,23.065],[-81.747,22.987],[-81.681,22.931],[-81.695,22.851],[-81.598,22.705],[-81.651,22.575]],[[-79.417,22.472],[-79.435,22.416],[-79.353,22.297],[-79.361,22.231],[-79.451,22.242],[-79.542,22.151],[-79.767,22.193],[-79.724,22.094],[-79.766,22.002],[-79.914,22.009],[-80.024,21.939]],[[17.14,45.87],[17.193,45.97],[17.307,45.98]],[[17.14,45.87],[16.996,45.927],[16.852,46.081],[16.741,46.046],[16.693,45.924]],[[17.14,45.87],[17.385,45.703],[17.49,45.693],[17.431,45.575]],[[15.879,46.259],[15.96,46.194],[16.246,46.191],[16.256,46.061]],[[16.256,46.061],[16.19,46.059],[16.205,46.004],[16.136,45.97]],[[16.256,46.061],[16.294,46.013],[16.359,46.025]],[[16.745,46.306],[16.774,46.28],[16.732,46.227],[16.35,46.123],[16.359,46.025]],[[16.745,46.306],[16.812,46.282],[16.859,46.365]],[[16.745,46.306],[16.361,46.32],[16.28,46.379]],[[16.359,46.025],[16.469,45.959],[16.693,45.924]],[[16.693,45.924],[16.674,45.826],[16.629,45.845],[16.599,45.782],[16.497,45.765]],[[17.431,45.575],[17.879,45.471],[18.083,45.63]],[[17.431,45.575],[17.399,45.509],[17.026,45.503],[16.944,45.547],[16.929,45.476]],[[16.136,45.97],[15.939,45.934]],[[16.136,45.97],[16.227,45.85],[16.19,45.791],[16.138,45.808],[15.967,45.717],[15.921,45.622],[15.773,45.7],[15.847,45.809],[15.766,45.846],[15.821,45.914],[15.939,45.934]],[[15.939,45.934],[15.822,45.982],[15.675,45.972]],[[18.083,45.63],[17.906,45.792]],[[18.083,45.63],[18.208,45.598],[18.225,45.514],[18.394,45.523],[18.444,45.475],[18.163,45.413],[18.076,45.351],[18.11,45.312],[18.082,45.272]],[[16.929,45.476],[16.843,45.489],[16.867,45.527],[16.787,45.613],[16.505,45.715],[16.497,45.765]],[[16.929,45.476],[17.181,45.348]],[[18.082,45.272],[18.537,45.194]],[[18.082,45.272],[17.902,45.286],[17.745,45.186],[17.702,45.259],[17.577,45.277],[17.392,45.387],[17.181,45.348]],[[16.497,45.765],[16.437,45.823],[16.382,45.812],[16.37,45.745],[16.294,45.728],[16.278,45.613],[16.049,45.597],[16.111,45.506],[16.047,45.476],[15.936,45.475],[15.86,45.549],[15.813,45.523]],[[17.181,45.348],[17.199,45.292],[17.084,45.226],[17.125,45.169]],[[15.813,45.523],[15.741,45.554],[15.746,45.597],[15.568,45.602],[15.431,45.694],[15.35,45.67]],[[15.813,45.523],[15.821,45.402],[15.658,45.419],[15.681,45.351],[15.631,45.236],[15.803,45.196]],[[18.537,45.194],[18.567,45.233],[18.507,45.25],[18.512,45.293],[18.629,45.319],[18.661,45.396],[18.787,45.414],[18.788,45.46],[18.861,45.481],[19.002,45.444]],[[18.537,45.194],[18.502,45.147],[18.535,45.088]],[[16.527,43.968],[16.351,43.926]],[[16.351,43.926],[16.343,43.885],[16.432,43.819],[16.35,43.773],[16.351,43.716],[16.161,43.683],[16.048,43.603],[16.083,43.546],[16.013,43.504]],[[15.226,45.436],[15.221,45.375],[15.122,45.293],[14.989,45.304],[14.968,45.158],[15.008,45.124]],[[15.008,45.124],[15.019,45.074],[14.881,45.036]],[[15.008,45.124],[15.194,45.126],[15.567,44.879]],[[15.567,44.879],[15.552,44.949],[15.734,44.934]],[[-83.914,10.199],[-84.071,10.152],[-84.01,10.042],[-84.028,9.982],[-84.2,9.957]],[[-83.914,10.199],[-83.847,10.292],[-83.872,10.402],[-83.823,10.485],[-83.827,10.639],[-83.704,10.688],[-83.764,10.774]],[[-83.914,10.199],[-83.943,10.136]],[[-84.2,9.957],[-84.158,10.788]],[[-84.2,9.957],[-84.461,9.917],[-84.571,9.825]],[[-83.943,10.136],[-83.868,9.97],[-84,9.93],[-84.078,9.759],[-83.988,9.768],[-83.714,9.537],[-83.639,9.57],[-83.487,9.468]],[[-83.943,10.136],[-83.589,9.977],[-83.319,9.97],[-83.336,9.821],[-83.511,9.566],[-83.487,9.468]],[[-83.487,9.468],[-83.429,9.354]],[[-84.571,9.825],[-84.542,9.774],[-84.591,9.751],[-84.582,9.683],[-84.529,9.571],[-84.428,9.562],[-84.351,9.637],[-84.146,9.614],[-84.01,9.441],[-83.902,9.396],[-83.828,9.245],[-83.715,9.231],[-83.563,9.079],[-83.482,9.095],[-83.5,9.25],[-83.429,9.354]],[[-84.571,9.825],[-84.674,9.884],[-84.55,9.998],[-84.66,10.114],[-84.649,10.24],[-84.787,10.315]],[[-83.429,9.354],[-83.166,9.317],[-82.94,9.071]],[[-84.787,10.315],[-84.793,10.497],[-84.937,10.569],[-85.023,10.699],[-85.18,10.768],[-85.283,10.76],[-85.439,10.909],[-85.236,11.053]],[[-85.167,10.019],[-85.303,9.93],[-85.174,9.852],[-85.229,9.725]],[[-74.898,2.951],[-75.053,2.768],[-75.003,2.638],[-75.122,2.534],[-75.231,2.531],[-75.306,2.345],[-75.841,1.681],[-75.981,1.564],[-76.145,1.576]],[[-74.898,2.951],[-74.825,3.107],[-74.652,3.26],[-74.616,3.485],[-74.494,3.704]],[[-74.898,2.951],[-74.713,2.897],[-74.596,2.721],[-74.659,2.383],[-74.544,2.182],[-74.616,2.043],[-74.551,1.871],[-73.918,1.635],[-73.675,1.625]],[[-76.145,1.576],[-76.382,1.659],[-76.577,1.88],[-76.6,1.972],[-76.551,2.122],[-76.417,2.131],[-76.357,2.272],[-76.379,2.42],[-76.234,2.352],[-75.966,2.491],[-75.878,2.427],[-75.795,2.475],[-75.806,2.72],[-76.031,2.93]],[[-76.145,1.576],[-76.282,1.34],[-76.295,1.185],[-76.061,1.044]],[[-73.675,1.625],[-73.443,1.302],[-73.426,1.209],[-73.157,0.954],[-73.033,0.932],[-72.893,1.047],[-72.858,1.174],[-72.818,1.198],[-72.761,1.153],[-72.703,1.204],[-72.428,1.042],[-72.238,0.737],[-72.036,0.664]],[[-73.675,1.625],[-73.66,2.253],[-73.607,2.383],[-73.455,2.347],[-73.445,2.386],[-73.427,2.331],[-73.25,2.344],[-73.215,2.388],[-73.145,2.362],[-72.93,2.468],[-72.938,2.514],[-72.82,2.597],[-72.737,2.56],[-72.67,2.614],[-72.642,2.563],[-72.61,2.621],[-72.577,2.58],[-72.554,2.675],[-72.284,2.752],[-72.252,2.698],[-72.192,2.848],[-72.121,2.867],[-71.98,2.799],[-71.792,2.861],[-71.759,2.817],[-71.743,2.882],[-71.623,2.816],[-71.443,2.876],[-71.33,2.858],[-71.303,2.905],[-71.225,2.855],[-71.064,2.869]],[[-72.036,0.664],[-71.757,0.971],[-71.61,1.043],[-71.553,1.161],[-71.505,1.115],[-71.552,1.262],[-71.391,1.732],[-71.264,1.673],[-70.905,1.919],[-70.655,1.904],[-70.202,2.031],[-70.105,2.101]],[[-72.036,0.664],[-71.995,0.576],[-71.933,0.555],[-71.936,0.487],[-71.843,0.417],[-71.847,0.356],[-71.787,0.373],[-71.539,0.178],[-71.421,0.192],[-71.322,0.133]],[[-73.606,10.846],[-73.285,10.852],[-73.25,10.734],[-73.075,10.63],[-73.181,10.457],[-73.14,10.404],[-72.915,10.428]],[[-73.606,10.846],[-73.65,11.01],[-73.566,11.277]],[[-73.606,10.846],[-73.646,10.771],[-73.564,10.744],[-73.614,10.65],[-73.571,10.512],[-73.92,10.357],[-74.069,10.079],[-73.842,9.79],[-73.784,9.597],[-74.027,9.591],[-74.137,9.498],[-74.001,9.399],[-73.959,9.203],[-73.879,9.184],[-73.8,9.056],[-73.87,8.888]],[[-73.364,9.165],[-73.437,9.116],[-73.427,8.782],[-73.562,8.588],[-73.492,8.462],[-73.529,8.385],[-73.462,8.328],[-73.406,8.374],[-73.42,8.455],[-73.357,8.439],[-73.409,8.128],[-73.376,8.03],[-73.287,7.96],[-73.433,7.709],[-73.505,7.679],[-73.625,7.735]],[[-73.625,7.735],[-73.497,7.601],[-73.36,7.55],[-73.261,7.545],[-73.216,7.63],[-72.991,7.613],[-72.842,7.358],[-72.881,7.256],[-72.83,7.162],[-72.879,7.06],[-72.67,6.973],[-72.567,7.002],[-72.547,6.885],[-72.505,6.915]],[[-73.625,7.735],[-73.752,7.741],[-73.67,7.929],[-73.786,8.161]],[[-71.964,7.006],[-72.102,6.729],[-72.136,6.504],[-72.273,6.432],[-72.322,6.351]],[[-72.322,6.351],[-72.323,6.226],[-72.131,6.069],[-71.722,6.2],[-71.462,6.199],[-71.207,6.274],[-70.672,6.209],[-70.348,6.279],[-70.118,6.25],[-69.856,6.026]],[[-72.322,6.351],[-72.416,6.204],[-72.341,6.079],[-72.447,5.854],[-72.238,5.683],[-72.319,5.506],[-72.421,5.558],[-72.69,5.278],[-72.808,5.384],[-72.874,5.328],[-72.953,5.16],[-72.906,5.083],[-72.927,5.032],[-73.031,4.985],[-73.053,4.735]],[[-71.994,7.013],[-72.182,7.04],[-72.242,6.979],[-72.288,7.006],[-72.383,6.878],[-72.505,6.915]],[[-72.505,6.915],[-72.477,6.76],[-72.551,6.49],[-72.662,6.435],[-72.709,6.529],[-72.792,6.567],[-72.733,6.457],[-72.755,6.23],[-72.894,6.123],[-73.017,5.941],[-73.219,5.982],[-73.403,5.756],[-73.472,5.848],[-73.382,6.001],[-73.499,6.107],[-73.589,5.989],[-73.649,5.715],[-73.737,5.761],[-73.879,5.711],[-73.894,5.747],[-73.973,5.733],[-74.175,5.901],[-74.257,5.848],[-74.27,6.05],[-74.42,6.074],[-74.519,6.282]],[[-74.646,5.753],[-74.662,5.772]],[[-74.646,5.753],[-74.441,5.767],[-74.339,5.826],[-74.25,5.491],[-74.098,5.456],[-74,5.374],[-73.798,5.564],[-73.792,5.508],[-73.654,5.462],[-73.522,5.237],[-73.476,5.066],[-73.545,4.932],[-73.523,4.888],[-73.412,4.878],[-73.218,4.678],[-73.113,4.664],[-73.053,4.735]],[[-74.646,5.753],[-74.66,5.458],[-74.749,5.291]],[[-74.662,5.772],[-74.574,6.002],[-74.605,6.136],[-74.519,6.282]],[[-74.662,5.772],[-74.715,5.773],[-74.777,5.69],[-74.867,5.744],[-75.091,5.66],[-75.134,5.535],[-75.271,5.435],[-75.385,5.674],[-75.487,5.67],[-75.601,5.735],[-75.586,5.519],[-75.725,5.559],[-75.858,5.489]],[[-69.856,6.026],[-69.532,6.062],[-69.432,6.122]],[[-69.856,6.026],[-70.091,5.645],[-70.449,5.533],[-70.662,5.405],[-70.696,5.314],[-70.96,5.118],[-71.06,4.919]],[[-73.053,4.735],[-72.748,4.313],[-72.595,4.306],[-72.56,4.355],[-72.389,4.338],[-72.323,4.41],[-72.15,4.451],[-72.012,4.399],[-71.809,4.578],[-71.215,4.816],[-71.06,4.919]],[[-73.053,4.735],[-73.138,4.23],[-73.366,4.322],[-73.528,4.3],[-73.622,4.484],[-73.697,4.521],[-73.811,4.421],[-73.752,4.202],[-74.154,4.007]],[[-74.494,3.704],[-74.428,3.68],[-74.224,4.01],[-74.154,4.007]],[[-74.494,3.704],[-74.564,3.772]],[[-74.494,3.704],[-74.37,3.909],[-74.342,4.113],[-74.263,4.109],[-74.179,4.501],[-74.225,4.629],[-74.081,4.836],[-74.011,4.815],[-74.031,4.651],[-73.995,4.632],[-74.116,4.43],[-74.153,4.249],[-74.094,4.142],[-74.154,4.007]],[[-71.064,2.869],[-70.987,2.855],[-70.98,2.813],[-70.962,2.866],[-70.735,2.783],[-70.684,2.869],[-70.5,2.785]],[[-71.064,2.869],[-71.06,4.919]],[[-73.786,8.161],[-73.762,8.459],[-73.83,8.644],[-73.808,8.817],[-73.87,8.888]],[[-73.786,8.161],[-73.872,8.045],[-73.823,7.672],[-73.913,7.495],[-73.93,7.301]],[[-74.519,6.282],[-74.379,6.423],[-74.386,6.626],[-74.109,6.79],[-74.016,6.928],[-73.901,6.993],[-73.93,7.301]],[[-74.564,3.772],[-74.728,3.609],[-74.777,3.441],[-74.909,3.29],[-75.068,3.301],[-75.036,3.434],[-75.258,3.374],[-75.355,3.409],[-75.492,3.347],[-75.628,3.09],[-75.812,2.892],[-76.031,2.93]],[[-74.564,3.772],[-74.48,4.133],[-74.524,4.243],[-74.581,4.273],[-74.655,4.209],[-74.784,4.284],[-74.891,4.28],[-74.806,4.505],[-74.828,4.722],[-74.767,4.787],[-74.729,4.985],[-74.749,5.291]],[[-76.031,2.93],[-76.045,3.036],[-76.113,3.095],[-76.076,3.213]],[[-74.749,5.291],[-75.013,5.294],[-75.125,5.164],[-75.294,5.132],[-75.348,5.06],[-75.331,4.879],[-75.378,4.8]],[[-75.378,4.8],[-75.492,4.919],[-75.638,4.974],[-75.706,4.949],[-75.748,5.045],[-75.819,4.92],[-75.896,4.973],[-75.927,5.043],[-75.888,5.124],[-75.838,5.111],[-75.817,5.272],[-75.692,5.257],[-75.644,5.304],[-75.719,5.396],[-75.856,5.374],[-75.858,5.489]],[[-75.378,4.8],[-75.39,4.717]],[[-75.762,4.079],[-75.39,4.717]],[[-75.762,4.079],[-75.745,4.042],[-75.989,3.647],[-76.076,3.213]],[[-75.762,4.079],[-75.838,4.122],[-75.788,4.351],[-75.89,4.424],[-75.862,4.613],[-75.825,4.664],[-75.716,4.659],[-75.714,4.713]],[[-75.39,4.717],[-75.485,4.671],[-75.714,4.713]],[[-75.858,5.489],[-76.042,5.577]],[[-75.714,4.713],[-75.919,4.77],[-75.922,4.872],[-75.981,4.873],[-76.076,5.036]],[[-70.5,2.785],[-70.909,2.602],[-70.747,2.529],[-70.622,2.328],[-70.493,2.245],[-70.304,2.226],[-70.051,2.287],[-69.994,2.213],[-70.105,2.101]],[[-70.5,2.785],[-70.281,2.942],[-70.263,3.063],[-70.309,3.084],[-70.249,3.159],[-70.164,3.186],[-70.16,3.228],[-70.129,3.204],[-70.151,3.348],[-70.069,3.425],[-70.083,3.525],[-69.963,3.505],[-69.894,3.566],[-69.867,3.531],[-69.722,3.569],[-69.658,3.532],[-69.612,3.686],[-69.474,3.716],[-69.431,3.686],[-69.28,3.729],[-69.184,3.652],[-69.106,3.656],[-69.09,3.609],[-69.041,3.655],[-68.962,3.641],[-68.938,3.707],[-68.804,3.69],[-68.81,3.728],[-68.689,3.798],[-68.546,3.796],[-68.438,3.873],[-68.445,3.913],[-68.373,3.924],[-68.356,4.02],[-68.268,4.003],[-68.252,3.943],[-68.188,3.973],[-68.183,3.922],[-68.093,4.005],[-68.049,3.956],[-68.013,3.998],[-67.999,3.936],[-67.877,3.923],[-67.717,4.04]],[[-76.061,1.044],[-75.933,1.031],[-75.828,0.879],[-75.6,0.847],[-75.459,0.749],[-75.274,0.736],[-75.187,0.496],[-74.996,0.47],[-74.962,0.271],[-74.683,0.151],[-74.664,-0.054],[-74.559,-0.117],[-74.47,-0.126],[-74.43,-0.083],[-74.399,-0.132],[-74.328,-0.123],[-74.252,-0.221],[-74.117,-0.246],[-73.864,-0.393]],[[-76.061,1.044],[-76.21,0.972],[-76.492,1.025],[-76.546,1.118],[-76.52,1.302],[-76.654,1.438],[-76.773,1.314],[-76.912,1.313]],[[-73.864,-0.393],[-73.696,-0.394],[-73.554,-0.521],[-73.315,-0.513],[-73.205,-0.605],[-73.081,-0.594],[-72.997,-0.527],[-72.885,-0.602],[-72.75,-0.559],[-72.55,-0.683],[-72.422,-0.557],[-72.28,-0.621],[-72.129,-0.326],[-72.012,-0.248],[-71.774,-0.225],[-71.689,-0.086],[-71.322,0.133]],[[-73.864,-0.393],[-74.415,-0.564]],[[-76.912,1.313],[-77.089,1.186],[-77.087,1.073],[-77.029,1.023],[-77.239,0.697],[-77.112,0.594],[-77.104,0.354]],[[-76.912,1.313],[-76.924,1.503],[-76.844,1.599],[-76.924,1.72],[-77.099,1.668],[-77.325,1.689],[-77.283,1.856],[-77.199,1.961],[-77.326,2.062],[-77.313,2.171],[-77.446,2.221],[-77.703,2.143],[-77.84,2.177],[-77.949,2.382],[-77.953,2.556],[-78.074,2.647]],[[-76.076,3.213],[-76.437,3.318],[-76.448,3.204],[-76.553,3.11],[-76.673,3.108],[-76.779,3.184],[-76.87,3.093],[-77.11,3.192],[-77.261,3.124],[-77.372,3.17],[-77.465,3.302]],[[-76.076,5.036],[-76.183,5.352],[-76.042,5.577]],[[-76.076,5.036],[-76.427,4.582],[-76.456,4.421],[-76.546,4.395],[-76.497,4.238],[-76.44,4.201],[-76.575,4.056],[-76.654,4.063],[-76.761,3.996],[-76.893,4.042],[-76.957,4.123],[-77.066,4.104],[-77.155,4.183],[-77.221,4.168],[-77.254,4.242]],[[-70.105,2.101],[-70.157,1.869],[-70,1.755],[-69.841,1.708]],[[-71.322,0.133],[-71.174,0.116],[-71.14,0.038],[-70.984,0.001],[-70.847,-0.321],[-70.741,-0.279],[-70.501,-0.36],[-70.448,-0.466],[-70.216,-0.423],[-70.305,-0.534],[-70.244,-0.564],[-70.235,-0.72],[-70.273,-0.752],[-70.213,-0.852],[-70.28,-0.934],[-70.242,-0.988],[-70.186,-0.956],[-70.196,-1.023],[-70.138,-1.071],[-70.072,-1.044],[-70.124,-0.974],[-70.1,-0.942],[-69.903,-0.916],[-69.931,-1.055],[-69.774,-1.044],[-69.716,-0.995],[-69.649,-1.055],[-69.651,-1.16],[-69.564,-1.137],[-69.421,-1.239]],[[-77.285,4.211],[-77.435,4.153]],[[-73.87,8.888],[-73.872,8.973],[-73.984,8.989],[-74.043,9.055],[-74.153,9.049],[-74.312,9.214],[-74.413,9.227],[-74.431,9.267],[-74.533,9.243],[-74.636,9.382],[-74.8,9.449],[-74.781,9.631],[-74.879,9.915],[-74.804,10.025],[-74.943,10.137],[-74.917,10.267]],[[-73.93,7.301],[-74.253,6.996],[-74.344,7.01],[-74.405,7.2],[-74.364,7.489],[-74.469,7.361],[-74.563,7.424],[-74.574,7.606],[-74.481,7.724],[-74.552,7.929],[-74.835,8.189]],[[-76.042,5.577],[-76.136,5.837],[-76.111,5.976],[-76.217,6.035],[-76.258,6.174],[-76.714,6.178],[-76.798,6.301],[-76.788,6.483],[-76.893,6.582],[-76.866,6.64],[-76.906,6.694],[-76.97,6.705],[-76.973,6.81],[-76.802,6.874],[-76.831,7],[-76.683,7.026],[-76.546,6.991],[-76.505,7.074],[-76.543,7.267],[-76.692,7.354],[-77.126,7.781],[-77.12,7.842],[-77.022,7.898],[-76.96,8.065],[-76.985,8.256]],[[-74.917,10.267],[-75.077,10.414],[-75.133,10.403],[-75.171,10.476],[-75.254,10.497],[-75.256,10.709]],[[-74.835,8.189],[-74.805,8.28]],[[-74.835,8.189],[-74.943,8.073],[-75.229,8.046],[-75.459,7.808],[-75.59,7.57],[-75.769,7.499],[-75.857,7.367],[-76.408,7.38],[-76.505,7.741],[-76.419,8.099],[-76.214,8.453],[-76.229,8.578],[-76.346,8.675],[-76.445,8.87]],[[-74.805,8.28],[-74.809,8.351],[-74.943,8.486],[-75.184,8.402],[-75.305,8.491],[-75.357,8.842],[-75.209,8.924],[-75.213,9.042],[-75.699,9.354],[-75.698,9.417]],[[123.162,46.22],[123.234,46.266],[123.356,46.235],[123.954,46.292],[124.039,46.034],[123.975,45.94],[124.062,45.872],[124.014,45.769],[124.165,45.663],[124.149,45.622],[124.224,45.636],[124.275,45.55],[124.352,45.542],[124.396,45.451],[124.55,45.414],[124.59,45.457],[124.861,45.444],[124.916,45.533],[125.042,45.493],[125.083,45.386],[125.375,45.398],[125.451,45.485],[125.699,45.512],[125.708,45.349],[125.91,45.207],[126.15,45.141],[126.559,45.247],[126.795,45.146],[126.953,45.134],[127.077,44.934],[126.978,44.826],[127.045,44.598],[127.172,44.658],[127.255,44.611],[127.375,44.649],[127.556,44.577],[127.583,44.538],[127.513,44.518],[127.493,44.411],[127.616,44.277],[127.61,44.22],[127.779,44.069],[128.04,44.113],[128.046,44.358],[128.136,44.342],[128.207,44.44],[128.37,44.498],[128.439,44.401],[128.446,44.154],[128.747,43.802],[128.883,43.556],[129.002,43.537],[129.223,43.606],[129.249,43.786],[129.479,43.86],[129.772,43.879],[129.806,43.969],[129.913,44.022],[130,43.984],[130.033,43.856],[130.104,43.845],[130.273,43.954],[130.329,44.048],[130.4,43.675],[130.619,43.616],[130.85,43.438],[131.003,43.509],[131.124,43.433],[131.253,43.469]],[[123.162,46.22],[123.077,46.11],[122.801,46.094],[122.772,45.781],[122.703,45.712],[122.509,45.813],[122.414,45.947],[122.24,45.813],[122.011,45.975],[121.795,46.015],[121.811,45.898],[121.65,45.735],[121.759,45.675],[121.939,45.687],[121.985,45.637],[121.98,45.529],[122.128,45.456],[122.209,45.357],[122.218,45.224],[122.037,45.146],[122.006,45.09],[122.046,44.695],[122.282,44.429],[122.254,44.246],[122.322,44.211],[122.595,44.291],[123.099,44.531],[123.121,44.396],[123.253,44.208],[123.359,44.151],[123.322,44.042],[123.526,43.686],[123.517,43.612],[123.419,43.618],[123.351,43.479],[123.696,43.353]],[[123.162,46.22],[122.989,46.407],[123.01,46.603],[123.397,46.598],[123.609,46.775],[123.592,46.876],[123.504,46.814],[123.46,46.885],[123.38,46.898],[123.194,46.764],[123.124,46.775],[122.788,47.041],[122.574,47.131],[122.405,47.332],[122.565,47.531],[123.207,47.814],[123.287,47.941],[123.578,48.054],[124.234,48.531],[124.304,48.488],[124.317,48.351],[124.421,48.178],[124.482,48.112],[124.52,48.129],[124.562,48.236],[124.532,48.559],[124.607,48.639],[124.822,49.116],[124.874,49.178],[125.136,49.139],[125.226,49.226],[125.267,49.438],[125.236,49.554],[125.125,49.657],[125.22,49.668],[125.223,49.787],[125.178,49.819],[125.245,49.877],[125.187,49.952],[125.295,50.014],[125.244,50.051],[125.329,50.062],[125.264,50.106],[125.434,50.201],[125.575,50.436],[125.793,50.534],[125.809,50.696],[125.754,50.754],[125.952,50.893],[125.99,50.875],[126.056,50.98],[125.984,51.104],[125.703,51.267],[125.487,51.507],[125.128,51.616],[124.828,51.368],[124.465,51.356],[124.37,51.281],[124.162,51.328],[123.849,51.312],[123.774,51.222],[123.622,51.197],[123.464,51.271],[123.088,51.312],[122.884,51.448],[122.709,51.711],[122.761,51.826],[122.633,52.116],[122.763,52.18],[122.752,52.241],[122.502,52.286],[122.346,52.45],[122.208,52.49],[122.018,52.283],[121.831,52.269],[121.703,52.384],[121.169,52.577],[121.799,53.018],[121.626,53.23],[121.413,53.317]],[[111.997,24.736],[111.935,24.702],[111.923,24.633],[112.006,24.553],[111.988,24.472],[112.05,24.352],[111.867,24.227],[111.901,23.995],[111.79,23.841],[111.658,23.842],[111.622,23.676],[111.468,23.608],[111.366,23.351],[111.37,23.133],[111.413,23.06],[111.351,22.908],[111.192,22.752],[111.052,22.735],[111.083,22.705],[111.031,22.642],[110.75,22.576],[110.727,22.485],[110.675,22.478],[110.697,22.369],[110.775,22.284],[110.676,22.274],[110.629,22.172],[110.483,22.145],[110.405,22.203],[110.334,22.19],[110.369,21.891],[109.967,21.867],[109.915,21.682],[109.808,21.634],[109.751,21.657],[109.748,21.575]],[[111.997,24.736],[111.933,24.775],[111.667,24.78],[111.517,24.643],[111.433,24.677],[111.474,24.799],[111.429,24.948],[111.462,25.019],[111.389,25.135],[111.264,25.144],[111.04,24.919],[110.958,25.013],[110.996,25.156],[111.099,25.214],[111.171,25.372],[111.283,25.43],[111.32,25.725],[111.476,25.896],[111.454,25.929],[111.317,25.909],[111.279,25.861],[111.202,25.93],[111.277,26.25],[111.247,26.282],[110.947,26.39],[110.879,26.275],[110.713,26.276],[110.689,26.332],[110.563,26.347],[110.537,26.225],[110.353,26.127],[110.247,25.978],[110.165,26.047],[110.034,26.036],[110.062,26.15],[109.927,26.197],[109.85,26.057],[109.775,26.014],[109.781,25.916],[109.713,25.89],[109.658,25.899],[109.672,25.985],[109.603,26.053],[109.457,26.039]],[[111.997,24.736],[112.091,24.809],[112.143,24.788],[112.167,24.907],[112.122,24.961],[112.195,25.2],[112.637,25.13],[112.714,25],[112.876,24.942],[112.989,24.964],[112.967,25.172],[113.028,25.23],[112.889,25.241],[112.865,25.343],[112.913,25.322],[113.283,25.518],[113.358,25.424],[113.523,25.386],[113.57,25.323],[113.809,25.348],[113.928,25.448]],[[115.888,24.917],[116.268,24.808],[116.372,24.841],[116.517,24.615],[116.773,24.663],[116.749,24.533],[116.886,24.39],[116.963,24.207],[116.925,24.078],[117.037,23.738],[117.175,23.616]],[[115.888,24.917],[115.903,24.872],[115.811,24.873],[115.755,24.82],[115.79,24.561],[115.692,24.548],[115.421,24.785],[115.264,24.759],[115.152,24.686],[115.047,24.707],[114.87,24.588],[114.757,24.632],[114.707,24.552],[114.642,24.585],[114.406,24.502],[114.17,24.675],[114.315,24.775],[114.414,24.98],[114.729,25.119],[114.683,25.163],[114.71,25.285],[114.546,25.416],[114.291,25.293],[114.127,25.311],[114.019,25.269],[114.016,25.432],[113.928,25.448]],[[115.888,24.917],[115.843,25.195],[115.975,25.332],[116.028,25.636],[116.16,25.776],[116.135,25.866],[116.329,25.961],[116.417,26.13],[116.399,26.288],[116.505,26.409],[116.598,26.403],[116.62,26.498],[116.542,26.563],[116.505,26.689],[116.545,26.868],[116.67,26.987],[116.923,27.021],[117.04,27.11],[117.156,27.282],[117.101,27.347],[117.106,27.554],[117.287,27.773],[117.284,27.857],[117.522,27.974],[117.614,27.859],[117.753,27.816],[117.817,27.935],[118.364,28.094],[118.349,28.22],[118.446,28.289]],[[118.446,28.289],[118.516,28.262],[118.735,28.326],[118.796,28.24],[118.748,27.973],[118.82,27.91],[118.889,27.722],[118.908,27.482],[119.257,27.42],[119.46,27.52],[119.53,27.658],[119.604,27.669],[119.77,27.316],[120.058,27.342],[120.235,27.413],[120.358,27.367],[120.419,27.206]],[[118.446,28.289],[118.457,28.523],[118.372,28.799],[117.999,29.134],[118.052,29.275],[118.173,29.342],[118.175,29.408]],[[104.54,24.742],[104.483,24.666],[104.502,24.578],[104.679,24.333],[104.728,24.342],[104.693,24.427],[104.735,24.466],[105.093,24.427],[105.176,24.316],[105.176,24.146],[105.271,24.077],[105.297,24.129],[105.447,24.038],[105.602,24.142],[105.667,24.061],[105.872,24.025],[105.9,24.078],[106.014,24.114],[106.015,24.059],[106.157,23.974],[106.2,23.848],[106.133,23.807],[106.124,23.531],[106.005,23.47],[105.843,23.517],[105.693,23.396],[105.692,23.347],[105.632,23.352],[105.521,23.163]],[[104.54,24.742],[104.729,24.631],[104.89,24.765],[105.012,24.797],[105.048,24.895],[105.189,25.009],[105.267,24.938],[105.431,24.934],[105.509,24.817],[105.675,24.79],[105.806,24.707],[105.916,24.729],[106.021,24.642],[106.199,24.83],[106.156,24.96],[106.457,25.036],[106.667,25.174],[106.982,25.24],[107.016,25.348],[106.975,25.44],[107.078,25.528],[107.233,25.562],[107.477,25.28],[107.474,25.219],[107.641,25.313],[107.677,25.206],[107.745,25.226],[107.786,25.149],[108.102,25.23],[108.134,25.391],[108.293,25.539],[108.421,25.509],[108.598,25.311],[108.568,25.447],[108.655,25.504],[108.675,25.59],[108.759,25.609],[108.774,25.522],[108.936,25.55],[109.003,25.514],[109.041,25.543],[109.045,25.717],[108.878,25.65],[108.871,25.707],[109.085,25.805],[109.128,25.749],[109.174,25.809],[109.229,25.738],[109.292,25.736],[109.398,25.913],[109.387,25.981],[109.457,26.039]],[[104.54,24.742],[104.552,24.834],[104.705,25.009],[104.72,25.211],[104.789,25.251],[104.566,25.381],[104.546,25.501],[104.433,25.501],[104.43,25.571],[104.309,25.652],[104.299,25.755],[104.388,25.772],[104.422,25.875],[104.39,25.944],[104.499,26.031],[104.545,26.27],[104.677,26.382],[104.568,26.578],[104.482,26.593],[104.417,26.718],[104.331,26.631],[104.124,26.644],[104.027,26.515],[103.829,26.547],[103.762,26.616],[103.775,26.737],[103.733,26.741],[103.715,26.816],[103.776,26.875],[103.778,26.956],[103.711,27.047],[103.637,27.018],[103.596,27.076],[103.94,27.399],[104.174,27.272],[104.361,27.447],[104.516,27.318],[104.856,27.307],[105.069,27.411],[105.193,27.395],[105.297,27.722]],[[99.109,29.224],[98.98,29.193],[99.008,29.044],[98.917,28.961],[98.951,28.859],[98.912,28.822],[98.851,28.82],[98.783,29.002],[98.646,28.964],[98.679,28.749],[98.589,28.67],[98.644,28.444],[98.576,28.318],[98.448,28.232],[98.3,28.355],[98.248,28.22],[98.115,28.144]],[[99.109,29.224],[98.987,29.651],[99.056,29.915],[98.905,30.664],[98.961,30.727],[98.788,30.881],[98.803,30.991],[98.604,31.17],[98.649,31.317],[98.768,31.23],[98.885,31.354],[98.592,31.599],[98.426,31.813],[98.453,31.984],[98.22,32.252],[98.206,32.356],[98.014,32.465],[97.716,32.544]],[[99.109,29.224],[99.097,28.836],[99.172,28.593],[99.163,28.438],[99.387,28.139],[99.416,28.255],[99.373,28.519],[99.503,28.579],[99.615,28.805],[99.713,28.846],[99.732,28.745],[99.846,28.604],[99.945,28.56],[100.15,28.328],[100.162,28.236],[100.028,28.169],[100.072,28.044],[100.288,27.864],[100.321,27.733],[100.432,27.846],[100.543,27.817],[100.615,27.893],[100.661,27.875],[100.872,27.562],[100.871,27.485],[100.978,27.374],[101.009,27.188],[101.168,27.196],[101.153,27.027],[101.35,26.863],[101.398,26.735],[101.5,26.775],[101.412,26.57],[101.544,26.495],[101.644,26.368],[101.574,26.299],[101.582,26.219],[101.668,26.232],[101.764,26.176],[101.845,26.036],[101.922,26.099],[102.113,26.084],[102.252,26.229],[102.568,26.379],[102.626,26.345],[102.61,26.26],[102.681,26.222],[102.878,26.365],[102.988,26.365],[102.996,26.485],[103.058,26.557],[102.975,26.831],[102.901,26.925],[102.889,27.291],[102.955,27.421],[102.992,27.386],[103.121,27.412],[103.218,27.567],[103.296,27.588],[103.284,27.641],[103.452,27.76],[103.565,27.983],[103.514,27.971],[103.489,28.038],[103.441,28.042],[103.455,28.134],[103.572,28.243],[103.644,28.27],[103.722,28.216],[103.88,28.326],[103.795,28.531],[103.851,28.668],[103.973,28.613],[104.248,28.662],[104.443,28.625],[104.25,28.52],[104.268,28.334],[104.417,28.239],[104.443,28.111],[104.328,28.023],[104.482,27.891],[104.605,27.846],[104.888,27.896],[104.956,27.946],[104.972,28.056],[105.056,28.088],[105.282,28.001],[105.228,27.856],[105.297,27.722]],[[123.696,43.353],[123.707,43.421],[123.782,43.466],[124.016,43.305],[124.275,43.231],[124.303,43.149],[124.418,43.089],[124.37,43.002],[124.437,42.949],[124.386,42.885],[124.48,42.851],[124.766,43.106],[124.886,43.102],[124.862,42.855],[124.968,42.781],[124.95,42.662],[125.093,42.582],[125.102,42.494],[125.209,42.406],[125.176,42.338],[125.285,42.299],[125.319,42.169],[125.481,42.151],[125.292,41.953],[125.306,41.68],[125.45,41.68],[125.563,41.411],[125.651,41.286],[125.746,41.237],[125.769,41.144],[125.692,41.004],[125.576,40.913],[125.704,40.859]],[[123.696,43.353],[123.62,43.087],[123.261,42.999],[123.067,42.791],[122.763,42.732],[122.392,42.854],[122.363,42.809],[122.434,42.697],[122.4,42.658],[122.283,42.637],[122.045,42.721],[121.934,42.673],[121.878,42.54],[121.724,42.458],[121.629,42.457],[121.552,42.535],[121.383,42.507],[121.014,42.251],[120.913,42.297],[120.628,42.16],[120.496,42.144],[120.458,42.025],[120.331,41.96],[120.096,41.702],[120.033,41.712],[120.03,41.861],[119.801,42.129],[119.837,42.199],[119.636,42.24],[119.512,42.395],[119.247,42.198],[119.374,42.08],[119.299,41.777],[119.391,41.46],[119.362,41.375],[119.231,41.273]],[[117.239,40.093],[117.364,40.18],[117.357,40.257]],[[117.239,40.093],[117.148,39.956],[117.18,39.879],[117.263,39.851],[117.184,39.809],[117.169,39.627],[116.876,39.686]],[[117.239,40.093],[116.765,40.019],[116.784,39.886],[116.929,39.801],[116.876,39.686]],[[117.357,40.257],[117.755,40.058],[117.773,39.965],[117.503,39.993],[117.533,39.75],[117.627,39.66],[117.625,39.578],[117.714,39.533],[117.756,39.582],[117.905,39.554],[117.876,39.425],[118.008,39.343],[118.01,39.219]],[[117.357,40.257],[117.251,40.338],[117.185,40.512],[117.486,40.662],[117.073,40.674],[116.959,40.718],[116.668,40.948],[116.633,41.048],[116.454,40.903],[116.351,40.926],[116.468,40.766],[116.226,40.765],[116.039,40.602],[115.888,40.613],[115.728,40.556],[115.943,40.272],[115.845,40.161],[115.578,40.096],[115.425,39.985],[115.566,39.801],[115.441,39.77],[115.477,39.625],[115.66,39.596],[115.756,39.509],[115.938,39.575],[116.196,39.578],[116.318,39.461],[116.41,39.44],[116.465,39.466],[116.428,39.521],[116.564,39.598],[116.793,39.602]],[[116.876,39.686],[116.793,39.602]],[[116.793,39.602],[116.853,39.352],[116.826,39.217],[116.91,39.13],[116.696,38.993],[116.723,38.803],[116.897,38.693],[117.036,38.708],[117.073,38.624],[117.256,38.561],[117.544,38.621]],[[119.231,41.273],[119.164,41.176],[118.937,41.061],[119.01,40.976],[118.902,40.957],[118.849,40.83],[119.062,40.651],[119.191,40.7],[119.19,40.62],[119.294,40.531],[119.564,40.54],[119.635,40.209],[119.743,40.205],[119.742,40.09],[119.85,39.986]],[[119.231,41.273],[119.235,41.323],[118.867,41.337],[118.809,41.383],[118.359,41.323],[118.295,41.461],[118.314,41.57],[118.231,41.599],[118.152,41.75],[118.183,41.797],[118.263,41.752],[118.303,41.786],[118.277,42.062],[118.232,42.084],[118.189,42.027],[118.125,42.029],[118.099,42.176],[117.989,42.222],[118.041,42.278],[118.024,42.383],[117.806,42.56],[117.808,42.606],[117.594,42.552],[117.536,42.621],[117.412,42.458],[117.103,42.476],[116.869,42.383],[116.827,42.308],[116.885,42.203],[116.854,42.117],[116.889,42.063],[116.797,41.987],[116.6,41.924],[116.378,42.01],[116.057,41.798],[115.937,41.927],[115.88,41.933],[115.34,41.721],[115.341,41.616],[115.24,41.586],[114.877,41.612],[114.869,41.796],[114.931,41.848],[114.845,42.148],[114.805,42.178],[114.533,42.122],[114.42,41.956],[114.232,41.827],[114.19,41.584],[114.017,41.525],[113.928,41.418],[113.91,41.286],[113.98,41.249],[113.988,41.17],[113.823,41.094],[114.154,40.743]],[[15.151,-4.425],[15.347,-4.658],[15.445,-4.534],[15.683,-4.562],[15.668,-4.622],[15.752,-4.712],[15.718,-4.854],[15.623,-4.916],[15.733,-5.012],[15.859,-5.024],[15.895,-4.917],[16.034,-4.987],[16.279,-5]],[[16.279,-5],[16.261,-4.794],[16.431,-4.521],[16.49,-4.506],[16.54,-4.278],[16.39,-4.1],[16.216,-4.001],[15.888,-3.941]],[[16.279,-5],[16.222,-5.7],[16.101,-5.858]],[[24.422,-1.787],[24.083,-1.746],[23.828,-1.769],[23.689,-2.015],[23.224,-2.078],[23.097,-1.94],[22.938,-1.959],[22.871,-1.884],[22.683,-1.808],[22.624,-1.809],[22.497,-1.959],[22.176,-1.914],[22.288,-2.436],[22.199,-2.451],[22.183,-2.307],[22.138,-2.282],[21.899,-2.49]],[[24.422,-1.787],[24.371,-1.53],[24.293,-1.39],[24.117,-1.386],[23.984,-1.325],[23.383,-0.837],[23.372,-0.787],[23.621,-0.647],[23.48,-0.464],[23.267,-0.49],[23.193,-0.423],[22.979,-0.403],[23.13,-0.282],[23.293,-0.314],[23.407,-0.215],[22.973,0.414],[22.853,0.697],[22.812,1],[22.63,1.347],[22.488,1.464],[22.29,1.506],[22.472,1.694],[22.585,2.116],[22.759,2.011],[22.861,2.048],[22.977,2.184],[23.091,2.096],[23.343,2.249],[23.647,2.195],[23.625,2.33],[23.36,2.522],[23.127,2.504],[23.039,2.558],[22.964,2.67],[23.071,3.155],[22.997,3.159],[22.812,2.999],[22.786,3.268],[22.628,3.365],[22.679,3.453],[23.038,3.55],[23.171,3.675],[23.37,3.617],[23.51,3.821],[23.351,3.814],[23.149,3.902],[22.84,3.866],[22.755,3.983],[22.452,4.147]],[[24.422,-1.787],[24.451,-1.939]],[[21.899,-2.49],[21.816,-2.52],[21.48,-2.339],[21.417,-2.48],[21.007,-2.489]],[[21.899,-2.49],[22.195,-3.002],[21.976,-3.58],[22.007,-3.652],[22.133,-3.703],[22.197,-3.892],[22.062,-3.915],[22.019,-3.967],[22.15,-4.03],[22.294,-3.989],[22.85,-4.485],[23.119,-4.534],[23.177,-4.737],[22.98,-4.829],[22.973,-4.997],[23.238,-5.246],[23.419,-5.217],[23.738,-5.426],[23.727,-5.619],[23.425,-5.761],[23.38,-5.701],[23.016,-5.766],[22.956,-5.847],[22.978,-6.063],[23.089,-6.2],[22.933,-6.652],[23.244,-6.961],[23.196,-7.1],[23.213,-7.381],[23.158,-7.797]],[[24.451,-1.939],[24.494,-2.108],[24.725,-2.464],[25.1,-2.448],[25.111,-2.773],[25.025,-2.98],[25.034,-3.067],[24.998,-3.07],[24.961,-3.256],[24.9,-3.271],[24.907,-3.352],[24.78,-3.458],[24.796,-3.686],[24.732,-3.766],[24.896,-4.01],[24.96,-4.033],[25.011,-4.176],[24.975,-4.39],[25.012,-4.445],[24.876,-4.593],[24.862,-4.684],[25.078,-4.994],[26.269,-5]],[[24.451,-1.939],[25.004,-1.936],[25.071,-1.991],[25.063,-2.083],[25.233,-2.109],[25.321,-2.084],[25.541,-1.862],[25.809,-1.856],[25.86,-1.392],[25.936,-1.483],[26.017,-1.475],[26.071,-1.286],[26.138,-1.218],[26.157,-0.966],[26.288,-0.877],[26.268,-0.61],[26.403,-0.462],[26.116,-0.19],[26.157,-0.09],[26.467,-0.371],[26.829,-0.256],[26.847,-0.201],[27,-0.263],[27.166,-0.426],[27.73,-0.567]],[[26.269,-5],[26.086,-5.379],[26.142,-5.505],[26.068,-5.642],[26.168,-5.795],[26.159,-6.249],[25.967,-6.305],[25.924,-6.227],[25.788,-6.192],[25.521,-6.352],[25.319,-6.333],[25.257,-6.4],[25.287,-6.445],[25.403,-6.548],[25.518,-6.552],[25.433,-6.711],[25.302,-6.761],[25.144,-6.67],[24.961,-6.665],[24.9,-6.79],[24.454,-7.07],[24.245,-6.992],[24.213,-6.891],[24.135,-6.88],[24.136,-7.043],[23.968,-7.206],[23.958,-7.323],[24.001,-7.362],[23.929,-7.531],[23.952,-7.83],[23.854,-7.834],[23.773,-7.903],[23.295,-7.898],[23.225,-7.938],[23.158,-7.797]],[[26.269,-5],[28.825,-5]],[[16.525,-1.859],[16.627,-1.996],[16.899,-1.996],[16.895,-1.89],[16.821,-1.793],[17.077,-1.808],[17.521,-1.526],[17.931,-1.374],[18.15,-1.134],[18.35,-1.156],[18.522,-1.266],[18.809,-1.228],[18.876,-1.131],[18.799,-1.022],[18.797,-0.93],[18.991,-0.743],[19.048,-0.808],[19.086,-0.998],[19.474,-1.595],[19.518,-1.783],[19.605,-1.795],[19.728,-1.667],[19.816,-1.724],[19.92,-1.934],[20.186,-1.948],[20.426,-2.084],[20.691,-2.023],[20.987,-2.371],[21.007,-2.489]],[[21.007,-2.489],[20.665,-3.28],[20.671,-4.131],[20.599,-4.208],[20.394,-4.278],[20.342,-4.389],[20.266,-4.391],[20.134,-4.28],[20.036,-4.289],[20.119,-4.498],[20.065,-4.592],[20.055,-4.766],[20.191,-5.155],[20.148,-5.363],[20.178,-5.681],[20,-5.962],[19.841,-6.032],[19.69,-6.19],[19.729,-6.549],[19.933,-6.846],[19.963,-7.002]],[[27.73,-0.567],[27.821,-0.682],[27.763,-0.874],[27.671,-0.927],[27.501,-0.904],[27.278,-0.983],[27.259,-1.067],[27.332,-1.187],[27.206,-1.212],[27.519,-1.633],[27.71,-1.807],[27.76,-2.001]],[[27.73,-0.567],[28.106,-0.229],[28.09,0.019],[28.141,0.153],[28.019,0.462],[27.842,0.492],[27.749,0.576],[27.894,0.598],[28.063,0.7],[28.335,0.74],[28.558,0.587],[29.014,0.614],[29.169,0.687],[29.401,0.618],[29.478,0.667],[29.362,0.756],[29.415,0.858],[29.552,0.819],[29.598,0.88],[29.719,0.881],[29.849,0.961],[29.982,0.849]],[[27.76,-2.001],[27.434,-2.018],[27.347,-2.157],[27.176,-2.243],[26.861,-2.138],[26.834,-2.517],[26.926,-2.818],[27.045,-2.939],[27.12,-3.166],[27.094,-3.75],[27.202,-3.88],[27.492,-3.974],[27.735,-3.991],[27.871,-4.092],[28.034,-4.129],[28.031,-4.178],[28.096,-4.201],[28.177,-4.135],[28.295,-4.207],[28.491,-4.382],[28.825,-5]],[[27.76,-2.001],[27.857,-1.963],[27.96,-2.047],[28.064,-2.062],[28.303,-1.995],[28.384,-1.811],[28.451,-1.907],[28.559,-1.926],[28.652,-1.793],[28.769,-1.778],[28.878,-1.667],[28.942,-1.734],[29.187,-1.74]],[[28.825,-5],[29.343,-5]],[[23.158,-7.797],[22.876,-7.901],[22.696,-7.868],[22.618,-7.723],[22.486,-7.787],[22.179,-7.799],[21.827,-7.646]],[[120.909,31.012],[120.981,31.001],[120.985,30.826],[121.094,30.841],[121.235,30.767],[121.275,30.691]],[[120.909,31.012],[120.687,30.973],[120.705,30.882],[120.592,30.856],[120.491,30.764],[120.438,30.901],[120.129,30.943],[119.943,31.087],[119.909,31.165],[119.74,31.176],[119.63,31.133]],[[120.909,31.012],[120.865,31.136],[121.063,31.154],[121.061,31.267],[121.129,31.28],[121.18,31.451],[121.341,31.491]],[[115.46,36.158],[115.322,36.078],[115.234,36.17],[115.112,36.186],[114.931,36.057],[114.842,36.149],[114.561,36.134],[114.343,36.245],[114.074,36.272],[113.989,36.359],[113.721,36.356]],[[115.46,36.158],[115.424,35.995],[115.336,35.936],[115.326,35.775],[115.468,35.913],[115.669,35.944],[115.833,36.032],[115.927,36.022],[116.077,36.103],[116.092,36.068],[116.034,35.966],[115.966,35.986],[115.863,35.925],[115.874,35.866],[115.761,35.849],[115.618,35.731],[115.504,35.723],[115.342,35.555],[115.34,35.485],[115.068,35.38],[114.942,35.219],[114.852,35.178],[114.834,35.016],[115.182,34.94],[115.216,34.836],[115.307,34.847],[115.429,34.78],[115.443,34.66],[115.531,34.58],[115.816,34.571],[115.994,34.622],[116.151,34.567]],[[119.63,31.133],[119.578,30.855],[119.451,30.648],[119.36,30.68],[119.243,30.557],[119.326,30.515],[119.392,30.368],[119.238,30.299],[118.954,30.355],[118.881,30.324],[118.909,30.222],[118.853,30.159],[118.894,29.983],[118.736,29.823],[118.724,29.73],[118.389,29.456],[118.32,29.491],[118.311,29.447],[118.175,29.408]],[[119.63,31.133],[119.37,31.188],[119.345,31.288],[118.804,31.228],[118.737,31.334],[118.827,31.398],[118.881,31.522],[118.866,31.621],[118.777,31.674],[118.674,31.65],[118.68,31.71],[118.484,31.784],[118.46,31.891],[118.35,31.952],[118.508,32.198],[118.665,32.25],[118.667,32.459],[118.597,32.487],[118.559,32.587],[118.897,32.596],[119.081,32.446],[119.199,32.594],[119.153,32.825],[118.993,32.962],[118.857,32.972],[118.72,32.732],[118.381,32.73],[118.3,32.777],[118.237,32.911],[118.299,32.968],[118.248,33.013],[118.209,33.194],[118.166,33.212],[118.081,33.15],[117.932,33.235],[118.053,33.477],[118.115,33.484],[118.122,33.611],[118.177,33.693],[118.144,33.756],[117.727,33.728],[117.749,33.876],[117.691,33.884],[117.634,34.001],[117.159,34.091],[117.018,34.171],[116.949,34.389],[116.815,34.392],[116.377,34.64]],[[119.28,35.077],[119.194,35.11],[119.076,35.05],[118.867,35.036],[118.746,34.73],[118.681,34.684],[118.464,34.681],[118.41,34.472],[118.343,34.419],[118.165,34.399],[118.153,34.542],[118.077,34.641],[117.928,34.678],[117.79,34.651],[117.769,34.523],[117.671,34.533],[117.547,34.462],[117.337,34.589],[117.182,34.45],[116.968,34.852],[116.819,34.962],[116.47,34.898],[116.377,34.64]],[[116.377,34.64],[116.151,34.567]],[[114.154,40.743],[114.156,40.664],[114.256,40.557],[114.295,40.367],[114.511,40.325],[114.1,40.197],[114.061,40.087],[113.996,40.132],[113.924,40.029],[114.058,39.924],[114.388,39.858],[114.402,39.658],[114.541,39.531],[114.406,39.184],[114.268,39.082],[114.117,39.066],[114.021,39.119],[113.853,39.072],[113.754,38.931],[113.825,38.81],[113.534,38.537],[113.539,38.252],[113.791,38.153],[114.106,37.669],[114.052,37.498],[113.754,37.115],[113.771,36.868],[113.679,36.872],[113.608,36.769],[113.438,36.719],[113.547,36.549],[113.535,36.483],[113.721,36.356]],[[114.154,40.743],[114.028,40.642],[114.069,40.498],[113.677,40.429],[113.487,40.333],[113.324,40.321],[113.183,40.425],[112.951,40.35],[112.816,40.202],[112.716,40.171],[112.399,40.288],[112.279,40.229],[111.847,39.629],[111.751,39.598],[111.453,39.645],[111.421,39.522],[111.343,39.444],[111.11,39.385]],[[108.518,32.198],[108.361,32.167],[108.417,32.089],[108.345,32.074],[108.26,31.955],[108.481,31.811],[108.516,31.708],[108.352,31.517],[108.232,31.481],[108.176,31.306],[108.037,31.23],[107.93,30.873],[107.825,30.799],[107.722,30.889],[107.477,30.791],[107.478,30.61],[107.229,30.238],[107.033,30.058],[106.729,30.05],[106.544,30.34],[106.239,30.22],[106.125,30.342],[105.833,30.436],[105.728,30.277],[105.639,30.279],[105.648,30.214],[105.555,30.176],[105.749,30.021],[105.717,29.873],[105.568,29.817],[105.543,29.731],[105.391,29.692],[105.291,29.585],[105.298,29.5],[105.405,29.43],[105.458,29.315],[105.654,29.269],[105.704,29.3],[105.739,29.012],[105.795,28.937],[105.87,28.918],[106,28.974],[106.248,28.885],[106.282,28.703],[106.382,28.572]],[[108.518,32.198],[109.118,31.906],[109.303,31.709],[109.594,31.738]],[[108.518,32.198],[108.464,32.257],[108.251,32.265],[108.052,32.227],[107.98,32.148],[107.659,32.389],[107.46,32.409],[107.442,32.533],[107.256,32.445],[107.08,32.514],[107.096,32.669],[107.039,32.718],[106.723,32.742],[106.626,32.68],[106.229,32.592],[106.06,32.706],[106.082,32.874],[105.875,32.845],[105.806,32.755],[105.6,32.704],[105.499,32.907]],[[106.382,28.572],[106.489,28.541],[106.522,28.685],[106.476,28.835],[106.628,28.648],[106.555,28.515],[106.713,28.48],[106.762,28.591],[106.837,28.623],[106.849,28.773],[106.959,28.791],[107.016,28.88],[107.131,28.898],[107.27,28.805],[107.437,28.877],[107.5,28.999],[107.417,29.138],[107.496,29.246],[107.58,29.178],[107.778,29.146],[107.79,29.04],[107.85,28.983],[108.055,29.065],[108.296,29.076],[108.376,28.794],[108.33,28.689],[108.579,28.607],[108.607,28.335],[108.681,28.338],[108.65,28.471],[108.712,28.485],[108.781,28.432],[108.736,28.216],[109.085,28.194],[109.163,28.45],[109.258,28.506]],[[106.382,28.572],[106.314,28.471],[106.287,28.545],[105.975,28.755],[105.892,28.609],[105.706,28.598],[105.619,28.491],[105.652,28.331],[105.866,28.258],[105.892,28.154],[106.181,28.142],[106.299,28],[106.34,27.828],[106.229,27.769],[106.095,27.787],[105.647,27.678],[105.48,27.784],[105.297,27.722]],[[97.716,32.544],[97.631,32.444],[97.361,32.5],[97.326,32.412],[97.393,32.385],[97.389,32.281],[97.277,32.252],[97.24,32.066],[97.143,32.013],[96.738,31.969],[96.79,31.897],[96.749,31.824],[96.797,31.737],[96.764,31.681],[96.465,31.761],[96.307,31.906],[96.197,31.882],[96.141,31.797],[96.23,31.702],[96.235,31.569],[96.193,31.535],[96.062,31.714],[95.785,31.695],[95.645,31.76],[95.487,31.747],[95.407,31.811],[95.354,31.954],[95.424,32.018],[95.396,32.162],[95.269,32.241],[95.078,32.255],[94.968,32.32],[94.924,32.456],[94.755,32.535],[94.615,32.673],[94.411,32.591],[94.357,32.614],[94.335,32.55],[94.111,32.478],[93.852,32.5],[93.734,32.572],[93.495,32.514],[93.196,32.667],[93.044,32.652],[92.998,32.742],[92.221,32.745],[92.196,32.869],[91.977,32.849],[91.543,33.08],[91.376,33.271],[91.371,33.336],[91.178,33.335],[91.128,33.254],[90.94,33.237],[90.774,33.139],[90.424,33.288],[90.306,33.295],[90.206,33.402],[90.16,33.56],[89.975,33.631],[89.887,33.814],[89.742,33.91],[89.636,34.074],[89.787,34.199],[89.844,34.358],[89.716,34.725],[89.825,34.846],[89.778,34.93],[89.569,34.948],[89.572,35.073],[89.454,35.225],[89.492,35.35],[89.738,35.45],[89.691,35.52],[89.793,35.818],[89.512,35.864],[89.435,35.988],[89.515,36.053],[89.678,36.082]],[[97.716,32.544],[97.431,32.7],[97.361,32.897],[97.5,33.008],[97.495,33.187],[97.616,33.328],[97.736,33.389],[97.521,33.463],[97.477,33.562],[97.386,33.621],[97.375,33.862],[97.61,33.931],[97.642,34.001],[97.731,33.961],[97.751,33.859],[98.035,33.96],[98.228,33.934],[98.289,33.847],[98.444,33.849],[98.654,33.666],[98.628,33.616],[98.736,33.49],[98.774,33.291],[98.872,33.159],[99.2,33.017],[99.289,32.887],[99.699,32.745],[99.769,32.922],[99.876,33.025],[100.145,32.839],[100.142,32.648],[100.223,32.637],[100.255,32.726],[100.399,32.758],[100.489,32.684],[100.561,32.563],[100.466,32.465],[100.531,32.403],[100.603,32.451],[100.675,32.683],[100.921,32.626],[101.171,32.688],[101.237,32.818],[101.127,32.954],[101.171,33.14],[101.324,33.202],[101.374,33.179],[101.445,33.236],[101.627,33.117],[101.727,33.268],[101.665,33.32],[101.669,33.383],[101.778,33.53]],[[109.258,28.506],[109.285,28.585],[109.213,28.629],[109.281,28.721],[109.24,28.883],[109.286,29.03],[109.207,29.104]],[[109.258,28.506],[109.264,28.322],[109.359,28.248],[109.296,28.083],[109.367,28.046],[109.311,27.888],[109.335,27.792],[109.413,27.739],[109.442,27.591],[109.277,27.439],[109.136,27.411],[108.9,27.189],[108.89,27.131],[108.788,27.088],[108.904,27.01],[109.095,27.134],[109.148,27.078],[109.226,27.153],[109.382,27.152],[109.501,27.06],[109.503,26.964],[109.444,26.898],[109.516,26.834],[109.281,26.711],[109.407,26.597],[109.292,26.338],[109.407,26.264],[109.385,26.22],[109.457,26.039]],[[109.207,29.104],[108.921,29.349],[108.871,29.487],[108.889,29.622],[108.696,29.698],[108.641,29.847],[108.513,29.722],[108.44,29.743],[108.405,29.839],[108.537,29.874],[108.543,30.281],[108.381,30.4],[108.433,30.487],[108.59,30.504],[108.661,30.575],[108.733,30.52],[108.965,30.607],[109.152,30.562],[109.394,30.584],[109.871,30.889],[109.997,30.826],[110.087,30.841],[110.138,31],[110.108,31.122],[110.175,31.189],[110.147,31.331],[109.968,31.503],[109.733,31.561],[109.703,31.674],[109.594,31.738]],[[109.207,29.104],[109.466,29.566],[109.599,29.619],[109.685,29.601],[109.783,29.735],[110.104,29.785],[110.377,29.654],[110.427,29.722],[110.591,29.771],[110.473,29.906],[110.507,29.985],[110.463,30.014],[110.543,30.055],[110.699,30.025],[110.765,30.098],[111.246,30.032],[111.396,29.925],[111.769,29.92],[111.924,29.856],[112.173,29.646],[112.214,29.673],[112.282,29.537],[112.451,29.644],[112.665,29.632],[112.886,29.792],[112.936,29.693],[113.013,29.773],[112.908,29.601],[112.936,29.481],[113.033,29.519],[113.066,29.442],[113.59,29.88],[113.533,29.693],[113.649,29.676],[113.73,29.446],[113.581,29.253],[113.641,29.222],[113.702,29.072],[113.773,29.125],[113.902,29.066]],[[113.928,25.448],[113.982,25.582],[113.903,25.74],[114.015,25.917],[114.019,26.037],[114.215,26.181],[114.149,26.222],[113.925,26.17],[114.088,26.568],[113.865,26.656],[113.832,26.827],[113.893,26.961],[113.752,27.097],[113.851,27.346],[113.609,27.357],[113.559,27.575],[113.708,27.835],[113.719,27.964],[113.989,28.072],[114.024,28.179],[114.234,28.376],[114.172,28.44],[114.177,28.507],[114.057,28.564],[114.113,28.616],[114.13,28.826],[113.905,28.956],[113.902,29.066]],[[96.366,42.723],[96.063,42.559],[96.018,42.139],[96.044,42.013],[95.864,41.855],[95.492,41.856],[95.058,41.789],[94.581,41.585],[94.011,41.104],[93.577,40.588],[93.286,40.469],[92.942,40.473],[92.915,40.093],[92.764,39.862],[92.951,39.442],[92.936,39.153]],[[92.936,39.153],[92.368,39.063],[92.123,38.941],[91.294,38.745],[90.659,38.677],[90.632,38.62],[90.381,38.486],[90.159,38.446],[90.193,38.326],[90.439,37.996],[90.423,37.789],[91.082,37.483],[91.163,37.3],[91.316,37.119],[91.299,37.018],[90.826,36.924],[90.69,36.776],[90.698,36.655],[90.76,36.591],[91.007,36.503],[91.136,36.105],[90.853,36.005],[90.623,36.111],[90.154,36.132],[90.03,36.259],[89.946,36.08],[89.678,36.082]],[[92.936,39.153],[93.734,39.309],[94.15,39.324],[94.631,39.295],[95.006,39.151],[95.314,39.181],[95.703,38.883],[96.019,38.746],[96.055,38.679],[96.301,38.633],[96.508,38.545],[96.532,38.458],[96.912,38.351],[96.959,38.387],[96.971,38.567],[96.962,39.112],[97.013,39.192],[97.363,39.15],[98.069,38.802],[98.324,39.023],[98.445,38.957],[98.602,38.948],[98.782,39.068],[99.082,38.969],[99.099,38.89],[99.8,38.366],[100.001,38.314],[100.158,38.207],[100.156,38.303],[100.083,38.395],[100.104,38.486],[100.141,38.486],[100.33,38.321],[100.53,38.274],[100.636,38.105],[101.05,37.964],[101.766,37.525],[101.966,37.735],[101.996,37.615],[102.067,37.548],[102.04,37.465],[102.427,37.278],[102.551,37.164],[102.46,36.956],[102.679,36.795],[102.599,36.672],[102.77,36.498],[102.819,36.326],[103.04,36.216],[102.928,36.068],[103,35.991],[102.976,35.833],[102.7,35.839],[102.702,35.524],[102.535,35.536],[102.426,35.435],[102.298,35.421],[102.26,35.29],[102.318,35.275],[102.374,35.174],[102.267,35.056],[101.932,34.879],[101.907,34.756],[101.755,34.704],[101.793,34.632],[101.914,34.661],[101.959,34.558],[102.15,34.495],[102.216,34.364],[102.154,34.286],[101.78,34.068],[101.57,34.208],[100.935,34.386],[100.806,34.278],[100.792,34.155],[100.948,33.93],[101.129,33.851],[101.17,33.654],[101.377,33.64],[101.509,33.705],[101.613,33.512],[101.778,33.53]],[[97.191,42.787],[97.847,41.619],[97.659,41.484],[97.659,41.413],[97.951,41.12],[98.321,40.892],[98.234,40.528],[98.601,40.548],[98.826,40.727],[99.157,40.836],[99.496,40.843],[99.767,40.91],[100.05,40.88],[100.19,40.709],[100.19,40.58],[100.004,40.391],[99.917,40.219],[99.627,40.069],[99.431,39.879],[99.762,39.86],[100.222,39.68],[100.318,39.533],[100.473,39.486],[100.507,39.419],[100.81,39.404],[100.877,39.12],[101.052,38.999],[101.211,39.008],[101.206,38.931],[101.336,38.818],[101.32,38.758],[101.58,38.688],[101.831,38.69],[102.031,38.879],[101.831,39.082],[102.393,39.237],[102.965,39.119],[103.464,39.357],[103.749,39.425],[104.061,39.427],[104.052,39.322],[104.218,39.103],[104.217,39.035],[103.873,38.643],[103.439,38.414],[103.529,38.147],[103.388,38.102],[103.387,37.999],[103.438,37.842],[103.679,37.775],[104.229,37.404],[104.359,37.401]],[[104.359,37.401],[104.475,37.521],[104.944,37.546],[105.247,37.725],[105.642,37.735],[105.799,37.813],[105.826,38],[105.756,38.148],[105.848,38.265],[105.823,38.396],[105.897,38.736],[106.113,39.121],[106.283,39.157],[106.285,39.279],[106.497,39.286],[106.629,39.361],[106.789,39.361],[106.808,39.199],[106.983,39.025],[106.709,38.645],[106.645,38.459],[106.47,38.291],[106.829,38.15],[107.163,38.139],[107.324,38.066],[107.412,37.912],[107.658,37.853]],[[104.359,37.401],[104.476,37.444],[104.718,37.407],[104.68,37.373],[104.72,37.324],[104.621,37.249],[104.855,37.218],[104.922,37.097],[105.152,36.996],[105.321,36.797],[105.219,36.702],[105.446,36.255],[105.437,36.107],[105.346,36.055],[105.315,35.973],[105.427,35.76],[105.563,35.7],[105.726,35.71],[105.693,35.647],[105.829,35.494],[105.936,35.525],[106.077,35.479],[105.901,35.447],[105.898,35.408],[106.177,35.413],[106.339,35.257],[106.458,35.324],[106.49,35.405],[106.497,35.475],[106.414,35.541],[106.511,35.561],[106.434,35.71],[106.558,35.733],[106.751,35.681],[106.911,35.782],[106.843,35.882],[106.939,35.924],[106.945,36.077],[106.829,36.207],[106.475,36.3],[106.495,36.437],[106.431,36.508],[106.492,36.543],[106.496,36.7],[106.612,36.731],[106.65,36.8],[106.575,36.931],[106.637,37.006],[106.644,37.182],[106.747,37.206],[106.919,37.109],[107.126,37.125],[107.285,37.068]],[[101.778,33.53],[101.795,33.605],[101.845,33.585],[101.925,33.433],[101.825,33.248],[101.856,33.12],[102.482,33.465],[102.482,33.54],[102.356,33.609],[102.343,33.725],[102.291,33.725],[102.325,33.752],[102.247,33.798],[102.171,33.942],[102.372,33.976],[102.459,34.069],[102.635,34.089],[102.588,34.16],[102.912,34.3],[103.141,34.147],[103.147,33.93],[103.229,33.783],[103.39,33.758],[103.541,33.817],[103.531,33.706],[104.145,33.64],[104.175,33.49],[104.386,33.32],[104.282,33.282],[104.416,33.034],[104.388,32.966],[104.291,32.923],[104.282,32.857],[104.558,32.688],[104.898,32.612],[105.047,32.638],[105.113,32.594],[105.429,32.737],[105.378,32.861],[105.499,32.907]],[[105.499,32.907],[105.667,32.888],[105.892,32.985],[105.925,33.224],[105.747,33.294],[105.715,33.375],[105.993,33.611],[106.171,33.562],[106.406,33.617],[106.496,33.544],[106.559,33.599],[106.472,33.712],[106.455,33.816],[106.491,33.856],[106.423,33.925],[106.524,34.121],[106.587,34.137],[106.552,34.242],[106.497,34.266],[106.679,34.26],[106.674,34.385],[106.596,34.473],[106.368,34.52],[106.318,34.583],[106.543,34.82],[106.491,35.03],[106.583,35.085],[106.915,35.089],[107.052,35.038],[107.211,34.892],[107.31,34.943],[107.725,34.953],[107.842,34.998],[107.672,35.221],[107.742,35.318],[107.972,35.223],[108.155,35.291],[108.504,35.275],[108.615,35.385],[108.491,35.876],[108.675,36],[108.699,36.136],[108.644,36.249],[108.704,36.359],[108.219,36.599],[108.042,36.598],[108.033,36.654],[107.887,36.755],[107.549,36.84],[107.501,36.891],[107.288,36.911],[107.285,37.068]],[[107.658,37.853],[107.929,37.785],[108.039,37.633],[108.754,37.675],[108.791,37.942],[108.852,37.99],[108.943,37.918],[109.035,38.075],[108.952,38.212],[109.045,38.422],[109.313,38.62],[109.403,38.754],[109.549,38.795],[109.674,39.011],[109.821,39.054],[109.963,39.181],[110.174,39.28],[110.113,39.432],[110.216,39.43],[110.347,39.316],[110.513,39.372],[110.646,39.244],[110.9,39.507],[111.127,39.581],[111.041,39.423],[111.11,39.385]],[[107.658,37.853],[107.644,37.78],[107.496,37.761],[107.311,37.578],[107.238,37.306],[107.327,37.155],[107.285,37.068]],[[109.594,31.738],[109.611,31.937],[109.674,32.069],[109.486,32.347],[109.561,32.405],[109.579,32.541],[109.658,32.599],[110.013,32.549],[110.074,32.617],[110.171,32.633],[110.096,32.841],[109.899,32.914],[109.783,32.901],[109.74,32.93],[109.781,33.034],[109.753,33.084],[109.453,33.148],[109.462,33.189],[109.66,33.264],[110.11,33.212],[110.234,33.156],[110.439,33.174],[110.539,33.246],[110.61,33.149],[110.748,33.096],[110.818,33.195],[110.975,33.266]],[[111.11,39.385],[111.227,39.297],[111.118,39.067],[110.973,38.974],[111.004,38.903],[110.872,38.621],[110.897,38.535],[110.853,38.457],[110.58,38.287],[110.5,38.166],[110.515,37.955],[110.743,37.765],[110.705,37.714],[110.795,37.658],[110.746,37.48],[110.637,37.418],[110.687,37.357],[110.665,37.282],[110.418,37.035],[110.445,37.022],[110.373,37.018],[110.418,36.967],[110.37,36.891],[110.418,36.816],[110.377,36.775],[110.441,36.727],[110.39,36.689],[110.499,36.525],[110.447,36.142],[110.62,35.597],[110.548,35.438],[110.335,35.198],[110.26,34.945],[110.252,34.663],[110.336,34.616]],[[89.678,36.082],[89.224,36.264],[88.975,36.279],[88.839,36.372],[88.277,36.449],[87.571,36.334],[87.346,36.374],[87.18,36.301],[86.475,36.224],[86.212,36.116],[86.087,35.876],[85.951,35.764],[85.729,35.766],[85.571,35.656],[85.443,35.752],[85.15,35.75],[84.563,35.559],[84.174,35.377],[84.009,35.419],[83.615,35.359],[83.122,35.404],[82.972,35.49],[82.957,35.657],[82.825,35.692],[82.71,35.65],[82.415,35.686],[82.319,35.634],[82.289,35.545],[82.066,35.434],[82.002,35.319],[81.604,35.237],[81.417,35.326],[81.21,35.317],[81.074,35.389],[81.035,35.304],[80.979,35.293],[80.486,35.404],[80.274,35.528],[80.176,35.253],[80.014,35.086],[80.038,34.99],[79.884,34.92],[79.96,34.697],[79.794,34.431],[79.481,34.471],[79.204,34.439],[78.957,34.34]],[[113.721,36.356],[113.673,36.221],[113.685,36.044],[113.59,35.787],[113.61,35.634],[113.468,35.506],[113.3,35.465],[112.903,35.241],[112.675,35.312],[112.526,35.22],[112.058,35.234],[112.038,35.046],[111.958,35.094],[111.829,35.083],[111.683,35.008],[111.558,34.863],[111.139,34.819],[110.99,34.722],[110.911,34.733],[110.884,34.666],[110.648,34.602],[110.336,34.616]],[[110.336,34.616],[110.34,34.437],[110.482,34.341],[110.434,34.261],[110.618,34.162],[110.593,34.046],[110.644,33.97],[110.594,33.88],[110.749,33.803],[110.801,33.696],[110.977,33.584],[111.016,33.374],[110.975,33.266]],[[118.175,29.408],[118.105,29.53],[118.002,29.57],[117.708,29.556],[117.637,29.613],[117.534,29.617],[117.407,29.765],[117.404,29.834],[117.246,29.836],[117.192,29.926],[117.064,29.837],[117.107,29.786],[117.086,29.715],[116.963,29.661],[116.876,29.55],[116.734,29.546],[116.648,29.627],[116.675,29.708],[116.794,29.752],[116.887,29.92],[116.702,30.056],[116.594,30.011],[116.513,29.894],[116.39,29.876],[116.265,29.789],[116.147,29.789]],[[113.902,29.066],[114.063,29.203],[114.244,29.242],[114.289,29.358],[114.463,29.317],[114.709,29.39],[114.758,29.361],[114.881,29.523],[114.932,29.5],[114.965,29.558],[115.075,29.554],[115.114,29.507],[115.14,29.588],[115.081,29.656],[115.343,29.64],[115.486,29.864],[115.705,29.861],[115.889,29.732],[116.147,29.789]],[[116.151,34.567],[116.157,34.447],[116.369,34.286],[116.573,34.279],[116.543,34.121],[116.632,33.905],[116.157,33.718],[115.968,33.908],[115.961,34],[115.662,34.054],[115.561,33.898],[115.629,33.845],[115.622,33.766],[115.574,33.75],[115.635,33.585],[115.35,33.517],[115.315,33.368],[115.349,33.263],[115.279,33.138],[115.143,33.084],[114.969,33.124],[114.887,33.083],[114.899,32.974],[115.189,32.854],[115.199,32.591],[115.38,32.554],[115.547,32.409],[115.647,32.402],[115.694,32.492],[115.79,32.471],[115.92,32.574],[115.862,32.515],[115.928,32.025],[115.901,31.794],[115.532,31.736],[115.374,31.418]],[[110.975,33.266],[111.109,33.148],[111.214,32.925],[111.498,32.693],[111.546,32.597],[111.658,32.623],[111.779,32.52],[112.304,32.345],[112.761,32.35],[113.046,32.425],[113.112,32.382],[113.219,32.41],[113.436,32.289],[113.535,32.299],[113.63,32.396],[113.729,32.419],[113.784,32.352],[113.752,32.138],[113.791,31.979],[113.872,31.847],[113.957,31.838],[113.958,31.75],[114.171,31.846],[114.362,31.734],[114.548,31.743],[114.548,31.573],[114.767,31.49],[115.038,31.486],[115.159,31.603],[115.26,31.407],[115.374,31.418]],[[116.147,29.789],[116.04,30.221],[115.877,30.376],[115.946,30.446],[115.94,30.506],[115.767,30.694],[115.781,30.763],[115.858,30.779],[115.859,30.861],[116.017,30.964],[116.035,31.031],[115.94,31.035],[115.877,31.129],[115.793,31.128],[115.656,31.222],[115.569,31.164],[115.38,31.351],[115.374,31.418]],[[15.884,13.188],[15.898,13.522],[15.84,13.643],[15.857,13.745],[15.758,13.79],[15.601,13.754],[15.59,14.077],[15.774,14.148],[16.111,14.577],[16.132,14.812],[16.489,16.037],[16.671,16.342]],[[15.884,13.188],[16,13.048],[16.448,13.051],[16.997,13.182],[17.132,13.144]],[[15.884,13.188],[15.776,13.172],[15.56,13.265]],[[13.608,14.518],[14.087,14.417],[14.357,14.135],[14.477,14.105],[14.805,13.664],[15.376,13.752],[15.56,13.265]],[[17.132,13.144],[17.202,13.251],[17.238,13.721],[17.551,13.82],[17.993,15.616]],[[17.132,13.144],[16.941,12.908],[17.039,12.83],[17.125,12.623],[17.258,12.516],[17.289,12.355],[17.384,12.209],[17.56,12.156]],[[15.56,13.265],[15.368,13.405],[15.23,13.381],[15.306,13.241],[15.383,13.199],[15.27,13.102],[15.174,13.204],[14.997,13.26],[15.043,13.098],[15.014,13.003],[14.481,13.001]],[[16.435,9.128],[16.357,9.239],[16.147,9.089],[16.001,9.114],[15.818,9.025],[15.57,8.991],[15.464,9.027]],[[16.435,9.128],[16.596,8.903],[16.513,8.753],[16.365,8.649],[16.145,8.598],[16.004,8.511],[15.814,8.316],[15.571,8.258],[15.273,8.449]],[[16.435,9.128],[16.569,9.136],[16.919,9.036],[17.105,9.07]],[[15.464,9.027],[15.377,8.883],[15.375,8.746],[15.306,8.672],[15.273,8.449]],[[15.464,9.027],[15.438,9.187]],[[17.56,12.156],[17.517,11.933],[17.626,11.715],[17.459,11.667],[17.265,11.493]],[[17.56,12.156],[17.565,12.236],[17.826,12.457],[17.987,12.482],[18.435,12.764],[19.113,12.752],[19.706,13.056],[19.99,12.971]],[[17.265,11.493],[17.296,10.584],[17.534,10.464]],[[17.265,11.493],[16.989,11.687],[16.785,11.738],[16.775,11.881],[16.673,12.004],[16.642,12.228],[16.06,12.463],[15.978,12.371],[15.713,12.351],[15.499,12.269],[15.305,12.341],[15.264,12.3],[14.904,12.249]],[[17.534,10.464],[17.33,9.816]],[[17.534,10.464],[17.827,10.474],[17.931,10.382],[18.145,10.341],[18.453,10.179],[18.607,10.021],[18.6,9.913],[18.698,9.867],[18.763,9.885],[18.795,9.995],[19.049,10.036],[19.303,10.3],[19.282,10.349],[19.379,10.469],[19.534,10.495],[19.658,10.618]],[[17.993,15.616],[17.843,15.793],[16.671,16.342]],[[17.993,15.616],[18.209,15.457],[18.48,15.384],[18.892,15.495],[19.13,15.731],[19.207,15.94],[19.221,16.182],[19.369,16.133],[19.41,15.983],[19.555,15.886],[20,15.784]],[[19.99,12.971],[20.256,13.041],[20.295,13.092]],[[19.99,12.971],[20.167,12.858],[20.175,12.804],[20.049,12.668],[20.094,12.595],[19.915,12.408],[19.82,12.087]],[[20.295,13.092],[20.239,13.886],[20,14.011],[20,14.156]],[[20.295,13.092],[20.41,13.045],[20.676,13.045],[20.686,12.913],[20.839,12.882],[20.849,12.719],[20.982,12.668],[21.237,12.678],[21.574,12.882],[21.809,12.794]],[[20,14.156],[20,15.784]],[[20,14.156],[20.288,14.441],[20.552,14.47],[20.844,14.355],[20.958,14.204],[21.168,14.101],[21.422,14.152],[21.702,14.111],[22.181,13.921]],[[19.82,12.087],[19.39,12.159],[19.219,11.999],[19.294,11.873],[19.191,11.674],[19.061,11.616],[19.003,11.707],[18.865,11.68],[18.86,11.345],[19.688,10.93],[19.658,10.618]],[[19.82,12.087],[19.868,11.974],[19.952,11.977],[19.95,12.068],[20.25,12.072],[21.029,11.65],[21.261,11.596],[21.821,11.698],[22.046,11.625],[22.365,10.954]],[[20,15.784],[20.292,15.669],[20.484,15.712]],[[15.469,16.905],[16.671,16.342]],[[20.484,15.712],[20.567,15.685],[20.833,15.799],[21.097,15.985],[21.313,15.888],[21.742,16.001],[21.916,15.944],[22.179,16],[22.271,15.931],[22.471,15.909],[22.551,15.812],[22.974,15.821],[23.066,15.788],[23.119,15.707]],[[20.484,15.712],[20.637,15.844],[20.301,16.759],[20.4,17.179],[20.424,17.97],[20.153,18.686],[20.004,19.28],[20.893,21.021]],[[15.273,8.449],[15.211,8.422]],[[15.029,11.08],[15.231,11.185],[15.343,11.17],[15.432,11.116],[15.549,10.926],[15.746,10.811],[16.134,10.746],[16.126,10.315],[16.219,10.196]],[[16.219,10.196],[16.243,10.072],[16.158,9.856],[15.974,9.683],[15.831,9.741],[15.438,9.187]],[[16.219,10.196],[16.44,10.193],[16.568,10.252],[16.633,10.096],[16.74,10.026],[17.33,9.816]],[[15.438,9.187],[15.09,9.394],[14.995,9.671],[14.738,9.666],[14.732,9.924]],[[19.658,10.618],[19.606,10.359],[19.641,10.225],[19.572,10.076],[19.932,9.063]],[[17.105,9.07],[17.117,8.784],[17.033,8.633],[17.249,8.285],[17.167,8.158],[17.08,8.137],[17.234,7.811]],[[17.105,9.07],[17.186,9.157],[17.063,9.263],[17.21,9.386],[17.204,9.568],[17.444,9.644],[17.537,9.587]],[[17.33,9.816],[17.544,9.684],[17.537,9.587]],[[-69.064,47.291],[-68.584,47.422],[-68.408,47.536],[-68.378,47.928],[-68.113,47.928],[-68.113,47.998],[-67.613,47.998],[-67.606,47.938],[-67.364,47.839],[-67.32,47.896],[-67.05,47.929],[-66.962,47.895],[-66.939,47.968],[-66.843,47.997]],[[-123.819,60],[-139.06,60]],[[-123.819,60],[-123.865,60.038],[-124.026,60.02],[-123.981,60.098],[-124.196,60.33],[-124.216,60.461],[-124.416,60.479],[-124.457,60.569],[-124.62,60.682],[-124.479,60.788],[-124.599,60.965],[-124.806,60.968],[-124.892,60.855],[-125.179,60.85],[-125.364,60.782],[-125.901,60.895],[-126.014,60.803],[-126.201,60.864],[-126.289,60.78],[-126.51,60.815],[-126.675,60.746],[-126.773,60.784],[-126.834,60.755],[-126.916,60.852],[-126.937,61.059],[-127.1,61.071],[-127.012,61.127],[-127.007,61.188],[-127.063,61.37],[-127.146,61.465],[-127.313,61.522],[-127.548,61.512],[-127.807,61.611],[-127.981,61.694],[-128.084,61.85],[-128.225,61.858],[-128.277,61.947],[-128.547,62.122],[-128.685,62.12],[-128.779,62.057],[-128.894,62.117],[-129.288,62.153],[-129.202,62.211],[-129.309,62.321],[-129.216,62.378],[-129.305,62.423],[-129.172,62.479],[-129.452,62.59],[-129.552,62.566],[-129.495,62.608],[-129.517,62.673],[-129.624,62.705],[-129.773,62.869],[-129.702,62.892],[-129.614,63.072],[-129.845,63.091],[-129.905,63.197],[-130.15,63.268],[-130.129,63.317],[-129.919,63.373],[-129.909,63.439],[-129.823,63.478],[-129.956,63.617],[-130.094,63.633],[-130.095,63.698],[-130.252,63.667],[-130.318,63.703],[-130.108,63.767],[-130.114,63.804],[-130.362,63.842],[-130.53,63.934],[-130.74,63.973],[-130.757,64.047],[-130.863,64.042],[-130.942,64.129],[-130.873,64.19],[-131.061,64.28],[-131.003,64.325],[-131.146,64.424],[-131.384,64.468],[-131.599,64.369],[-131.819,64.378],[-131.682,64.521],[-131.938,64.597],[-132.054,64.696],[-132.321,64.769],[-132.556,64.771],[-132.615,64.816],[-132.481,64.88],[-132.507,64.965],[-132.334,65.031],[-132.371,65.081],[-132.553,65.103],[-132.554,65.181],[-132.716,65.156],[-132.788,65.188],[-132.72,65.209],[-132.781,65.226],[-132.554,65.284],[-132.53,65.353],[-132.322,65.44],[-132.276,65.545],[-132.173,65.595],[-132.371,65.771],[-132.569,65.844],[-132.335,65.967],[-132.583,66.032],[-132.902,65.908],[-132.994,65.923],[-132.907,66.003],[-132.955,66.03],[-133.388,65.947],[-133.612,65.962],[-133.608,66.05],[-133.705,66.072],[-133.567,66.154],[-133.564,66.261],[-133.819,66.31],[-133.76,66.437],[-133.629,66.445],[-133.692,66.52],[-133.592,66.569],[-133.775,66.647],[-133.755,66.68],[-133.834,66.726],[-133.77,66.809],[-134.091,66.964],[-133.831,67.003],[-136.167,67.006],[-136.237,67.178],[-136.095,67.297],[-136.116,67.377],[-136.201,67.408],[-136.157,67.504],[-136.247,67.62],[-136.423,67.657],[-136.445,67.726],[-136.445,68.91]],[[-123.819,60],[-120,60]],[[-79.521,51.467],[-79.521,50.965]],[[-120,60],[-120.001,53.823],[-119.904,53.775],[-119.915,53.716],[-119.808,53.705],[-119.732,53.623],[-119.927,53.615],[-119.905,53.522],[-119.827,53.508],[-119.642,53.354],[-119.393,53.364],[-119.263,53.198],[-119.029,53.135],[-118.997,53.236],[-118.85,53.183],[-118.751,53.115],[-118.777,53.053],[-118.672,53.034],[-118.624,52.887],[-118.498,52.9],[-118.421,52.84],[-118.432,52.791],[-118.306,52.677],[-118.348,52.616],[-118.207,52.482],[-118.259,52.445],[-118.227,52.37],[-118.043,52.408],[-117.992,52.485],[-117.736,52.391],[-117.742,52.33],[-117.822,52.28],[-117.754,52.2],[-117.591,52.13],[-117.376,52.134],[-117.319,52.182],[-117.27,52.045],[-117.047,51.915],[-116.938,51.72],[-116.823,51.713],[-116.764,51.792],[-116.672,51.806],[-116.576,51.644],[-116.296,51.451],[-116.257,51.314],[-116.051,51.241],[-115.977,51.115],[-115.779,51.073],[-115.62,50.97],[-115.572,50.9],[-115.647,50.852],[-115.335,50.725],[-115.287,50.666],[-115.313,50.636],[-115.221,50.55],[-115.096,50.589],[-115,50.563],[-114.775,50.354],[-114.724,50.126],[-114.661,50.064],[-114.643,49.973],[-114.686,49.907],[-114.625,49.78],[-114.744,49.588],[-114.576,49.556],[-114.578,49.395],[-114.38,49.258],[-114.376,49.205],[-114.154,49.148],[-114.148,49.094],[-114.037,49.034],[-114.064,48.993]],[[-120,60],[-110,60]],[[-102.002,60],[-110,60]],[[-102.002,60],[-94.803,60]],[[-102.002,60],[-102.001,55.816],[-101.364,48.993]],[[-110,60],[-109.999,48.993]],[[-88.947,56.853],[-91.378,55.316],[-93.62,53.747],[-95.154,52.821],[-95.161,49.369]],[[11.188,6.291],[11.202,6.437]],[[11.188,6.291],[11.117,6.238],[11.011,6.244],[10.996,6.11],[10.922,6.049],[10.838,6.007],[10.693,6.024],[10.594,5.84],[10.324,5.803],[10.288,5.723],[10.176,5.782],[10.096,5.728]],[[11.188,6.291],[11.296,6.254],[11.292,5.993]],[[10.096,5.728],[9.976,5.763],[9.92,5.733],[9.609,5.914],[9.596,6.023],[9.796,6.161],[9.806,6.266],[9.694,6.534]],[[10.096,5.728],[10.108,5.671],[9.969,5.567],[9.87,5.357]],[[11.292,5.993],[11.616,6.07],[11.975,6.259],[12.095,6.17],[12.312,6.196],[12.523,6.002],[12.883,6]],[[11.292,5.993],[11.259,5.924],[11.314,5.79],[11.211,5.684],[11.19,5.42],[11.081,5.312],[11.082,5.195],[11.003,5.144],[10.946,4.969],[10.866,4.962],[10.797,5.016],[10.608,4.899],[10.504,4.908]],[[12.234,8.188],[12.479,7.948],[12.616,7.918],[12.644,7.755],[12.755,7.696],[13.125,7.595],[13.252,7.608],[13.295,7.708],[13.525,7.59],[13.642,7.653],[13.859,7.675],[13.903,7.599],[14.104,7.574],[14.322,7.311],[14.345,7.173],[14.492,7.165],[14.657,7.028],[15.247,7.267]],[[13.393,10.117],[13.437,10.063],[13.555,10.075],[13.669,10.119],[13.68,10.221],[13.874,10.213],[14.194,10.059],[14.196,9.979]],[[12.883,6],[13.762,6.003],[14.383,6.115],[14.433,6.079]],[[12.883,6],[12.88,5.893],[13.07,5.541],[12.967,5.32],[12.824,5.299],[13.015,5.112],[13.048,4.977],[13.187,4.923],[13.238,4.813],[13.21,4.588],[12.96,4.577],[12.889,4.53],[12.8,4.35],[12.792,4.056],[12.504,3.869],[12.612,3.751],[12.569,3.558]],[[10.504,4.908],[10.374,5.089],[10.26,5.08],[10.12,4.927],[9.998,5.119],[9.984,5.242],[9.863,5.284],[9.87,5.357]],[[10.504,4.908],[10.371,4.764],[10.371,4.705],[10.486,4.752],[10.503,4.71],[10.397,4.498],[10.591,4.434],[10.707,4.523],[10.744,4.485],[10.811,4.616],[10.915,4.626],[10.955,4.415],[11.121,4.219],[10.721,4.06],[10.627,3.752],[10.464,3.841],[10.409,3.814],[10.334,3.589],[10.248,3.554]],[[9.87,5.357],[9.754,5.289],[9.853,5.07],[9.778,5],[9.794,4.912],[9.639,4.651],[9.578,4.641],[9.522,4.556],[9.516,4.407],[9.439,4.243],[9.553,4.199],[9.503,4.102]],[[10.248,3.554],[10.296,3.355],[10.78,3.481],[10.848,3.416],[11.037,3.416],[11.217,3.134],[11.561,3.148],[11.684,3.199],[11.75,3.329],[11.899,3.462],[12.133,3.346],[12.126,3.305],[12.203,3.317],[12.27,3.478],[12.479,3.665],[12.569,3.558]],[[10.248,3.554],[10.191,3.604],[10.129,3.578],[10.025,3.344],[9.929,3.269]],[[12.569,3.558],[12.555,3.421],[12.736,3.188],[12.797,2.926],[13.106,2.846],[13.203,2.872],[13.27,2.793],[13.283,2.852],[13.432,2.786],[13.505,2.79],[13.504,2.843],[13.621,2.906],[13.662,2.158]],[[9.453,4.077],[9.332,3.922]],[[102.496,12.654],[102.739,12.742],[102.758,12.939],[102.674,13.113],[102.609,13.096],[102.577,13.006],[102.49,12.995]],[[102.33,13.485],[102.641,13.461],[102.708,13.417],[102.763,13.467],[102.964,13.408],[103.161,13.458],[103.406,13.428]],[[103.406,13.428],[103.67,13.329],[103.809,13.145]],[[103.406,13.428],[103.433,13.887]],[[103.809,13.145],[103.681,13.027],[103.703,12.971],[103.623,12.838],[103.642,12.669],[103.586,12.581],[103.319,12.585],[102.764,12.425]],[[103.809,13.145],[104.192,12.749]],[[103.864,11.908],[103.491,12.142],[103.146,11.98],[102.765,12.045]],[[103.864,11.908],[103.784,11.889],[103.8,11.665],[104.073,11.519],[104.145,11.161]],[[103.864,11.908],[103.945,11.982],[103.995,11.946],[104.071,11.975],[104.112,12.081],[104.199,12.108]],[[103.017,14.239],[103.193,14.119],[103.184,14.054],[103.264,14.001],[103.33,14.064],[103.433,13.887]],[[103.433,13.887],[103.673,13.986],[103.813,14.125],[104.074,14.245],[104.045,14.357]],[[104.405,12.551],[104.342,12.344],[104.192,12.239],[104.199,12.108]],[[104.405,12.551],[104.192,12.749]],[[104.405,12.551],[104.504,12.519],[104.63,12.601],[104.83,12.533],[104.864,12.377],[104.915,12.375],[104.852,12.3],[104.887,12.235]],[[104.199,12.108],[104.374,11.791],[104.518,11.736],[104.761,11.823]],[[104.192,12.749],[104.384,12.918],[104.47,13.082],[104.484,13.222],[104.563,13.284]],[[104.887,12.235],[104.867,12.081],[104.912,11.986],[104.863,11.98],[104.819,11.892]],[[104.887,12.235],[104.969,12.259],[105.199,12.192],[105.137,12.365],[105.168,12.39],[105.347,12.352],[105.4,12.484],[105.508,12.458],[105.752,12.508]],[[105.546,13.469],[105.578,13.27]],[[105.546,13.469],[104.997,13.115],[104.894,13.151],[104.895,13.336],[104.727,13.359],[104.563,13.284]],[[105.546,13.469],[105.58,13.637],[105.529,13.84],[105.896,13.925]],[[105.578,13.27],[105.752,12.508]],[[105.578,13.27],[105.895,13.117],[106.025,13.207],[106.112,13.352],[106.362,13.422]],[[104.563,13.284],[104.584,13.434],[104.681,13.576],[104.422,13.604],[104.423,13.754],[104.353,13.858],[104.498,14.193],[104.439,14.256],[104.459,14.357]],[[105.752,12.508],[105.781,12.343],[105.75,12.264],[106.014,12.179],[106.057,12.091],[106.166,12.031],[106.163,11.96],[106.395,11.966]],[[106.362,13.422],[106.609,13.336]],[[106.362,13.422],[106.365,13.268],[106.44,13.167],[106.362,13.153],[106.351,13.095],[106.606,12.923],[106.62,12.86],[106.419,12.723],[106.37,12.525],[106.553,12.412],[106.597,12.315],[106.761,12.237],[106.791,12.067]],[[105.793,11.583],[105.678,11.515],[105.664,11.26],[105.622,11.231],[105.589,11.012],[105.617,10.971]],[[104.819,11.892],[104.761,11.823]],[[104.819,11.892],[104.899,11.81],[104.999,11.889],[105.074,11.822],[105.053,11.772],[105.155,11.747]],[[105.155,11.747],[105.329,11.869],[105.46,11.773],[105.826,11.695],[105.821,11.641]],[[106.609,13.336],[106.554,13.562],[106.665,13.826],[106.587,14.124],[106.622,14.458]],[[106.609,13.336],[106.868,13.165],[107.045,13.172],[107.082,13.318],[107.203,13.315],[107.254,13.37],[107.38,13.278],[107.469,13.331],[107.575,13.294]],[[103.942,10.989],[103.793,10.9],[103.689,10.743]],[[103.942,10.989],[104.145,11.161]],[[104.761,11.823],[104.651,11.446],[104.784,11.415],[104.744,11.355]],[[104.744,11.355],[104.931,11.335],[104.936,11.265],[105.027,11.17],[105.039,10.923]],[[104.744,11.355],[104.674,11.1],[104.438,11.121]],[[104.145,11.161],[104.438,11.121]],[[104.438,11.121],[104.444,11.064],[104.537,11.026],[104.547,10.901],[104.703,10.889],[104.739,10.793],[104.676,10.696],[104.701,10.524]],[[-38.235,-9.33],[-38.314,-9.132],[-38.287,-9.013],[-38.481,-9],[-38.485,-8.837],[-38.564,-8.829],[-38.645,-8.977],[-38.706,-8.841],[-38.797,-8.786],[-38.968,-8.789],[-39.221,-8.677],[-39.288,-8.561],[-39.382,-8.529],[-39.68,-8.65],[-39.69,-8.782],[-39.883,-8.818],[-39.889,-8.959],[-39.969,-9.043],[-40.114,-9.103],[-40.25,-9.071],[-40.335,-9.361],[-40.424,-9.364],[-40.633,-9.488],[-40.758,-9.453],[-40.69,-9.344],[-40.704,-9.222],[-40.853,-9.152],[-40.899,-8.844],[-40.997,-8.775],[-41.09,-8.785],[-41.122,-8.713],[-41.371,-8.712]],[[-38.235,-9.33],[-38.19,-9.42],[-38.021,-9.473],[-37.997,-9.527]],[[-40.538,-7.39],[-40.151,-7.418],[-39.929,-7.356],[-39.654,-7.373],[-39.345,-7.551],[-39.263,-7.67],[-39.115,-7.745],[-39.073,-7.854],[-38.968,-7.848],[-38.869,-7.707],[-38.697,-7.62]],[[-40.538,-7.39],[-40.677,-7.413],[-40.695,-7.48],[-40.621,-7.638],[-40.66,-7.76],[-40.539,-7.849],[-40.584,-8.116],[-40.829,-8.362],[-40.886,-8.348],[-40.918,-8.432],[-41.024,-8.424],[-41.211,-8.635],[-41.371,-8.712]],[[-40.538,-7.39],[-40.581,-7.195],[-40.414,-6.818],[-40.468,-6.74],[-40.71,-6.661],[-40.782,-6.468],[-40.794,-6.281],[-40.891,-6.011],[-40.942,-5.431],[-41.07,-5.307],[-41.06,-5.169],[-41.181,-4.938],[-41.244,-4.616],[-41.225,-4.518],[-41.074,-4.326],[-41.087,-4.258],[-41.229,-4.044],[-41.449,-3.437],[-41.248,-3.012]],[[-38.697,-7.62],[-38.526,-7.768],[-38.354,-7.7],[-38.295,-7.836],[-38.187,-7.822],[-38.146,-7.768],[-38.081,-7.821],[-38.064,-7.759],[-37.961,-7.768],[-37.875,-7.665],[-37.548,-7.475],[-37.477,-7.364],[-37.254,-7.27],[-37.023,-7.394],[-36.993,-7.483],[-37.197,-7.573],[-37.168,-7.775],[-37.347,-7.992],[-37.15,-7.978],[-37.124,-8.174],[-36.963,-8.284],[-36.767,-8.214],[-36.632,-8.091],[-36.659,-8.013],[-36.626,-7.966],[-36.447,-7.909],[-36.416,-7.821],[-36.266,-7.825],[-36.217,-7.782],[-36.168,-7.823],[-36.106,-7.775],[-36.068,-7.83],[-35.929,-7.84],[-35.861,-7.795],[-35.892,-7.729],[-35.856,-7.757],[-35.556,-7.654],[-35.492,-7.454],[-35.385,-7.464],[-35.27,-7.381],[-35.107,-7.396],[-34.893,-7.543]],[[-38.697,-7.62],[-38.531,-7.307],[-38.549,-7.236],[-38.677,-7.157],[-38.74,-6.914],[-38.623,-6.779],[-38.646,-6.675],[-38.526,-6.382]],[[-41.371,-8.712],[-41.5,-8.935],[-41.743,-8.989],[-41.734,-9.139],[-41.85,-9.253],[-42.043,-9.208],[-42.15,-9.295],[-42.319,-9.312],[-42.486,-9.499],[-42.584,-9.489],[-42.622,-9.566],[-42.724,-9.524],[-42.85,-9.549],[-42.935,-9.512],[-42.937,-9.45],[-43.113,-9.374],[-43.362,-9.428],[-43.457,-9.303],[-43.517,-9.36],[-43.626,-9.341],[-43.696,-9.446],[-43.821,-9.432],[-43.83,-9.501],[-43.679,-9.851],[-43.707,-10.05],[-43.915,-10.431],[-44.217,-10.63],[-44.407,-10.589],[-44.543,-10.631],[-44.743,-10.772],[-44.813,-10.876],[-45.058,-10.896],[-45.322,-10.779],[-45.516,-10.415],[-45.603,-10.332],[-45.758,-10.331]],[[-46.023,-14.869],[-45.915,-14.709],[-45.966,-14.514],[-45.92,-14.351],[-46.126,-14.189],[-46.223,-13.998],[-46.275,-13.75],[-46.196,-13.419],[-46.08,-13.328],[-46.079,-13.255],[-46.176,-13.216],[-46.18,-13.159],[-46.157,-13.036],[-46.062,-12.953],[-46.234,-12.797]],[[-46.023,-14.869],[-46.095,-14.932],[-46.288,-14.912],[-46.371,-14.785],[-46.511,-14.712],[-46.582,-14.801],[-46.567,-15.057],[-46.616,-15.077],[-46.769,-15.009],[-46.879,-15.034],[-46.93,-15.229],[-46.855,-15.324],[-46.937,-15.432],[-46.929,-15.551],[-46.868,-15.591],[-46.836,-15.864],[-47.129,-15.921],[-47.219,-16.029],[-47.302,-16.04]],[[-46.023,-14.869],[-45.975,-14.998],[-46.073,-15.247],[-45.926,-15.127],[-45.747,-15.144],[-45.558,-14.939],[-45.406,-14.911],[-45.224,-14.74],[-44.882,-14.598],[-44.836,-14.519],[-44.563,-14.345],[-44.321,-14.246],[-44.002,-14.273],[-43.792,-14.344],[-43.883,-14.562],[-43.835,-14.691],[-43.492,-14.789],[-43.282,-14.653],[-43.16,-14.635],[-42.953,-14.679],[-42.649,-14.932],[-42.569,-14.934],[-42.286,-15.099],[-42.166,-15.108],[-42.087,-15.182],[-41.801,-15.11],[-41.361,-15.495],[-41.322,-15.742],[-41.14,-15.779],[-40.945,-15.674],[-40.813,-15.687],[-40.75,-15.743],[-40.651,-15.719],[-40.545,-15.799],[-40.219,-15.823],[-40.17,-15.897],[-39.935,-16.001],[-39.861,-16.136],[-39.941,-16.313],[-40.057,-16.395],[-40.137,-16.544],[-40.266,-16.581],[-40.247,-16.84],[-40.309,-16.882],[-40.476,-16.869],[-40.521,-16.921],[-40.61,-17.392],[-40.517,-17.364],[-40.488,-17.554],[-40.407,-17.562],[-40.207,-17.766],[-40.207,-17.979]],[[-46.234,-12.797],[-46.16,-12.503],[-46.317,-12.424],[-46.339,-12.13],[-46.071,-11.921],[-46.137,-11.844],[-46.261,-11.841],[-46.276,-11.776],[-46.105,-11.666],[-46.085,-11.601],[-46.442,-11.495],[-46.571,-11.316],[-46.37,-10.97],[-46.232,-10.898],[-46.302,-10.758],[-45.843,-10.458],[-45.758,-10.331]],[[-46.234,-12.797],[-46.619,-12.904],[-46.778,-13.055],[-47.092,-13.095],[-47.533,-13.298],[-47.662,-13.104],[-47.725,-13.168],[-47.667,-13.356],[-48.169,-13.18],[-48.166,-13.065],[-48.385,-13.192],[-48.644,-13.163],[-48.682,-13.331],[-48.744,-13.385],[-48.798,-12.929],[-49.008,-12.74],[-49.004,-12.654],[-49.138,-12.735],[-49.398,-13.25],[-49.684,-13.176],[-50.258,-12.921],[-50.273,-12.773],[-50.126,-12.456],[-50.15,-12.4],[-50.351,-12.542],[-50.484,-12.845]],[[-47.302,-16.04],[-47.359,-15.975],[-47.306,-15.595],[-47.423,-15.498],[-48.191,-15.503],[-48.24,-15.693],[-48.203,-15.735],[-48.277,-15.829],[-48.252,-16.031],[-47.302,-16.04]],[[-47.302,-16.04],[-47.327,-16.248],[-47.453,-16.499],[-47.267,-16.662],[-47.151,-16.978],[-47.223,-17.012],[-47.21,-17.076],[-47.334,-17.158],[-47.438,-17.34],[-47.5,-17.33],[-47.531,-17.455],[-47.473,-17.528],[-47.399,-17.5],[-47.271,-17.581],[-47.268,-17.665],[-47.356,-17.831],[-47.278,-18.06],[-47.915,-18.453],[-48.26,-18.349],[-48.952,-18.326],[-49.156,-18.422],[-49.377,-18.631],[-49.514,-18.496],[-49.798,-18.623],[-50.017,-18.617],[-50.298,-18.7],[-50.502,-18.931],[-50.487,-19.015],[-50.545,-19.109],[-50.674,-19.122],[-50.844,-19.295],[-50.881,-19.411],[-50.839,-19.463],[-50.961,-19.474]],[[-53.054,-18.017],[-53.033,-18.357],[-52.988,-18.388],[-52.894,-18.348],[-52.769,-18.412],[-52.896,-18.665],[-52.76,-18.71],[-52.483,-18.707],[-52.356,-18.81],[-52.231,-18.821],[-51.842,-19.048],[-51.113,-19.293],[-50.961,-19.474]],[[-53.054,-18.017],[-53.728,-18.008],[-53.977,-17.933],[-53.875,-17.705],[-53.754,-17.651],[-53.689,-17.25],[-53.822,-17.306],[-54.128,-17.624],[-54.384,-17.676],[-54.421,-17.581],[-54.607,-17.505],[-54.752,-17.538],[-54.915,-17.655],[-55.181,-17.686],[-55.536,-17.501],[-55.632,-17.381],[-55.788,-17.352],[-56.119,-17.187],[-56.417,-17.316],[-56.756,-17.318],[-57.083,-17.763],[-57.418,-17.864],[-57.471,-17.947],[-57.474,-17.892],[-57.602,-17.818],[-57.634,-17.741],[-57.724,-17.737]],[[-53.054,-18.017],[-53.245,-17.592],[-53.203,-17.282],[-53.038,-17.038],[-53.019,-16.868],[-52.712,-16.651],[-52.616,-16.426],[-52.676,-16.383],[-52.675,-16.301],[-52.539,-16.233],[-52.532,-16.152],[-52.334,-16.046],[-52.231,-15.899],[-51.872,-15.793],[-51.774,-15.611],[-51.793,-15.539],[-51.712,-15.474],[-51.64,-15.179],[-51.412,-14.995],[-51.32,-14.956],[-51.255,-15.015],[-51.1,-14.888],[-50.97,-14.519],[-50.998,-14.399],[-50.925,-14.122],[-50.846,-14.084],[-50.866,-13.716],[-50.796,-13.676],[-50.574,-13.247],[-50.588,-13.079],[-50.499,-12.959],[-50.484,-12.845]],[[-50.961,-19.474],[-50.937,-19.549],[-50.989,-19.583],[-51.026,-19.725],[-50.994,-20.102]],[[-50.484,-12.845],[-50.599,-12.805],[-50.675,-12.615],[-50.612,-12.431],[-50.683,-12.042],[-50.644,-11.89],[-50.713,-11.739],[-50.65,-11.608],[-50.741,-11.471],[-50.612,-11.061],[-50.599,-10.657],[-50.519,-10.558],[-50.493,-10.418],[-50.406,-10.299],[-50.391,-10.136],[-50.236,-9.844]],[[-50.994,-20.102],[-50.49,-19.782],[-50.338,-19.869],[-49.273,-19.968],[-49.243,-19.989],[-49.295,-20.026],[-49.298,-20.144],[-49.216,-20.294],[-49.149,-20.295],[-49.042,-20.143],[-49.003,-20.151],[-48.969,-20.401],[-48.901,-20.439],[-48.867,-20.407],[-48.889,-20.261],[-48.819,-20.151],[-48.401,-20.11],[-48.243,-20.138],[-48.223,-20.014],[-48.072,-20.151],[-48.006,-20.113],[-47.989,-20.028],[-47.927,-20.114],[-47.882,-20.1],[-47.853,-19.983],[-47.715,-19.975],[-47.636,-20.039],[-47.469,-19.959],[-47.439,-20.036],[-47.235,-20.206],[-47.292,-20.438],[-47.145,-20.532],[-47.109,-20.641],[-47.224,-20.908],[-47.145,-20.98],[-47.13,-21.123],[-47.052,-21.203],[-47.001,-21.401],[-46.647,-21.37],[-46.51,-21.454],[-46.519,-21.603],[-46.669,-21.813],[-46.617,-21.99],[-46.698,-22.073],[-46.601,-22.133],[-46.705,-22.307],[-46.653,-22.404],[-46.386,-22.532],[-46.396,-22.627],[-46.476,-22.671],[-46.357,-22.757],[-46.349,-22.863],[-46.15,-22.849],[-46.122,-22.893],[-45.915,-22.818],[-45.864,-22.862],[-45.787,-22.849],[-45.726,-22.745],[-45.809,-22.708],[-45.712,-22.645],[-45.726,-22.589],[-45.648,-22.588],[-45.663,-22.651],[-45.583,-22.617],[-45.519,-22.649],[-45.447,-22.596],[-45.399,-22.651],[-45.115,-22.49],[-44.831,-22.406]],[[-50.994,-20.102],[-51.087,-20.263],[-51.326,-20.362],[-51.58,-20.596],[-51.632,-20.877],[-51.871,-21.144],[-51.867,-21.343],[-51.981,-21.479],[-52.104,-21.523],[-52.044,-21.666],[-52.304,-21.925],[-52.369,-22.099],[-52.843,-22.421],[-52.967,-22.459],[-53.168,-22.702]],[[-44.831,-22.406],[-44.758,-22.432],[-44.628,-22.605],[-44.22,-22.589],[-44.162,-22.681],[-44.274,-22.82],[-44.586,-22.877],[-44.792,-22.984],[-44.802,-23.127],[-44.865,-23.228],[-44.728,-23.352]],[[-44.831,-22.406],[-44.431,-22.252],[-44.24,-22.258],[-43.785,-22.056],[-43.47,-22.058],[-43.328,-22.002],[-43.134,-22.024],[-43.138,-22.097],[-42.312,-21.735],[-42.265,-21.667],[-42.369,-21.634],[-42.367,-21.594],[-42.097,-21.011],[-42.138,-20.956],[-41.975,-20.923],[-41.864,-20.777]],[[-45.758,-10.331],[-45.946,-10.318]],[[-45.946,-10.318],[-46.087,-10.208],[-46.348,-10.17],[-46.467,-10.013],[-46.495,-9.869],[-46.669,-9.746],[-46.541,-9.511],[-46.807,-9.362],[-46.89,-9.104],[-47.084,-9.027],[-46.902,-8.827],[-46.922,-8.737],[-46.827,-8.467],[-46.718,-8.407],[-46.49,-8.391],[-46.543,-8.312],[-46.468,-8.081],[-46.487,-7.971],[-46.606,-7.899],[-47.022,-8.039],[-47.408,-7.533],[-47.467,-7.53],[-47.505,-7.447],[-47.591,-7.446],[-47.489,-7.381],[-47.486,-7.302],[-47.588,-7.268],[-47.645,-7.308],[-47.741,-7.193],[-47.64,-7.158],[-47.503,-6.983],[-47.488,-6.698],[-47.377,-6.277],[-47.497,-5.527],[-47.723,-5.392],[-47.839,-5.383],[-47.9,-5.253],[-48.112,-5.266],[-48.338,-5.164],[-48.498,-5.187],[-48.6,-5.322],[-48.678,-5.308],[-48.723,-5.355]],[[-45.946,-10.318],[-45.954,-10.18],[-45.86,-10.001],[-45.837,-9.533],[-45.796,-9.461],[-45.907,-9.295],[-45.978,-8.905],[-45.766,-8.606],[-45.735,-8.433],[-45.577,-8.152],[-45.472,-7.674],[-45.298,-7.558],[-44.908,-7.444],[-44.816,-7.364],[-44.697,-7.391],[-44.5,-7.179],[-44.297,-7.103],[-44.162,-6.887],[-44.094,-6.856],[-44.108,-6.819],[-44.063,-6.829],[-43.974,-6.74],[-43.675,-6.701],[-43.422,-6.844],[-43.198,-6.755],[-42.997,-6.761],[-42.916,-6.669],[-42.83,-6.352],[-42.85,-6.254],[-43.053,-6.098],[-43.103,-5.924],[-43.102,-5.623],[-42.849,-5.34],[-42.802,-5.181],[-42.857,-4.924],[-42.952,-4.777],[-42.949,-4.659],[-42.863,-4.499],[-42.898,-4.404],[-42.966,-4.373],[-42.991,-4.24],[-42.725,-3.911],[-42.663,-3.672],[-42.501,-3.451],[-42.217,-3.434],[-42.1,-3.303],[-42.117,-3.269],[-41.95,-3.176],[-41.813,-2.955],[-41.868,-2.854],[-41.843,-2.765]],[[-37.997,-9.527],[-37.566,-9.727],[-37.319,-9.79],[-37.227,-9.889],[-37.042,-9.976],[-36.983,-9.967],[-36.931,-10.119],[-36.725,-10.258],[-36.62,-10.254],[-36.566,-10.411],[-36.454,-10.411],[-36.406,-10.5]],[[-63.387,2.236],[-63.289,2.159],[-63.148,2.178],[-63.049,2.042],[-62.848,2.019],[-62.694,1.925],[-62.714,1.727],[-62.787,1.603],[-62.615,1.4],[-62.446,0.805],[-62.545,0.712],[-62.481,0.52],[-62.568,0.247],[-62.526,0.095],[-62.586,-0.011],[-62.382,-0.31],[-62.304,-0.61],[-62.387,-0.72],[-62.496,-0.695],[-62.506,-0.773],[-62.198,-1.051],[-62.028,-1.144],[-61.865,-1.383],[-61.761,-1.359],[-61.602,-1.418],[-61.622,-1.285],[-61.532,-0.729],[-61.217,-0.495],[-60.931,-0.555],[-60.737,-0.85],[-60.524,-0.834],[-60.477,-0.746],[-60.314,-0.688],[-60.386,-0.464],[-60.223,-0.054],[-60.048,0.212],[-58.871,0.225]],[[-58.871,0.225],[-58.972,1.312]],[[-58.871,0.225],[-58.854,-0.352],[-58.73,-0.447],[-58.738,-0.652],[-58.628,-0.765],[-58.448,-0.848],[-58.39,-1.049],[-57.667,-1.584],[-57.406,-1.709],[-57.255,-1.716],[-57.242,-1.766],[-57.088,-1.812],[-56.992,-1.945],[-56.753,-2.036],[-56.739,-2.181],[-56.635,-2.222],[-56.499,-2.162],[-56.477,-2.256],[-56.312,-2.236],[-56.399,-2.304],[-56.39,-2.391],[-58.294,-6.497],[-58.466,-6.702],[-58.421,-6.913],[-58.217,-7.11],[-58.135,-7.339]],[[-73.807,-7.118],[-72.664,-7.592],[-70.371,-8.157],[-66.831,-9.838]],[[-66.831,-9.838],[-66.492,-9.625],[-66.394,-9.51],[-66.388,-9.401],[-65.953,-9.404],[-65.753,-9.57],[-65.563,-9.414],[-65.451,-9.455],[-65.211,-9.253],[-65.154,-9.406],[-65.067,-9.426],[-64.907,-9.224],[-64.92,-9.109],[-64.779,-8.987],[-64.597,-9.026],[-64.373,-8.936],[-64.12,-8.957],[-64.134,-8.694],[-64.005,-8.685],[-63.922,-8.545],[-63.989,-8.429],[-63.9,-8.318],[-63.741,-8.278],[-63.736,-8.198],[-63.584,-8.159],[-63.538,-8],[-62.757,-8.043],[-62.555,-8.287],[-62.54,-8.363],[-62.381,-8.374],[-62.3,-8.581],[-62.176,-8.601],[-62.124,-8.78],[-61.905,-8.873],[-61.838,-8.745],[-61.732,-8.692],[-61.619,-8.711],[-61.611,-8.769]],[[-66.831,-9.838],[-66.649,-9.916]],[[-61.611,-8.769],[-61.484,-8.904],[-61.558,-9.097],[-61.531,-9.225],[-61.593,-9.242],[-61.611,-9.32],[-61.482,-9.628],[-61.564,-9.727],[-61.519,-9.874],[-61.579,-10.131],[-61.471,-10.435],[-61.51,-10.989],[-60.441,-11.003],[-60.37,-11.109],[-60.289,-11.077],[-60.002,-11.144],[-59.911,-11.384],[-60.101,-11.6],[-60.101,-11.745],[-60.069,-11.894],[-59.983,-11.917],[-59.896,-12.102],[-59.823,-12.408],[-60.042,-12.875],[-60.266,-13.056],[-60.384,-13.42],[-60.726,-13.663]],[[-61.611,-8.769],[-58.545,-8.748],[-58.481,-8.705],[-58.42,-8.551],[-58.44,-8.422],[-58.305,-8.105],[-58.379,-7.818],[-58.224,-7.622],[-58.216,-7.432],[-58.135,-7.339]],[[-37.236,-4.83],[-37.583,-4.95],[-37.721,-5.063],[-37.915,-5.463],[-38.048,-5.614],[-38.139,-5.895],[-38.3,-6.074],[-38.457,-6.083],[-38.58,-6.262],[-38.607,-6.397],[-38.526,-6.382]],[[-38.526,-6.382],[-38.497,-6.347],[-38.484,-6.398],[-38.288,-6.504],[-38.13,-6.52],[-37.844,-6.341],[-37.75,-6.169],[-37.217,-6.026],[-37.175,-6.117],[-37.382,-6.364],[-37.43,-6.518],[-37.507,-6.554],[-37.521,-6.671],[-37.296,-6.715],[-37.231,-6.823],[-36.997,-6.709],[-36.805,-6.761],[-36.743,-6.824],[-36.771,-6.931],[-36.722,-6.978],[-36.537,-6.879],[-36.502,-6.783],[-36.535,-6.638],[-36.443,-6.623],[-36.508,-6.406],[-36.383,-6.303],[-36.292,-6.305],[-36.252,-6.414],[-35.963,-6.462],[-35.657,-6.426],[-35.306,-6.528],[-34.963,-6.503]],[[-41.864,-20.777],[-41.796,-20.531],[-41.85,-20.342],[-41.729,-20.209],[-41.37,-20.191],[-41.305,-19.954],[-41.185,-19.865],[-41.157,-19.66],[-41.037,-19.563],[-41.045,-19.491],[-40.958,-19.466],[-40.945,-19.141],[-41.052,-19.046],[-41.053,-18.93],[-41.24,-18.843],[-41.17,-18.806],[-40.959,-18.823],[-40.918,-18.78],[-40.934,-18.679],[-41.028,-18.65],[-41.009,-18.425],[-41.089,-18.356],[-41.149,-18.389],[-41.139,-18.284],[-40.932,-18.106],[-40.769,-18.146],[-40.911,-17.949],[-40.792,-17.974],[-40.526,-17.9],[-40.466,-17.93],[-40.441,-17.874],[-40.207,-17.979]],[[-58.135,-7.339],[-57.98,-7.53],[-57.788,-8.036],[-57.644,-8.216],[-57.68,-8.446],[-57.591,-8.745],[-57.093,-9.058],[-57.06,-9.219],[-56.837,-9.273],[-56.77,-9.398],[-56.678,-9.377],[-56.467,-9.475],[-50.236,-9.844]],[[-50.236,-9.844],[-50.15,-9.7],[-50.054,-9.319],[-49.755,-8.923],[-49.565,-8.811],[-49.381,-8.437],[-49.305,-8.368],[-49.163,-7.804],[-49.348,-7.679],[-49.39,-7.547],[-49.189,-7.247],[-49.216,-6.925],[-49.011,-6.781],[-48.668,-6.649],[-48.606,-6.435],[-48.501,-6.351],[-48.38,-6.36],[-48.425,-6.157],[-48.284,-6.098],[-48.333,-5.976],[-48.228,-5.935],[-48.297,-5.749],[-48.142,-5.646],[-48.209,-5.539],[-48.297,-5.517],[-48.377,-5.394],[-48.556,-5.413],[-48.723,-5.355]],[[-40.207,-17.979],[-39.673,-18.323]],[[-48.723,-5.355],[-47.801,-4.596],[-47.661,-4.608],[-47.581,-4.547],[-47.365,-4.254],[-47.311,-4.067],[-47.079,-3.877],[-47.03,-3.569],[-46.968,-3.526],[-46.945,-3.398],[-46.824,-3.328],[-46.701,-3.149],[-46.637,-2.997],[-46.646,-2.892],[-46.571,-2.851],[-46.659,-2.716],[-46.431,-2.527],[-46.427,-2.245],[-46.367,-2.248],[-46.28,-2.141],[-46.209,-1.822],[-46.304,-1.803],[-46.317,-1.741],[-46.201,-1.679],[-46.201,-1.484],[-46.125,-1.346],[-46.166,-1.302],[-46.085,-1.21]],[[-53.168,-22.702],[-53.585,-22.903],[-53.725,-23.296],[-53.968,-23.444],[-54.077,-23.949],[-54.246,-24.05]],[[-53.842,-27.164],[-53.677,-27.154],[-53.653,-27.216],[-53.588,-27.175],[-53.518,-27.195],[-53.486,-27.114],[-53.446,-27.138],[-53.369,-27.072],[-53.283,-27.106],[-53.29,-27.198],[-53.176,-27.182],[-53.149,-27.133],[-53.088,-27.161],[-53.018,-27.083],[-52.994,-27.222],[-52.945,-27.163],[-52.927,-27.202],[-52.869,-27.161],[-52.699,-27.274],[-52.486,-27.257],[-52.448,-27.216],[-52.416,-27.271],[-52.406,-27.239],[-52.315,-27.296],[-52.273,-27.243],[-52.232,-27.319],[-52.179,-27.268],[-52.111,-27.329],[-52.02,-27.329],[-51.951,-27.387],[-52.012,-27.394],[-51.877,-27.52],[-51.861,-27.476],[-51.779,-27.524],[-51.779,-27.49],[-51.676,-27.476],[-51.563,-27.524],[-51.551,-27.571],[-51.466,-27.562],[-51.227,-27.768],[-51.08,-27.821],[-50.886,-28.025],[-50.867,-28.127],[-50.792,-28.134],[-50.621,-28.374],[-50.162,-28.484],[-50.134,-28.443],[-50.048,-28.48],[-49.757,-28.47],[-49.704,-28.609],[-49.78,-28.61],[-49.92,-28.717],[-50.003,-29.098],[-50.07,-29.093],[-50.162,-29.19],[-50.168,-29.284],[-50.046,-29.354],[-50.094,-29.252],[-49.955,-29.194],[-49.714,-29.324]],[[23.058,-23.311],[19.98,-23.309]],[[23.058,-23.311],[25.242,-23.319],[25.439,-22.952]],[[23.058,-23.311],[23.043,-23.397],[22.955,-23.463],[22.959,-23.566],[23.032,-23.57],[23.05,-23.643],[23.053,-23.999]],[[23.881,-21],[20.981,-21]],[[23.881,-21],[25.439,-22.952]],[[23.881,-21],[23.884,-20.297],[23.995,-20.3],[24.157,-20.199],[24.402,-20.403],[25.156,-20.338],[25.168,-20.073],[24.992,-19.996],[24.991,-19],[25.967,-19]],[[25.439,-22.952],[25.732,-23.31],[25.841,-23.349],[26.02,-23.566]],[[23.053,-23.999],[23.056,-24.846],[24.075,-24.851],[24.23,-25.004],[24.25,-25.501],[24.399,-25.646],[24.487,-25.673],[24.501,-25.758]],[[23.053,-23.999],[24.64,-24.461]],[[25.835,-24.623],[25.687,-24.769]],[[25.835,-24.623],[25.951,-24.507]],[[25.835,-24.623],[25.857,-24.708],[25.957,-24.707],[26.033,-24.559]],[[25.687,-24.769],[24.814,-24.512]],[[25.687,-24.769],[25.599,-25.001],[25.66,-25.025],[25.542,-25.402],[25.653,-25.463]],[[25.951,-24.507],[25.886,-24.431],[25.957,-24.177],[26.02,-23.566]],[[25.951,-24.507],[26.033,-24.559]],[[24.64,-24.461],[24.814,-24.512]],[[24.64,-24.461],[24.638,-24.66],[24.821,-24.652],[24.814,-24.512]],[[26.02,-23.566],[26.717,-23.948],[26.89,-23.769],[26.965,-23.747]],[[26.033,-24.559],[26.166,-24.661]],[[18.287,44.575],[18.305,44.426],[18.507,44.305],[18.535,44.201],[18.763,44.149]],[[18.587,44.049],[18.441,44.111],[18.339,44.063],[18.327,44.005],[18.195,43.987],[18.147,43.907]],[[18.147,43.907],[18.16,43.842],[18.007,43.775]],[[18.147,43.907],[17.997,44.005],[17.911,44.128],[17.806,44.168],[17.792,44.305],[17.733,44.375]],[[18.609,43.684],[18.553,43.617],[18.39,43.594]],[[18.007,43.775],[18.042,43.693],[18.149,43.677],[18.209,43.599],[18.383,43.588]],[[18.007,43.775],[17.89,43.837],[17.716,43.814],[17.459,43.86]],[[17.531,43.65],[17.602,43.59],[17.537,43.525],[17.705,43.426],[17.75,43.304],[17.585,43.292],[17.664,43.187],[17.598,43.073]],[[17.531,43.65],[17.499,43.587],[17.062,43.528]],[[17.531,43.65],[17.391,43.745],[17.383,43.842],[17.459,43.86]],[[17.459,43.86],[17.328,43.945],[17.249,44.068]],[[16.526,44.455],[16.479,44.407],[16.206,44.351]],[[-66.99,-17.551],[-67.12,-17.403],[-67.302,-17.445],[-67.751,-17.727],[-67.733,-17.814],[-67.786,-17.865],[-68.14,-17.659],[-68.447,-17.652],[-68.552,-17.695],[-68.817,-17.94],[-69.082,-18.039]],[[-66.99,-17.551],[-66.842,-17.468],[-66.897,-17.175],[-67.012,-17.026],[-66.932,-16.835],[-66.758,-16.741],[-66.816,-16.483],[-66.8,-16.283],[-66.95,-16.058],[-66.934,-15.845],[-66.784,-15.699]],[[-66.99,-17.551],[-66.808,-17.688],[-66.625,-17.991]],[[-66.928,-12.382],[-66.949,-12.671],[-67.052,-13.016],[-67.12,-13.037],[-67.396,-13.402],[-67.361,-13.574],[-67.493,-13.771],[-67.536,-13.998],[-67.504,-14.259],[-67.568,-14.33],[-67.488,-14.512],[-67.536,-14.599],[-67.428,-14.754],[-67.418,-14.968],[-67.281,-15.024],[-67.116,-15.29],[-67.107,-15.4],[-66.784,-15.699]],[[-66.928,-12.382],[-67.974,-11.905],[-68.013,-11.97],[-68.215,-12.02],[-68.246,-12.154],[-68.39,-12.242],[-68.477,-12.417],[-68.582,-12.407],[-68.63,-12.491],[-68.689,-12.493]],[[-66.928,-12.382],[-66.877,-12.065],[-66.975,-11.869],[-66.888,-11.818],[-66.905,-11.735],[-66.729,-11.675],[-66.679,-11.449],[-66.497,-11.442],[-66.255,-11.332],[-66.218,-11.098],[-66.147,-11.081],[-66.045,-10.868],[-66.108,-10.841],[-66.012,-10.789],[-65.895,-10.812],[-65.922,-10.682],[-65.856,-10.723],[-65.786,-10.701],[-65.761,-10.564],[-65.674,-10.572],[-65.395,-10.392]],[[-66.784,-15.699],[-66.504,-15.972],[-66.239,-16.317],[-65.886,-16.466],[-65.36,-16.324],[-65.164,-15.907],[-64.658,-15.85]],[[-66.625,-17.991],[-66.735,-18.054],[-66.742,-18.198],[-66.522,-18.253],[-66.676,-18.351],[-66.689,-18.5],[-66.532,-18.681],[-66.273,-18.777],[-66.046,-19.192],[-66.454,-19.242],[-66.728,-19.441],[-67.687,-19.826],[-68.577,-19.565]],[[-66.625,-17.991],[-66.346,-17.989],[-66.175,-17.867],[-66.019,-17.862],[-65.94,-17.981],[-65.843,-17.968],[-65.765,-18.026],[-65.344,-18.423]],[[-64.658,-15.85],[-63.321,-15.917],[-63.421,-15.857],[-63.499,-15.692],[-63.67,-15.58],[-63.863,-15.298],[-63.95,-15.086],[-63.963,-14.737],[-63.57,-14.619],[-61.593,-13.507]],[[-64.658,-15.85],[-64.704,-15.875],[-64.676,-15.922],[-64.731,-15.922],[-64.662,-16.118],[-64.684,-16.388],[-64.78,-16.556],[-64.751,-16.611],[-64.808,-16.73],[-64.742,-16.898],[-64.376,-17.175],[-64.212,-17.379],[-64.396,-17.456],[-64.711,-17.911],[-64.488,-18.24],[-64.42,-18.421],[-64.302,-18.5],[-64.34,-18.657]],[[-64.34,-18.657],[-64.391,-18.602],[-64.575,-18.667],[-64.685,-18.54],[-64.816,-18.485],[-64.965,-18.531],[-65.08,-18.656],[-65.231,-18.616],[-65.344,-18.423]],[[-64.34,-18.657],[-64.192,-18.939],[-64.065,-19],[-64.007,-19.169],[-63.918,-19.154],[-63.873,-19.026],[-63.741,-19.044],[-63.768,-19.271],[-63.725,-19.963],[-63.652,-20.45],[-63.502,-20.46],[-63.368,-20.357],[-63.286,-20.475],[-62.211,-20.471]],[[-65.344,-18.423],[-65.692,-18.355],[-65.624,-18.476],[-65.608,-18.674],[-65.652,-18.749],[-65.424,-18.702],[-65.506,-18.813],[-65.47,-18.905],[-65.54,-19.009],[-65.522,-19.067],[-65.293,-19.31],[-65.131,-19.379],[-64.92,-19.371],[-64.871,-19.547],[-64.747,-19.732],[-64.868,-19.868],[-65.313,-20.042],[-65.369,-20.203],[-65.296,-20.534],[-65.423,-20.837],[-65.477,-21.292],[-65.235,-21.535]],[[-62.272,-21],[-63.983,-20.997],[-64,-20.944],[-64.175,-20.891],[-64.232,-21.142],[-64.531,-21.09],[-64.697,-20.93],[-64.83,-21.098],[-65.157,-20.946],[-65.235,-21.535]],[[-65.235,-21.535],[-65.329,-21.803],[-65.211,-21.946],[-65.173,-22.098],[-65.339,-22.52],[-65.341,-22.597],[-65.265,-22.638],[-65.268,-22.844],[-65.192,-22.981],[-65.013,-23.034],[-65.041,-23.257],[-64.953,-23.308],[-64.875,-23.494],[-64.66,-23.455],[-64.438,-23.62],[-64.367,-23.51],[-64.189,-23.513],[-64.159,-24.184],[-64.271,-24.375],[-64.503,-24.481],[-64.618,-24.614],[-64.828,-24.455],[-64.922,-24.6],[-65.165,-24.454],[-65.277,-24.502],[-65.538,-24.431],[-65.752,-24.175],[-65.759,-24.077],[-66,-23.941],[-65.992,-23.534],[-66.342,-23.369],[-66.407,-23.519],[-66.338,-23.724],[-66.352,-24.041],[-66.388,-24.141],[-66.504,-24.237],[-66.675,-24.199],[-67.251,-23.733]],[[91.436,27.989],[91.32,27.912],[91.31,27.581]],[[91.31,27.581],[91.41,27.442],[91.393,27.402]],[[91.31,27.581],[91.245,27.429],[90.97,27.39]],[[91.727,27.46],[91.524,27.369],[91.393,27.402]],[[91.393,27.402],[91.471,27.295],[91.392,27.243],[91.38,27.163]],[[90.058,27.103],[90.057,27.172],[90.236,27.135],[90.313,27.17]],[[90.058,27.103],[89.937,27.14],[89.827,27.261],[89.71,27.261]],[[90.058,27.103],[90.06,26.958],[90.004,26.855]],[[90.313,27.17],[90.337,27.209]],[[90.313,27.17],[90.135,26.84],[90.069,26.809],[90.004,26.855]],[[89.71,27.261],[89.691,27.361],[89.814,27.522]],[[89.71,27.261],[89.624,27.141]],[[90.004,26.855],[89.762,26.8]],[[90.002,27.801],[89.96,27.693],[90.034,27.64],[89.908,27.531],[89.814,27.522]],[[90.002,27.801],[89.888,27.854],[89.768,27.76],[89.608,27.715]],[[90.002,27.801],[90.158,27.973],[90.212,27.977],[90.276,27.895],[90.341,27.904],[90.348,27.985],[90.475,28.072],[90.429,28.025],[90.491,27.893],[90.465,27.776]],[[89.814,27.522],[89.757,27.57],[89.689,27.539],[89.608,27.715]],[[90.97,27.39],[90.949,27.678],[90.729,27.925],[90.755,28.055]],[[90.97,27.39],[90.932,27.369]],[[91.38,27.163],[91.421,27.158],[91.396,27.114],[91.497,27.059],[91.491,27.018]],[[91.38,27.163],[91.184,26.942]],[[90.465,27.776],[90.446,27.697],[90.32,27.678],[90.29,27.62],[90.363,27.517],[90.238,27.468],[90.36,27.263],[90.337,27.209]],[[90.465,27.776],[90.525,27.736],[90.568,27.45],[90.724,27.349]],[[90.337,27.209],[90.517,27.126]],[[89.608,27.715],[89.551,27.778],[89.484,27.767],[89.556,27.904],[89.417,27.989]],[[90.932,27.369],[91.023,27.049],[91.184,26.942]],[[90.932,27.369],[90.833,27.326],[90.758,27.378],[90.724,27.349]],[[90.724,27.349],[90.706,27.254],[90.605,27.206],[90.64,27.156],[90.517,27.126]],[[91.184,26.942],[91.163,26.891],[91.011,26.841],[91.013,26.784]],[[91.184,26.942],[91.326,26.916],[91.353,26.84],[91.491,27.018]],[[90.517,27.126],[90.654,27.06],[90.68,26.953],[90.775,26.901],[90.814,26.82],[90.948,26.827],[90.944,26.779]],[[91.491,27.018],[91.767,27.085],[91.899,27.156],[91.912,27.24],[92.006,27.176]],[[89.762,26.8],[89.763,26.995],[89.68,27.031],[89.624,27.141]],[[89.762,26.8],[89.755,26.701]],[[88.876,27.28],[89.142,27.1],[89.191,27.126],[89.236,27.074],[89.329,27.119]],[[89.329,27.119],[89.34,27],[89.267,26.931],[89.369,26.837]],[[89.329,27.119],[89.33,27.211]],[[89.125,27.615],[89.211,27.563],[89.371,27.314],[89.313,27.27],[89.33,27.211]],[[89.624,27.141],[89.539,27.17],[89.615,27.238],[89.532,27.307]],[[89.33,27.211],[89.507,27.189],[89.532,27.307]],[[89.532,27.307],[89.462,27.427],[89.482,27.56],[89.374,27.647],[89.385,27.748],[89.206,27.747]],[[1.623,7.536],[1.684,7.492],[1.893,7.072],[2.001,6.941],[2.084,6.919]],[[2.084,6.919],[2.024,6.706]],[[2.084,6.919],[2.385,6.921]],[[2.024,6.706],[1.898,6.747],[1.687,6.69],[1.589,6.72]],[[2.385,6.921],[2.414,6.982],[2.52,6.993]],[[2.092,10.032],[1.808,10.04],[1.61,9.947],[1.344,9.955]],[[2.092,10.032],[2.111,10.085],[2.268,10.135],[2.182,10.401],[2.255,10.518]],[[2.092,10.032],[2.081,9.805],[2.161,9.656],[2.118,9.387],[1.99,9.351],[1.97,9.217],[2.051,9.091],[2.034,8.894],[2.197,8.818],[2.195,8.777]],[[1.623,7.622],[1.889,7.623],[2.019,7.542],[2.178,7.53],[2.428,7.426]],[[2.428,7.426],[2.466,7.25],[2.534,7.178],[2.56,7],[2.52,6.993]],[[2.428,7.426],[2.498,7.659],[2.718,7.659]],[[2.195,8.777],[2.219,8.515],[2.177,8.481],[2.055,8.49],[1.83,8.615],[1.607,8.589]],[[2.195,8.777],[2.723,8.771]],[[2.255,10.518],[2.263,10.859],[2.356,10.96],[2.264,11.012],[2.015,11.432]],[[2.255,10.518],[2.775,10.552],[2.976,10.521],[3.837,10.631]],[[2.52,6.993],[2.596,6.659],[2.719,6.504]],[[-88.602,17.104],[-88.567,17.037],[-88.774,16.681]],[[-88.602,17.104],[-88.548,17.183],[-88.585,17.49],[-88.629,17.454]],[[-88.774,16.681],[-88.856,16.582],[-89.147,16.457],[-89.193,16.393]],[[-88.284,17.972],[-88.559,17.889],[-88.564,17.693],[-88.641,17.617],[-88.629,17.454]],[[-88.284,17.972],[-88.614,18.247]],[[-88.629,17.454],[-89.065,17.376],[-89.151,17.321]],[[4.577,50.543],[4.573,50.442],[4.616,50.425],[4.588,50.322],[4.286,50.258],[4.401,50.234],[4.36,50.169],[4.428,49.934]],[[4.577,50.543],[4.667,50.565],[4.666,50.608],[4.792,50.591],[4.983,50.643]],[[4.577,50.543],[4.331,50.545],[4.184,50.664],[4.101,50.636],[4.1,50.707]],[[5.392,50.38],[5.412,50.43],[5.509,50.426],[5.721,50.358],[5.721,50.263],[5.874,50.272],[5.858,50.348],[5.979,50.331],[6.023,50.151]],[[5.392,50.38],[5.34,50.312],[5.393,50.288],[5.206,50.22],[5.28,50.159],[5.262,50.11],[5.093,50.092],[5.066,50.125],[5.05,50.064],[4.972,50.031],[5.119,49.925],[4.985,49.851],[4.968,49.797]],[[5.392,50.38],[5.233,50.406],[5.143,50.513],[5.035,50.533],[4.983,50.643]],[[3.895,50.734],[4.06,50.793],[4.091,50.932],[4.16,50.93],[4.146,50.971],[4.24,51.038]],[[4.24,51.038],[4.476,50.992],[4.981,51.036]],[[4.981,51.036],[5.158,51.024],[5.041,50.943],[5.186,50.906],[5.101,50.71]],[[4.981,51.036],[5.26,51.148],[5.217,51.212],[5.239,51.257]],[[4.983,50.643],[5.019,50.752]],[[3.399,51.245],[3.36,51.193],[3.41,51.161],[3.331,51.1],[3.444,51.049],[3.412,50.959],[3.46,50.944],[3.419,50.912],[3.523,50.805],[3.458,50.769]],[[26.17,54.993],[26.27,54.93],[26.348,54.943]],[[26.348,54.943],[26.383,54.983],[26.73,54.944],[27.25,54.997],[27.319,54.874],[27.676,54.747],[27.756,54.639],[28.227,54.65],[28.394,54.55],[28.481,54.645],[28.566,54.661],[28.65,54.653],[28.665,54.582],[28.841,54.555],[28.879,54.623],[29.042,54.61],[29.136,54.65],[29.298,54.574],[29.473,54.616],[29.492,54.579],[29.437,54.544],[29.367,54.347],[29.41,54.306],[29.356,54.24],[29.415,54.231]],[[26.348,54.943],[26.316,54.928],[26.344,54.855],[26.539,54.75],[26.586,54.643],[26.675,54.634],[26.683,54.584],[26.638,54.531],[26.585,54.544],[26.61,54.458],[26.469,54.279],[26.108,54.199],[26.076,54.14],[26.179,54.129],[26.195,54.037],[26.334,54.057],[26.433,53.999],[26.419,53.952],[26.215,53.854],[26.31,53.798],[26.258,53.729],[26.469,53.626],[26.514,53.553],[26.493,53.504],[26.547,53.497],[26.568,53.405],[26.377,53.365]],[[29.415,54.231],[29.569,54.317],[29.828,54.343],[30.025,54.272],[30.026,54.328],[30.099,54.376],[30.165,54.336],[30.307,54.378],[30.258,54.314],[30.411,54.345],[30.525,54.289],[30.688,54.419],[31.048,54.403],[31.179,54.453]],[[29.415,54.231],[29.463,54.186],[29.421,54.059],[29.338,53.99],[29.385,53.872],[29.357,53.849],[29.401,53.848],[29.36,53.822],[29.482,53.796],[29.4,53.751],[29.43,53.73],[29.21,53.654],[29.104,53.666],[29.059,53.589],[28.947,53.577],[28.949,53.519],[28.894,53.525],[28.868,53.59],[28.617,53.614],[28.547,53.545],[28.575,53.532],[28.402,53.468],[28.362,53.356],[28.449,53.295],[28.089,53.286],[28.229,53.193],[28.523,53.149],[28.538,53.016],[28.453,52.963],[28.489,52.927],[28.292,52.766],[28.469,52.68]],[[26.377,53.365],[25.705,53.389],[25.575,53.261],[25.601,53.212],[25.543,53.174],[25.591,53.113],[25.405,52.942],[25.3,52.926],[25.317,52.839],[25.063,52.835],[25.064,52.911],[24.962,52.9],[24.929,52.96],[24.686,52.96],[24.607,52.934],[24.653,52.911],[24.569,52.863],[24.541,52.743],[24.154,52.799],[23.92,52.773]],[[26.377,53.365],[26.397,53.258],[26.266,53.185],[26.515,53.064],[26.372,52.991],[26.442,52.889],[26.411,52.855],[26.448,52.826],[26.586,52.885],[27.168,52.666],[27.185,52.612],[27.052,52.604],[27.041,52.538],[27.148,52.468],[27.128,52.416],[27.271,52.361]],[[27.271,52.361],[27.338,52.476],[27.528,52.539],[27.706,52.438],[27.941,52.444],[27.988,52.519],[28.122,52.468],[28.341,52.481],[28.408,52.518],[28.406,52.632],[28.469,52.68]],[[27.271,52.361],[27.541,52.221],[27.528,52.066],[27.6,52.014],[27.503,51.848],[27.559,51.791],[27.512,51.623]],[[28.469,52.68],[28.823,52.717],[28.796,52.763],[28.96,52.798],[28.974,52.873],[29.089,52.878],[29.182,52.949],[29.353,52.911],[29.396,52.949],[29.718,52.948],[29.741,52.975],[29.635,53.023],[29.663,53.06],[29.629,53.098],[29.758,53.132],[29.74,53.207],[29.793,53.213],[29.754,53.316],[29.802,53.353],[29.996,53.341],[30.19,53.235],[30.481,53.317],[30.668,53.276],[30.991,53.304],[31.106,53.197],[31.095,53.132],[31.362,53.12]],[[-59.546,13.244],[-59.581,13.21]],[[-59.581,13.21],[-59.601,13.216]],[[-59.581,13.21],[-59.554,13.18]],[[-59.54,13.183],[-59.509,13.146]],[[-59.54,13.183],[-59.554,13.18]],[[-59.509,13.146],[-59.513,13.129]],[[-59.554,13.18],[-59.587,13.161]],[[-59.601,13.216],[-59.606,13.242]],[[-59.601,13.216],[-59.611,13.15]],[[-59.587,13.161],[-59.57,13.108]],[[-59.587,13.161],[-59.611,13.15]],[[-59.569,13.29],[-59.606,13.242]],[[-59.513,13.129],[-59.57,13.108]],[[-59.513,13.129],[-59.476,13.086]],[[-59.611,13.15],[-59.641,13.142]],[[-59.576,13.304],[-59.653,13.274]],[[48.25,39.98],[48.409,40],[48.465,39.925],[48.662,39.887],[48.704,39.735],[48.582,39.652]],[[48.25,39.98],[48.215,39.828],[48.349,39.737],[48.379,39.622]],[[48.25,39.98],[48.317,40.04]],[[48.582,39.652],[48.541,39.615],[48.434,39.662],[48.379,39.622]],[[48.582,39.652],[48.767,39.606]],[[47.229,40.17],[47.141,40.115],[47.167,40.072],[47.072,39.975],[47.094,39.926],[47.263,39.929],[47.249,39.857]],[[47.229,40.17],[47.316,40.162],[47.484,40.254]],[[46.969,40.416],[46.924,40.48]],[[46.969,40.416],[47.208,40.563]],[[47.443,40.298],[47.524,40.283],[47.484,40.254]],[[47.443,40.298],[47.523,40.391]],[[47.443,40.298],[47.423,40.364],[47.324,40.414],[47.361,40.457],[47.311,40.456],[47.263,40.543],[47.222,40.515],[47.208,40.563]],[[47.484,40.254],[47.544,40.173],[47.724,40.203],[47.757,40.159]],[[46.277,40.833],[46.216,40.689],[46.079,40.647]],[[46.277,40.833],[46.341,40.725]],[[46.277,40.833],[46.31,41.017],[46.205,41.137]],[[46.079,40.647],[46.202,40.581],[46.133,40.501],[46.226,40.429],[46.156,40.308]],[[46.079,40.647],[46.031,40.667],[45.912,40.557]],[[48.474,40.331],[48.672,40.268],[48.747,40.345]],[[48.474,40.331],[48.522,40.42],[48.652,40.487],[48.435,40.567],[48.527,40.712],[48.461,40.794]],[[48.108,40.532],[48.027,40.513]],[[48.108,40.532],[48.411,40.703],[48.461,40.794]],[[19.072,8.632],[19.064,8.583]],[[19.064,8.583],[19.359,8.13],[19.321,7.805],[19.373,7.747],[19.592,7.699],[19.592,7.568],[19.729,7.548],[19.921,7.247],[20.156,7.097]],[[19.064,8.583],[19.072,8.41],[19.018,8.26],[19.057,8.229],[19.056,8.067],[18.98,7.856],[19.014,7.763],[18.732,7.571],[18.841,7.243],[18.712,7.117],[18.744,7.079],[18.655,6.941],[18.755,6.811],[18.752,6.75],[18.872,6.662],[18.752,6.514]],[[16.815,7.55],[16.767,7.114],[16.679,6.986],[16.793,6.558],[16.909,6.456],[17.041,6.488],[17.099,6.45],[17.015,6.309],[16.955,6.297],[16.953,6.135],[16.908,6.106],[16.979,5.859]],[[16.979,5.859],[17.044,5.72],[17.583,5.721],[17.913,5.896],[18.027,5.801],[18.244,5.8],[18.275,5.749],[18.397,5.738],[18.413,5.563],[18.591,5.644],[18.635,5.731]],[[16.979,5.859],[16.749,5.779],[16.515,5.568]],[[14.922,6.686],[15.183,6.755],[15.424,6.302],[15.759,6.417],[15.784,6.368],[15.705,6.278],[15.789,6.153],[15.824,5.925],[16.064,5.792],[16.236,5.906],[16.515,5.568]],[[16.515,5.568],[16.526,5.275]],[[16.526,5.275],[16.001,5.068],[15.929,5.114],[15.806,5.082],[15.769,5.229],[15.71,5.233],[15.666,5.161],[15.686,5.018],[15.498,5.053],[15.406,5],[15.114,4.997],[15.019,4.943],[14.945,5.006],[14.66,5.011]],[[16.526,5.275],[16.708,5.379],[16.919,5.369],[17.118,5.165],[16.996,5.092],[17.037,5.024]],[[22.391,8.592],[22.375,8.667],[22.137,8.76],[22.087,8.969],[21.852,9.185],[21.702,9.5],[21.617,9.589],[21.523,9.602],[21.495,9.765],[21.451,9.77],[21.253,9.583],[21.055,9.524],[20.897,9.383],[20.814,9.419]],[[22.391,8.592],[21.997,8.6],[21.958,8.525],[22.001,8.404],[21.96,8.212],[21.864,8.205],[21.76,8.332],[21.597,8.239],[21.49,8.248],[21.384,8.146],[21.419,8.018],[21.132,7.958],[21.131,7.703]],[[22.391,8.592],[22.507,8.583],[22.647,8.685],[23.05,8.756],[23.114,8.917],[23.314,9.028],[23.373,9.213],[23.461,9.236],[23.463,9.154]],[[20.156,7.097],[20.349,7.02],[20.572,7.075],[20.687,7.241],[20.794,7.232],[20.894,7.289],[21.075,7.507],[21.056,7.582],[21.131,7.703]],[[20.156,7.097],[20.102,6.88],[19.871,6.626],[19.877,6.451],[19.743,6.476]],[[18.752,6.514],[18.911,6.2],[18.627,6.001],[18.635,5.731]],[[18.752,6.514],[19.014,6.543],[19.176,6.437],[19.468,6.498],[19.743,6.476]],[[21.131,7.703],[21.4,7.527],[21.422,7.32],[21.577,7.286],[21.653,6.881],[21.61,6.772],[21.704,6.593],[21.793,6.556],[21.809,6.34],[21.744,6.215],[21.822,6.057],[21.893,6.02],[21.938,5.814],[21.858,5.621],[21.762,5.675],[21.663,5.549]],[[21.901,5.475],[21.663,5.549]],[[21.901,5.475],[22.03,5.637],[22.086,5.643],[22.052,5.708],[22.107,5.98],[22.248,6.063],[22.37,6.039],[22.457,6.08],[22.56,6.245],[22.821,6.27],[22.905,6.185],[23.271,6.098],[23.319,6.209],[23.396,6.215],[23.452,6.302],[24.261,6.753]],[[21.901,5.475],[21.881,5.174],[21.792,5.088],[21.833,5.005],[21.736,4.714],[21.916,4.643],[21.942,4.533],[22.147,4.512],[22.037,4.229]],[[21.663,5.549],[21.57,5.466],[21.395,5.728],[21.232,5.65],[21.037,5.715],[21.025,5.553],[20.94,5.523],[20.988,5.42],[20.903,5.123],[20.937,5.023],[20.895,4.813],[20.712,4.748],[20.457,4.525]],[[24.261,6.753],[24.307,6.782],[24.346,6.958],[24.545,7.012],[24.56,7.205],[24.512,7.308],[24.594,7.485],[24.497,7.634],[24.473,8.074],[24.263,8.269]],[[24.261,6.753],[24.612,6.391],[24.867,6.494],[25.05,6.375],[25.072,6.304],[24.997,6.24],[24.85,6.219],[25.184,5.91],[25.144,5.773],[25.118,5.806],[25.044,5.762],[25.046,5.564],[24.972,5.448],[24.783,5.287],[24.605,5.273],[24.539,5.182],[24.557,5.118],[24.481,5.102]],[[16.738,4.245],[16.658,4.242],[16.585,4],[16.449,3.832],[16.085,3.991],[15.887,3.969],[15.619,3.84],[15.562,3.753],[15.459,3.783],[15.262,3.663]],[[16.738,4.245],[16.869,4.427],[17.067,4.346],[16.83,4.738],[16.83,4.868],[17.027,4.969],[17.037,5.024]],[[16.738,4.245],[16.934,3.977],[17.322,3.812],[17.414,3.683]],[[19.743,6.476],[19.867,6.34],[19.839,6.12],[19.596,5.918],[19.662,5.677],[19.471,5.541],[19.522,5.49],[20.015,5.465],[19.934,5.133],[19.858,5.06]],[[17.037,5.024],[17.144,5.028],[17.465,4.794],[17.601,4.525],[17.765,4.534],[17.845,4.467],[18.132,4.448],[18.205,4.344],[18.305,4.302],[18.342,4.086],[18.411,3.994],[18.612,3.867]],[[18.635,5.731],[18.687,5.668],[18.865,5.627],[18.898,5.493],[18.992,5.412],[19.025,5.334],[18.991,5.186],[19.107,4.932]],[[96.84,19.288],[97.115,18.7],[97.316,18.678],[97.373,18.549]],[[96.84,19.288],[96.927,19.405],[96.895,19.5],[96.938,19.585],[97.135,19.728],[97.168,19.989],[97.263,19.893],[97.392,19.953],[97.447,19.882],[97.519,19.899],[97.586,19.827],[97.56,19.742],[97.612,19.687],[97.839,19.647],[97.869,19.57]],[[96.84,19.288],[96.822,19.383],[96.673,19.496]],[[48.747,40.345],[48.662,40.355],[48.743,40.451],[48.688,40.597],[48.729,40.721],[48.808,40.762]],[[48.461,40.794],[48.486,40.882],[48.389,40.948]],[[49.263,40.506],[48.808,40.762]],[[48.808,40.762],[48.782,40.855]],[[48.782,40.855],[48.68,40.895]],[[48.782,40.855],[48.845,40.892]],[[48.68,40.895],[48.389,40.948]],[[48.68,40.895],[48.663,41.002],[48.721,41.064],[48.643,41.132],[48.747,41.24],[48.744,41.349]],[[48.389,40.948],[48.031,41.063]],[[47.993,40.442],[48.035,40.46],[48.027,40.513]],[[47.993,40.442],[47.586,40.525]],[[47.523,40.391],[47.465,40.451],[47.48,40.517],[47.586,40.525]],[[48.027,40.513],[48.048,40.599],[48.006,40.626],[47.732,40.675]],[[48.031,41.063],[47.926,41.158]],[[48.031,41.063],[47.949,40.979],[47.98,40.884],[47.732,40.675]],[[46.924,40.48],[46.962,40.525],[46.894,40.537],[46.865,40.645],[46.79,40.629],[46.828,40.714],[46.731,40.765],[46.76,40.966]],[[46.924,40.48],[46.534,40.313]],[[46.76,40.966],[46.93,40.911]],[[46.76,40.966],[46.73,41.072],[46.616,41.109]],[[47.208,40.563],[47.263,40.789]],[[46.341,40.725],[46.308,40.626],[46.412,40.685]],[[46.341,40.725],[46.412,40.685]],[[47.586,40.525],[47.619,40.61],[47.589,40.639]],[[47.732,40.675],[47.589,40.639]],[[47.263,40.789],[46.93,40.911]],[[47.263,40.789],[47.526,40.761]],[[47.589,40.639],[47.532,40.674],[47.526,40.761]],[[47.312,39.708],[47.324,39.789],[47.249,39.857]],[[47.312,39.708],[47.466,39.738]],[[47.312,39.708],[47.047,39.642],[47.099,39.617],[47.025,39.556],[47.105,39.558],[47.053,39.466]],[[47.757,40.159],[47.791,40.114]],[[47.757,40.159],[47.655,39.916],[47.446,39.827],[47.466,39.738]],[[48.379,39.622],[48.272,39.567],[47.958,39.707]],[[47.791,40.114],[47.749,40.084],[47.816,39.987],[47.742,39.941],[47.749,39.851],[47.89,39.77],[47.788,39.658]],[[48.767,39.606],[48.764,39.409]],[[47.466,39.738],[47.625,39.571]],[[48.764,39.409],[48.682,39.42],[48.61,39.302],[48.508,39.382],[48.378,39.301],[48.328,39.376]],[[48.764,39.409],[48.708,39.317],[48.741,39.147]],[[48.764,39.409],[48.854,39.355],[48.946,39.374],[48.948,39.434],[49.053,39.548],[49.143,39.48],[49.285,39.508]],[[48.478,38.986],[48.416,39.03],[48.302,39.018]],[[48.478,38.986],[48.666,39.085],[48.651,39.131],[48.741,39.147]],[[48.478,38.986],[48.548,38.94]],[[46.734,39.416],[46.749,39.475],[46.641,39.483]],[[46.734,39.416],[46.81,39.401],[46.829,39.477],[46.992,39.381],[47.044,39.396],[47.053,39.466]],[[46.734,39.416],[46.703,39.368],[46.823,39.228]],[[46.641,39.483],[46.562,39.439],[46.479,39.462]],[[46.823,39.228],[46.681,39.129],[46.599,39.222]],[[46.823,39.228],[46.866,39.165]],[[47.053,39.466],[47.261,39.366]],[[48.931,39.914],[49.265,39.877],[49.357,39.812]],[[46.451,39.958],[46.101,39.877],[46.016,39.912],[45.883,39.796]],[[48.741,39.147],[48.854,39.132]],[[48.548,38.94],[48.326,38.826],[48.226,38.713]],[[48.548,38.94],[48.593,38.867]],[[48.698,38.582],[48.587,38.552],[48.536,38.469]],[[48.698,38.582],[48.869,38.602]],[[48.698,38.582],[48.73,38.63],[48.577,38.781],[48.593,38.867]],[[48.593,38.867],[48.661,38.828],[48.896,38.891]],[[46.205,41.137],[46.094,41.012],[45.897,41.006],[45.723,40.823]],[[46.205,41.137],[46.088,41.184]],[[45.723,40.823],[45.913,40.626],[45.912,40.557]],[[45.723,40.823],[45.678,40.595],[45.478,40.748]],[[46.93,40.911],[46.927,41.025],[46.813,41.127],[46.813,41.214],[46.892,41.311],[47.143,41.415],[47.179,41.492]],[[47.526,40.761],[47.57,40.796]],[[46.762,40.033],[46.637,40.148],[46.532,40.133],[46.499,40.229],[46.534,40.313]],[[46.156,40.308],[45.954,40.315],[45.889,40.262]],[[47.367,41.262],[47.27,41.02],[47.385,40.886],[47.57,40.796]],[[47.57,40.796],[47.695,41.207]],[[48.575,41.483],[48.675,41.351],[48.744,41.349]],[[48.575,41.483],[47.926,41.158]],[[48.575,41.483],[48.561,41.593],[48.492,41.648],[48.514,41.701],[48.462,41.721]],[[48.744,41.349],[49.079,41.357]],[[46.71,41.835],[46.702,41.778],[46.518,41.616],[46.365,41.557],[46.28,41.571]],[[47.926,41.158],[47.813,41.197]],[[45.912,40.557],[45.84,40.524],[45.819,40.297]],[[47.028,41.557],[46.929,41.505],[46.747,41.511],[46.63,41.346]],[[45.77,41.232],[45.567,41.146],[45.581,41.053],[45.443,40.948]],[[45.382,41.011],[45.392,41.246],[45.098,41.35]],[[44.953,39.736],[44.824,39.631]],[[138,-16.542],[138,-26]],[[138,-26],[129,-26]],[[138,-26],[141,-26],[141,-29]],[[129,-26],[129,-14.868]],[[129,-26],[129,-31.689]],[[141,-29],[141,-34.019]],[[141,-34.019],[140.967,-33.986],[140.968,-38.059]],[[150.704,-35.12],[150.613,-35.187]],[[12.563,47.642],[12.654,47.576],[12.672,47.487],[12.445,47.329],[12.096,47.28],[12.082,47.187],[12.133,47.079]],[[12.848,47.982],[13.011,48.033],[13.352,47.988],[13.28,47.961],[13.288,47.85],[13.521,47.784],[13.445,47.762],[13.526,47.718],[13.481,47.549],[13.582,47.486]],[[13.582,47.486],[13.631,47.306],[13.81,47.296],[13.939,47.161],[13.782,46.954]],[[13.582,47.486],[13.728,47.501],[13.687,47.664],[13.823,47.72],[13.997,47.699],[14.06,47.626],[14.186,47.659],[14.323,47.621],[14.699,47.769]],[[14.691,48.587],[14.906,48.527],[14.882,48.471],[14.975,48.334],[14.968,48.225],[14.675,48.182],[14.565,48.244],[14.487,48.225],[14.48,48.114],[14.427,48.057],[14.744,47.91],[14.699,47.769]],[[14.699,47.769],[14.904,47.723],[15.359,47.824],[15.714,47.702],[15.743,47.637],[15.818,47.644],[15.917,47.533],[16.085,47.515],[16.148,47.443]],[[10.175,47.272],[10.202,47.161],[10.081,46.918],[10.125,46.847]],[[13.782,46.954],[13.632,47.039],[13.308,47.087],[13.059,47.029],[12.674,47.136],[12.634,47.112]],[[13.782,46.954],[13.88,46.928],[14.165,47.057],[14.395,46.998],[14.865,47.04],[15.008,46.911],[15.023,46.727],[15.106,46.646]],[[16.148,47.443],[16.324,47.501],[16.376,47.645],[16.289,47.733],[16.29,47.794],[16.348,47.812],[16.375,47.891],[16.573,47.92],[16.729,48.023],[16.88,48.07],[16.962,48.046],[16.996,48.107],[17.062,48.113]],[[16.148,47.443],[16.019,47.381],[16.137,47.032],[16.012,46.913],[16.028,46.837]],[[12.634,47.112],[12.417,47.152],[12.204,47.067]],[[12.634,47.112],[12.753,47.05],[12.739,46.986],[12.951,46.767],[12.724,46.749],[12.671,46.652]],[[44.797,40.65],[44.772,40.665]],[[44.797,40.65],[45.039,40.644],[45.181,40.734],[45.374,40.651]],[[44.797,40.65],[44.799,40.544],[44.867,40.507],[44.943,40.248],[45.03,40.163]],[[44.772,40.665],[44.752,40.778],[44.908,40.914],[44.772,41],[44.939,41.069],[44.88,41.139],[44.922,41.196],[44.854,41.224]],[[44.772,40.665],[44.418,40.682]],[[44.426,40.201],[44.58,40.227],[44.618,40.195],[44.584,40.139],[44.648,40.116]],[[44.426,40.201],[44.408,40.297],[44.505,40.38],[44.553,40.564],[44.429,40.613],[44.418,40.682]],[[44.426,40.201],[44.418,40.189]],[[44.648,40.116],[44.693,40.083],[45.03,40.163]],[[44.648,40.116],[44.559,40.054],[44.44,40.153]],[[44.418,40.682],[44.322,40.738],[44.166,40.741]],[[45.03,40.163],[45.015,40.079],[45.11,39.866]],[[44.44,40.153],[44.418,40.189]],[[44.44,40.153],[44.352,40.087],[44.381,40.01]],[[45.11,39.866],[45.253,39.939],[45.578,39.984]],[[45.11,39.866],[45.075,39.75]],[[45.809,39.851],[45.715,39.745],[45.709,39.568]],[[44.418,40.189],[44.175,40.243],[44.158,40.192],[44.018,40.186],[43.816,40.285],[43.69,40.24]],[[43.978,41.165],[43.97,41.078],[44.075,41.007],[44.065,40.964],[44.128,40.953],[44.018,40.817],[44.166,40.741]],[[44.166,40.741],[44.079,40.644],[44.13,40.582],[44.192,40.583],[44.179,40.497],[44.048,40.448],[43.801,40.5],[43.624,40.411]],[[-63.399,-25.659],[-62.334,-24.403],[-62.339,-24.121]],[[-63.399,-25.659],[-61.754,-25.661],[-61.711,-26.147],[-61.71,-28]],[[-63.399,-25.659],[-63.924,-25.652],[-64.192,-25.58],[-64.486,-26.22]],[[-62.339,-24.121],[-61.776,-24.342],[-61.444,-24.624],[-61.209,-24.666],[-61.076,-24.895],[-60.645,-25.165],[-60.5,-25.21],[-60.239,-25.495],[-60.178,-25.665],[-60.039,-25.697],[-59.674,-26.014],[-59.663,-26.132],[-59.42,-26.184],[-59.347,-26.34],[-59.152,-26.296],[-58.954,-26.406],[-58.351,-26.886]],[[-62.339,-24.121],[-62.341,-22.472]],[[-58.865,-27.999],[-61.71,-28]],[[-58.865,-27.999],[-58.816,-27.717],[-58.887,-27.479],[-58.604,-27.316]],[[-58.865,-27.999],[-58.92,-28.095],[-59.088,-28.175],[-59.087,-28.627],[-59.197,-29.022],[-59.548,-29.26],[-59.591,-29.615],[-59.673,-29.847],[-59.595,-30.049],[-59.662,-30.337]],[[-61.71,-28],[-62.087,-30.157]],[[-68.496,-25.16],[-67.807,-25.283],[-66.56,-25.272],[-66.469,-25.48],[-66.495,-25.609],[-66.799,-25.718],[-66.803,-25.859],[-66.411,-26.383],[-66.225,-26.171],[-66.157,-26.17],[-66.054,-26.253]],[[-66.054,-26.253],[-65.719,-26.299],[-65.659,-26.075],[-65.442,-26.12],[-65.314,-26.076],[-65.253,-26.172],[-64.946,-26.274],[-64.767,-26.211],[-64.486,-26.22]],[[-66.054,-26.253],[-66.157,-26.525],[-65.858,-26.714],[-65.868,-26.901],[-66.195,-27.319],[-65.982,-27.394],[-65.929,-27.654],[-65.851,-27.78],[-65.703,-27.818],[-65.571,-28.05],[-65.349,-27.863],[-65.169,-27.91]],[[-64.486,-26.22],[-64.524,-26.447],[-64.501,-26.678],[-64.581,-26.677],[-64.622,-26.792],[-64.674,-26.805],[-64.88,-27.309],[-65.064,-27.472],[-64.97,-27.514],[-65.069,-27.601],[-64.999,-27.778],[-65.073,-27.89],[-65.169,-27.91]],[[-65.169,-27.91],[-65.072,-28.424],[-65.18,-28.645],[-65.093,-28.721],[-65.035,-29.293],[-64.882,-29.557]],[[-62.087,-30.157],[-62.132,-30.441],[-61.857,-30.731],[-62.122,-31.609],[-62.236,-31.72],[-62.184,-31.963],[-62.219,-32.139],[-62.078,-32.244],[-62.015,-32.386],[-61.914,-32.463],[-61.866,-32.586],[-61.894,-32.659],[-61.735,-32.812],[-61.763,-33],[-61.92,-33.114],[-62.854,-34.382]],[[-62.087,-30.157],[-62.288,-29.777],[-63.384,-29.771],[-63.463,-29.655],[-63.808,-29.65],[-64.028,-29.545],[-64.049,-29.473],[-64.254,-29.424],[-64.882,-29.557]],[[-64.882,-29.557],[-64.962,-29.61],[-64.943,-29.878],[-65.138,-30.063],[-65.402,-30.14]],[[-65.087,-35.002],[-65.088,-35.999],[-66.617,-36]],[[-65.087,-35.002],[-63.384,-35.002]],[[-65.087,-35.002],[-65.132,-33.205],[-65.032,-33.111],[-65.015,-32.948],[-64.883,-32.62],[-64.919,-32.308],[-65.19,-32.328],[-65.245,-32.125],[-65.311,-32.061],[-65.641,-31.893],[-65.76,-31.885]],[[-66.617,-36],[-68.282,-36.021],[-68.249,-37.557]],[[-66.617,-36],[-66.505,-35.343],[-66.546,-34.925],[-66.738,-34.615],[-66.813,-34.385],[-66.821,-34.229],[-66.759,-34.185],[-66.747,-34.064],[-66.93,-33.838],[-67.152,-33.429],[-67.227,-32.916],[-67.192,-32.761],[-67.393,-32.262]],[[-62.854,-34.382],[-61.711,-34.377],[-60.963,-33.677],[-60.91,-33.564],[-60.672,-33.577],[-60.567,-33.64],[-60.476,-33.622],[-60.341,-33.346],[-60.278,-33.306],[-60.294,-33.257]],[[-62.854,-34.382],[-63.34,-34.38],[-63.374,-34.414],[-63.384,-35.002]],[[-65.402,-30.14],[-65.729,-29.502],[-65.792,-29.25],[-66.122,-28.971],[-66.362,-28.855],[-66.338,-28.736],[-66.465,-28.631],[-66.496,-28.499],[-66.584,-28.404],[-66.976,-28.267],[-67.187,-28.356],[-67.704,-28.339],[-67.824,-28.382],[-67.914,-28.249],[-67.932,-28.124],[-68.092,-28.154],[-68.442,-27.999],[-68.442,-27.743],[-68.85,-27.793],[-69.134,-27.772]],[[-65.402,-30.14],[-65.767,-31.096],[-65.76,-31.885]],[[-63.384,-35.002],[-63.389,-39.326]],[[-65.76,-31.885],[-66.054,-31.871],[-66.374,-31.934],[-66.731,-31.877]],[[-66.731,-31.877],[-67.367,-31.858],[-67.393,-32.262]],[[-66.731,-31.877],[-66.837,-31.747],[-66.854,-31.636],[-67.049,-31.523],[-67.104,-31.354],[-67.06,-31.082],[-67.118,-31.009],[-67.082,-30.897],[-67.192,-30.714],[-67.561,-30.385],[-67.635,-30.248],[-68.335,-29.687],[-68.701,-29.602],[-69.013,-29.622],[-68.942,-29.311],[-69.004,-29.15],[-68.913,-29.002],[-69.103,-28.778],[-69.19,-28.594],[-69.473,-28.426],[-69.654,-28.401]],[[-60.294,-33.257],[-60.552,-33.061],[-60.767,-32.578],[-60.662,-32.069],[-60.72,-31.922],[-60.648,-31.716],[-60.414,-31.674],[-60.164,-31.442],[-59.72,-30.831],[-59.622,-30.575],[-59.662,-30.337]],[[-60.294,-33.257],[-59.641,-33.671],[-59.521,-33.655],[-59.393,-33.739],[-59.269,-33.721],[-59.231,-33.798],[-59.032,-33.83],[-58.639,-34.049],[-58.447,-34.007]],[[-63.389,-39.326],[-63.516,-39.306],[-64.01,-39],[-64.471,-38.854],[-64.97,-38.804],[-65.367,-38.838],[-65.563,-38.776],[-65.69,-38.818],[-65.96,-38.742],[-66.562,-38.702],[-66.648,-38.557],[-67.07,-38.409],[-67.177,-38.223],[-67.592,-38.247],[-67.706,-38.101],[-67.845,-38.057],[-67.872,-38.007],[-67.848,-37.908],[-67.724,-37.817],[-67.749,-37.669],[-67.85,-37.6],[-68.249,-37.557]],[[-63.389,-39.326],[-63.387,-40.709],[-63.103,-40.754],[-62.861,-40.938],[-62.802,-41.042]],[[-68.249,-37.557],[-68.252,-38.659],[-68.01,-38.976],[-68.258,-38.996],[-68.321,-38.962],[-68.605,-39.13],[-68.962,-39.489],[-69.244,-39.585],[-69.516,-39.822],[-69.68,-39.823],[-69.945,-39.947],[-70.096,-40.441],[-70.18,-40.466],[-70.239,-40.55],[-70.445,-40.567],[-70.536,-40.512],[-70.681,-40.59],[-70.972,-40.64],[-71.13,-40.779],[-71.026,-40.907],[-71.148,-41.051],[-71.297,-41.095],[-71.867,-41.01]],[[-68.249,-37.557],[-68.428,-37.538],[-68.507,-37.447],[-68.757,-37.372],[-68.985,-37.364],[-69.061,-37.236],[-69.155,-37.183],[-69.531,-37.174],[-69.703,-37.112],[-69.816,-36.997],[-69.79,-36.863],[-70.068,-36.612],[-70.163,-36.582],[-70.26,-36.373],[-70.356,-36.366],[-70.359,-36.199],[-70.431,-36.129]],[[-59.662,-30.337],[-59.389,-30.306],[-59.241,-30.343],[-59.005,-30.204],[-58.876,-30.227],[-58.587,-30.153],[-58.23,-30.253],[-58.068,-30.421],[-57.987,-30.604],[-57.809,-30.747]],[[-55.966,-27.332],[-56.017,-27.452],[-55.873,-27.716],[-55.839,-27.907],[-55.737,-28.066],[-55.623,-28.144]],[[-67.393,-32.262],[-67.493,-32.213],[-67.832,-32.239],[-68.056,-32.068],[-68.394,-32.15],[-68.69,-32.335],[-68.886,-32.337],[-68.922,-32.076],[-69.039,-32.071],[-69.175,-31.956],[-69.292,-32.054],[-69.448,-32.053],[-69.608,-32.12],[-69.662,-32.258],[-70.256,-32.314]],[[-71.769,-42],[-65.055,-42.011]],[[-67.582,-46],[-71.649,-45.999]],[[17.536,-8.075],[17.576,-8.349],[17.529,-8.474],[17.595,-8.656],[17.585,-9.11],[17.537,-9.229],[17.336,-9.328],[17.414,-9.577],[17.59,-9.701],[17.646,-9.798],[18.246,-10.011],[18.18,-10.189],[18.199,-10.262],[18.373,-10.4],[18.47,-10.402]],[[18.47,-10.402],[18.706,-10.389],[19.472,-9.993],[19.798,-9.885],[19.94,-9.746],[20.002,-9.457],[20.188,-9.299],[20.35,-9.237],[20.427,-9.1],[20.694,-8.985],[20.787,-8.806],[20.94,-8.658],[21.153,-8.575],[21.552,-8.542],[21.913,-8.333]],[[18.47,-10.402],[18.578,-10.544],[18.667,-10.585],[18.607,-10.682],[18.629,-10.776],[18.763,-10.961]],[[17.098,-7.378],[17.003,-7.424],[16.956,-7.562],[16.891,-7.601],[16.781,-7.552],[16.627,-7.333],[16.413,-7.388],[16.219,-7.569],[16.063,-7.636],[16.134,-7.926],[16.092,-8.115],[15.919,-8.213],[15.8,-8.212]],[[15.8,-8.212],[15.797,-8.12],[15.721,-8.014],[15.475,-8.056],[15.421,-8.029],[15.408,-7.934],[15.281,-7.938],[15.192,-7.97],[15.182,-8.07],[15.222,-8.107],[15.117,-8.295],[14.92,-8.275],[14.816,-8.396],[14.662,-8.398]],[[15.8,-8.212],[15.816,-8.403],[15.68,-8.464],[15.617,-8.602],[15.722,-8.721],[15.638,-9.152],[15.286,-9.233],[15.231,-9.338],[15.121,-9.355],[15.174,-9.459],[15.12,-9.527],[15.155,-9.65],[15.109,-9.724]],[[16.612,-10.574],[16.613,-10.633],[16.767,-10.76],[16.888,-10.75],[17.093,-10.833],[17.15,-10.809],[17.372,-10.927],[17.454,-11.122],[17.392,-11.209],[17.453,-11.239],[17.519,-11.396],[17.488,-11.489],[17.53,-11.495],[17.478,-11.539],[17.501,-11.684],[17.588,-11.726],[17.835,-11.531],[17.829,-11.362],[17.912,-11.52],[18.04,-11.557],[18.406,-11.54],[18.588,-11.413],[18.828,-11.364],[18.776,-11.233],[18.763,-10.961]],[[16.612,-10.574],[16.552,-10.679],[16.324,-10.835],[16.207,-10.994],[16.024,-10.991],[15.951,-10.947],[15.748,-11.444]],[[16.612,-10.574],[16.336,-10.249],[16.378,-10.139],[16.34,-9.989],[16.182,-9.749],[15.82,-9.714],[15.758,-9.783],[15.303,-9.817],[15.109,-9.724]],[[18.763,-10.961],[19.221,-11.248],[19.189,-11.456]],[[19.189,-11.456],[19.1,-11.534],[19.064,-11.659],[18.966,-11.707],[18.848,-11.927],[18.863,-12.038],[18.725,-12.179],[18.726,-12.246],[18.433,-12.46],[18.299,-12.73],[18.16,-12.842],[18.171,-12.964],[18.041,-13.15],[18.071,-13.3],[17.947,-13.394],[17.953,-13.572]],[[19.189,-11.456],[19.281,-11.404],[19.4,-11.411],[19.568,-11.264],[19.73,-11.309],[19.842,-11.253],[19.924,-11.302],[19.968,-11.262],[20.095,-11.285],[20.185,-11.209],[20.747,-11.444],[21.035,-11.472],[21.034,-11.419],[21.146,-11.376],[21.225,-11.278],[21.696,-11.132],[21.65,-10.996],[21.795,-10.63],[22.086,-10.589],[22.309,-10.613]],[[14.662,-8.398],[14.636,-8.276],[14.711,-8.09],[14.694,-7.889],[14.418,-7.893],[14.125,-7.642],[13.817,-7.62]],[[14.662,-8.398],[14.393,-8.385],[14.301,-8.431],[14.262,-8.506],[14.335,-8.598],[14.364,-8.763],[14.08,-8.937],[14.143,-9.01],[14.074,-9.114],[14.168,-9.159],[14.2,-9.266],[14.085,-9.526],[14.161,-9.628],[14.565,-9.769]],[[15.109,-9.724],[14.948,-9.673],[14.932,-9.721],[14.565,-9.769]],[[16.526,-13.356],[16.474,-14.01]],[[16.526,-13.356],[16.505,-12.755],[16.389,-12.697],[16.303,-12.554],[16.382,-12.436],[16.342,-12.261],[16.48,-12.151],[16.576,-11.908],[16.317,-11.615],[16.282,-11.497],[15.748,-11.444]],[[16.526,-13.356],[16.243,-13.341],[16.097,-13.445],[15.96,-13.4],[15.534,-13.764],[15.495,-13.645],[15.39,-13.622],[15.313,-13.39],[15.111,-13.403]],[[16.474,-14.01],[16.953,-13.998],[17.086,-14.203],[17.318,-14.309],[17.35,-14.148],[17.465,-14.03],[17.641,-13.994],[17.779,-13.899],[17.797,-13.714],[17.925,-13.647],[17.953,-13.572]],[[16.474,-14.01],[16.503,-14.629],[16.63,-14.728],[16.604,-14.777],[16.656,-14.854],[16.652,-14.956],[16.748,-15.163]],[[15.748,-11.444],[15.366,-11.594],[15.383,-11.967],[15.116,-12.049],[15.021,-12.206]],[[15.111,-13.403],[15.088,-13.476],[14.913,-13.517],[14.679,-13.658],[14.476,-13.614],[14.385,-13.812],[14.302,-13.874],[13.671,-13.811],[13.565,-13.847]],[[15.111,-13.403],[14.93,-13.235],[14.909,-13.011],[14.808,-12.757],[14.821,-12.664],[15.069,-12.516],[15.021,-12.206]],[[17.953,-13.572],[18.644,-13.866],[18.787,-14.057],[18.804,-14.222],[18.897,-14.384],[19.159,-14.39],[19.222,-14.253],[19.528,-14.29],[19.688,-14.54],[20.165,-14.948],[20.262,-14.985],[20.668,-14.956],[20.928,-15.005],[21.106,-15.216],[21.211,-15.25],[21.265,-15.361],[21.391,-15.436],[21.422,-15.559],[21.596,-15.819],[21.71,-15.854],[21.841,-16.073],[21.984,-16.166]],[[16.748,-15.163],[16.427,-15.187],[16.212,-15.394],[15.823,-15.386],[15.612,-15.443],[15.459,-15.571],[15.148,-16.053],[15.039,-16.042],[15.003,-15.961],[14.849,-15.896],[14.527,-15.857],[14.358,-16.015],[14.102,-16.12],[14.031,-16.193],[13.895,-16.156],[13.7,-16.343],[13.616,-16.367],[13.481,-16.248]],[[16.748,-15.163],[16.913,-15.374],[17.055,-15.45],[17.167,-15.582],[17.384,-15.925],[17.417,-16.365],[17.227,-16.836],[17.279,-17.389]],[[13.565,-13.847],[13.625,-13.957],[13.585,-14.082],[13.681,-14.438],[13.571,-14.702],[13.278,-14.908],[13.242,-15.095],[13.282,-15.177],[13.221,-15.229],[13.333,-15.333],[13.416,-15.324],[13.438,-15.428],[13.546,-15.531],[13.589,-15.847],[13.503,-16.019],[13.527,-16.186],[13.481,-16.248]],[[13.481,-16.248],[13.227,-16.429],[13.239,-16.568],[13.147,-16.662],[13.346,-16.969]],[[14.76,-5.88],[14.961,-6.294],[14.774,-6.548],[14.341,-6.68],[14.232,-6.814],[13.942,-6.96],[13.797,-6.979],[13.924,-7.196],[13.865,-7.349],[13.957,-7.5],[13.847,-7.553],[13.817,-7.62]],[[13.817,-7.62],[13.504,-7.735],[13.382,-7.694],[13.094,-7.793]],[[13.371,-8.582],[13.585,-8.649],[13.637,-8.836],[13.504,-8.97],[13.475,-9.172],[13.281,-9.173],[13.143,-9.33]],[[4.801,36.38],[4.821,36.307],[5.035,36.311],[5.254,36.197],[5.184,36.115],[5.14,35.857],[5.067,35.84],[5.054,35.777]],[[4.801,36.38],[4.923,36.389],[4.987,36.462],[4.95,36.503],[5.102,36.578],[5.193,36.528],[5.188,36.408],[5.303,36.389],[5.328,36.449],[5.461,36.503],[5.475,36.591]],[[4.801,36.38],[4.748,36.421],[4.636,36.338],[4.63,36.253],[4.511,36.226],[4.423,36.226],[4.356,36.34]],[[5.054,35.777],[5.226,35.664],[5.38,35.633]],[[5.054,35.777],[4.855,35.873],[4.467,35.832],[4.449,35.87],[4.541,35.942],[4.494,36.028],[4.379,35.991],[4.084,36.029]],[[4.084,36.029],[4.356,36.34]],[[4.084,36.029],[4.022,35.867],[3.628,35.923]],[[4.356,36.34],[4.399,36.374],[4.371,36.473]],[[3.283,36.49],[3.322,36.55],[3.51,36.623],[3.477,36.689]],[[3.283,36.49],[3.423,36.408],[3.556,36.423],[3.564,36.051],[3.628,35.923]],[[3.283,36.49],[2.996,36.353],[2.91,36.415],[2.845,36.369],[2.661,36.363]],[[3.477,36.689],[3.647,36.692],[3.681,36.667],[3.642,36.6],[3.734,36.608]],[[3.477,36.689],[3.23,36.685]],[[1.713,35.923],[1.854,35.86],[2.009,35.918],[2.312,35.867]],[[1.713,35.923],[1.553,36.006],[1.412,35.842]],[[1.713,35.923],[1.589,36.143],[1.629,36.211],[1.555,36.351],[1.648,36.443]],[[2.312,35.867],[2.242,35.744],[2.158,35.698],[2.261,35.606],[2.25,35.56]],[[2.312,35.867],[2.639,36.182],[2.529,36.191],[2.488,36.258],[2.661,36.363]],[[2.476,36.421],[2.523,36.364],[2.643,36.397],[2.661,36.363]],[[2.476,36.421],[2.5,36.47],[2.602,36.467],[2.837,36.638],[3.03,36.662],[3.025,36.71]],[[2.476,36.421],[1.793,36.432],[1.717,36.367],[1.648,36.443]],[[1.412,35.842],[1.362,35.777],[1.276,35.775],[1.246,35.647]],[[1.412,35.842],[1.289,35.966],[1.159,35.946],[0.948,36.032],[0.897,36.198],[0.704,36.187]],[[1.246,35.647],[1.292,35.618],[1.346,35.69],[1.658,35.548],[1.692,35.58],[2.25,35.56]],[[1.246,35.647],[1.011,35.575],[0.881,35.444],[0.828,35.443]],[[0.758,34.438],[0.351,34.238],[0.235,34.226],[0.086,34.048]],[[0.758,34.438],[0.974,34.382],[1.032,34.339],[1.024,34.191],[1.231,34.192],[1.336,34.069]],[[0.758,34.438],[0.857,34.5],[0.667,34.842],[0.782,34.973],[0.653,35.09],[0.492,35.086]],[[0.086,34.048],[0.063,33.308],[-0.027,33.021],[-0.007,32.805],[-0.102,32.567],[-0.007,32.487],[-0.039,32.327]],[[0.086,34.048],[-0.055,33.986],[-0.069,34.072],[-0.143,34.087],[-0.361,33.916],[-0.486,34.229]],[[-0.165,35.123],[-0.251,35.094],[-0.236,35.024],[-0.299,34.982],[-0.273,34.904],[-0.368,34.87],[-0.114,34.682],[-0.061,34.55],[-0.486,34.229]],[[-0.165,35.123],[-0.106,35.16],[-0.014,35.064],[0.112,35.096],[0.21,35.021],[0.492,35.086]],[[-0.165,35.123],[-0.217,35.191],[-0.189,35.299],[-0.464,35.358],[-0.464,35.429],[-0.545,35.412]],[[-0.486,34.229],[-0.578,34.313],[-0.836,34.215],[-1.12,34.271]],[[0.229,35.696],[0.319,35.558],[0.457,35.558],[0.828,35.443]],[[0.229,35.696],[0.424,35.818],[0.452,35.952],[0.529,35.968],[0.543,36.049],[0.704,36.187]],[[0.229,35.696],[0.152,35.683],[0.104,35.757],[-0.044,35.714],[-0.114,35.784]],[[0.828,35.443],[0.88,35.386],[0.82,35.306],[0.618,35.276],[0.492,35.086]],[[-0.545,35.412],[-0.622,35.304],[-0.669,35.332]],[[-0.545,35.412],[-0.302,35.669],[-0.221,35.684],[-0.114,35.784]],[[2.291,32.696],[2.343,32.133],[2.215,31.923],[2.239,31.774],[2.085,31.659]],[[2.291,32.696],[1.975,33.292],[2.031,33.393],[2.019,33.499],[1.777,33.831],[1.428,33.951],[1.336,34.069]],[[2.291,32.696],[3.101,32.831],[3.321,32.781],[3.427,32.876],[3.739,33],[4.176,33.03]],[[2.085,31.659],[0.842,31.097],[0.399,30.709]],[[2.085,31.659],[2.072,30.86],[1.943,30.095],[2.079,29.036]],[[1.336,34.069],[1.642,34.256],[1.806,34.449],[1.981,34.507],[2.221,34.675],[2.358,34.693]],[[4.176,33.03],[4.978,32.841]],[[4.176,33.03],[4.059,33.253],[3.641,33.564],[3.232,33.947],[3.094,34.24],[2.949,34.264],[2.818,34.139],[2.65,34.098],[2.639,33.911],[2.475,33.924],[2.483,34.114],[2.296,34.439],[2.358,34.693]],[[2.25,35.56],[2.286,35.439]],[[3.628,35.923],[3.609,35.837],[3.537,35.792],[3.543,35.672],[3.421,35.804],[3.38,35.751]],[[2.358,34.693],[2.523,34.999],[2.62,35.031],[2.379,35.205],[2.36,35.288],[2.287,35.329],[2.286,35.439]],[[2.286,35.439],[2.527,35.501],[2.687,35.454],[2.894,35.621],[2.899,35.795],[2.981,35.801],[3.082,35.672],[3.196,35.694],[3.255,35.797],[3.38,35.751]],[[5.38,35.633],[5.438,35.642],[5.575,35.818],[5.736,35.771],[5.762,35.811],[5.712,35.85],[5.746,35.89],[5.823,35.915],[5.94,35.862],[5.977,35.916]],[[5.38,35.633],[5.174,35.51],[4.963,35.489],[4.88,35.525],[4.889,35.3],[4.779,35.173],[5.039,35.083]],[[3.38,35.751],[3.696,35.472],[3.665,35.295],[3.474,35.158],[3.533,35.054],[3.608,35.066],[3.572,35.005],[3.599,34.886],[3.671,34.79],[3.914,34.759],[4.048,34.354],[4.214,34.232]],[[5.977,35.916],[5.983,36.058],[5.899,36.17],[5.934,36.225],[5.866,36.255],[5.872,36.402],[5.776,36.44],[5.737,36.555]],[[5.977,35.916],[6.149,35.9]],[[5.039,35.083],[5.041,34.919],[5.001,34.874],[4.435,34.773],[4.273,34.626],[4.184,34.508],[4.316,34.252],[4.214,34.232]],[[5.039,35.083],[5.272,35.018],[5.537,35.066],[5.614,35.106],[5.555,35.191],[5.831,35.288],[6.005,35.226],[5.932,35.144],[5.927,35.062],[5.993,34.989],[6.072,35.059],[6.167,34.992],[6.429,35.065],[6.44,34.838],[6.523,34.769],[6.588,34.779]],[[6.769,35.684],[6.782,35.563],[6.593,35.437],[6.584,35.343],[6.628,35.317],[6.515,35.12],[6.599,34.9],[6.588,34.779]],[[6.769,35.684],[6.649,35.797],[6.487,35.781],[6.467,35.846],[6.149,35.9]],[[6.769,35.684],[6.825,35.624],[7.003,35.63],[7.051,35.577],[7.268,35.621],[7.315,35.535],[7.385,35.572],[7.545,35.448]],[[6.588,34.779],[6.714,34.789],[6.748,34.726],[6.696,34.376]],[[7.011,36.155],[7.046,36.276],[6.938,36.433]],[[7.011,36.155],[6.899,36.107],[6.773,36.192],[6.585,36.109],[6.516,36.166]],[[7.011,36.155],[7.079,36.043],[7.195,36.081],[7.224,36.144],[7.326,36.127]],[[6.938,36.433],[6.818,36.467],[6.911,36.56],[6.652,36.608],[6.504,36.578]],[[6.938,36.433],[7.384,36.726]],[[5.737,36.555],[5.543,36.524],[5.475,36.591]],[[5.737,36.555],[5.904,36.546],[6.023,36.606],[6.215,36.583],[6.295,36.624],[6.457,36.58]],[[6.149,35.9],[6.17,35.951],[6.379,36.013],[6.406,36.11],[6.516,36.166]],[[6.504,36.578],[6.478,36.429],[6.318,36.368],[6.468,36.274],[6.516,36.166]],[[6.504,36.578],[6.457,36.58]],[[7.545,35.448],[7.413,35.387],[7.412,35.156],[7.222,34.946],[7.266,34.832],[7.264,34.941],[7.366,34.962],[7.403,34.746],[7.274,34.541],[7.136,34.161]],[[7.545,35.448],[7.841,35.615],[7.866,35.859]],[[7.326,36.127],[7.814,36.305],[7.795,36.441],[7.988,36.484]],[[7.326,36.127],[7.368,36.003],[7.564,35.84],[7.66,35.834],[7.735,35.934],[7.866,35.859]],[[4.214,34.232],[4.211,34.175],[4.298,34.136],[4.362,33.957],[5.122,33.573]],[[6.696,34.376],[6.745,34.299],[7.136,34.161]],[[6.696,34.376],[6.527,34.317],[6.211,34.428],[5.999,34.395],[5.312,34.498],[5.185,34.357],[5.36,34.166],[5.335,33.846],[5.122,33.573]],[[4.978,32.841],[4.739,32.532],[4.359,32.256],[4.111,31.791],[3.803,29.99],[3.48,29.637],[3.344,29.307],[2.986,29.124]],[[4.978,32.841],[4.953,33.241],[5.008,33.442]],[[5.122,33.573],[5.008,33.442]],[[-0.669,35.332],[-0.881,35.254],[-0.89,35.16],[-1.001,35.087]],[[-0.114,35.784],[-0.114,35.789]],[[-1.001,35.087],[-0.93,35.047],[-0.967,34.929],[-0.941,34.843],[-0.891,34.844],[-0.886,34.743],[-0.758,34.712],[-0.83,34.578],[-0.904,34.547],[-0.88,34.468],[-1.12,34.271]],[[3.025,36.71],[3.097,36.65],[3.23,36.685]],[[-1.12,34.271],[-1.25,34.206],[-1.48,34.191],[-1.672,34.092]],[[2.986,29.124],[2.079,29.036]],[[2.986,29.124],[3.816,28.546],[4.75,28.462],[5.953,28.491]],[[2.079,29.036],[2.134,28.492],[1.932,26.784],[1.764,26.609],[1.629,26.584],[1.514,26.462],[1.068,26.416],[0.825,26.269],[1.091,25.958],[1.117,25.693],[1.307,25.541],[1.3,22.27],[1.369,22.178],[3.678,20.878],[3.751,20.778],[3.782,20.549],[3.79,19.061]],[[5.953,28.491],[6.511,28.09],[6.567,27.888],[6.258,27.766],[5.837,27.406],[5.816,27.321],[5.95,26.862],[6.262,26.599],[6.183,26.226],[6.307,26.165],[6.538,25.895],[6.959,25.76],[6.996,25.502],[7.171,25.286],[7.086,25.109],[7.107,24.923],[7.32,24.703],[7.631,24.597],[7.954,24.368],[8.521,24.229],[8.699,24.003],[11.71,24]],[[5.953,28.491],[6.787,28.868],[7.146,28.839],[9.369,30.023]],[[0.399,30.709],[-0.154,31.124],[-0.401,31.391],[-0.039,32.327]],[[0.399,30.709],[-0.199,29.745],[-0.826,29.008],[-0.958,28.923],[-1.876,28.779],[-2.57,28.381],[-2.813,28.294],[-3.023,28.331],[-3.553,28.582],[-3.751,28.567]],[[-0.039,32.327],[-0.896,32.105],[-1.01,32.232],[-1.273,32.229]],[[-3.751,28.567],[-2.974,27.203],[-5.662,25.509]],[[-3.751,28.567],[-5.267,28.207],[-6.001,29.579]],[[7.988,36.484],[7.65,36.663]],[[7.988,36.484],[8.023,36.404],[8.168,36.492]],[[7.866,35.859],[8.003,35.971],[8.194,36.004],[8.268,35.97]],[[7.136,34.161],[7.271,34.114],[7.539,34.114]],[[5.008,33.442],[6.193,33.377],[6.379,33.318],[6.684,32.512],[6.851,32.239],[7.031,32.053],[7.314,32.002],[9.063,32]],[[7.65,36.663],[7.534,36.615],[7.384,36.726]],[[3.734,36.608],[3.936,36.474],[4.371,36.473]],[[7.384,36.726],[7.364,36.881],[7.263,37.076]],[[5.475,36.591],[5.428,36.664]],[[6.457,36.58],[6.475,36.669],[6.366,36.742],[6.248,36.935]],[[20.207,41.899],[20.237,41.866],[20.32,41.897],[20.358,41.821],[20.541,41.845]],[[20.207,41.899],[20.268,41.987],[20.213,42.028]],[[20.207,41.899],[20.114,41.829],[20.156,41.762],[19.947,41.683],[19.813,41.707],[19.836,41.567]],[[20.213,42.028],[20.142,42.051],[20.236,42.192],[20.024,42.26],[19.824,42.235],[19.788,42.418],[19.829,42.469]],[[20.213,42.028],[19.992,41.875],[19.939,41.882],[19.902,41.969],[19.739,41.938],[19.723,41.895],[19.588,41.944],[19.562,41.893],[19.473,41.914],[19.53,41.836]],[[19.836,41.567],[19.911,41.51]],[[19.836,41.567],[19.556,41.583]],[[20.478,41.322],[20.449,41.388],[20.236,41.344]],[[20.236,41.344],[20.051,41.391],[19.911,41.51]],[[20.236,41.344],[19.671,41.057]],[[19.867,40.868],[20.011,40.879],[20.013,40.828],[20.145,40.743],[20.293,40.726]],[[19.867,40.868],[19.731,40.797],[19.834,40.645],[19.808,40.621],[19.905,40.527]],[[19.867,40.868],[19.803,40.901],[19.812,40.999],[19.671,41.057]],[[20.293,40.726],[20.43,40.582],[20.443,40.44]],[[20.293,40.726],[20.445,40.766],[20.468,40.8],[20.381,40.925],[20.436,40.997],[20.595,41.022],[20.597,41.086]],[[20.443,40.44],[20.291,40.356],[20.092,40.498],[19.905,40.527]],[[20.443,40.44],[20.527,40.158],[20.615,40.081]],[[19.905,40.527],[19.776,40.423]],[[19.776,40.423],[19.759,40.343],[19.939,40.065],[20.159,39.973],[20.3,39.805]],[[66.829,33.281],[66.995,33.239],[66.916,33.133],[66.906,33.032],[66.93,32.953],[67.011,32.927]],[[66.829,33.281],[66.844,33.58],[67.161,33.671],[67.379,33.86],[67.328,33.947],[67.347,34.037]],[[66.829,33.281],[66.767,33.271],[66.74,33.319],[66.556,33.237],[66.474,33.319],[66.315,33.306],[66.09,33.186],[66.05,33.062],[65.799,33.143],[65.659,33.106],[65.482,33.15],[65.491,33.077],[65.348,33.092]],[[67.011,32.927],[67.094,32.992],[67.095,33.064],[67.294,32.947],[67.425,33.009],[67.437,32.941],[67.377,32.899],[67.441,32.852],[67.407,32.799],[67.664,32.581],[67.595,32.514],[67.781,32.379],[67.645,32.306],[67.633,32.252],[67.707,32.244],[67.72,32.159],[67.921,32.077],[68.051,32.098]],[[67.011,32.927],[66.987,32.831],[66.794,32.807],[66.653,32.677],[66.6,32.67],[66.605,32.764],[66.418,32.674],[66.327,32.577],[66.327,32.492]],[[68.189,36.593],[68.038,36.817],[68.025,36.926]],[[68.189,36.593],[68.08,36.562],[67.688,36.648],[67.5,36.64],[67.386,36.575],[67.42,36.472],[67.335,36.212],[67.068,36.064],[67.12,35.934],[66.905,35.718]],[[68.189,36.593],[68.24,36.571]],[[70.273,35.85],[70.177,35.892],[70.113,35.819],[69.961,35.81]],[[70.273,35.85],[70.231,35.67]],[[70.273,35.85],[70.462,35.971],[70.429,36.038],[70.472,36.284],[70.235,36.322],[70.038,36.462],[70.007,36.922],[70.124,37.043],[70.033,37.135],[70.004,37.551]],[[69.961,35.81],[69.791,35.673],[69.749,35.541],[69.264,35.392]],[[69.961,35.81],[69.956,35.887],[69.788,36.099],[69.778,36.214],[69.712,36.241],[69.681,36.35],[69.345,36.23],[69.221,36.297]],[[69.221,36.297],[69.147,36.487],[69.256,36.612],[69.207,36.722],[69.216,36.793],[69.305,36.85],[69.339,37.077],[69.309,37.117]],[[69.221,36.297],[68.987,36.422],[68.853,36.415],[68.723,36.534],[68.24,36.571]],[[69.897,34.854],[69.928,34.754],[69.853,34.682],[69.812,34.411]],[[69.897,34.854],[69.78,34.778],[69.719,34.65],[69.604,34.649]],[[69.897,34.854],[69.907,34.912],[69.797,35.081]],[[69.812,34.411],[69.663,34.393],[69.618,34.301],[69.48,34.202],[69.486,34.159]],[[69.812,34.411],[70.065,34.412],[70.353,34.487],[70.42,34.557],[70.406,34.655],[70.616,34.8]],[[69.797,35.081],[69.972,35.236]],[[69.797,35.081],[69.678,35.165],[69.283,35.162]],[[69.972,35.236],[69.922,35.356],[70.164,35.5],[70.231,35.67]],[[69.972,35.236],[70.027,35.108],[70.15,35.091],[70.271,34.936],[70.392,34.904],[70.574,34.994]],[[68.969,34.349],[69.181,34.31],[69.281,34.364],[69.486,34.159]],[[68.969,34.349],[68.842,34.493],[68.863,34.622]],[[68.969,34.349],[68.81,34.125],[68.887,33.989],[68.762,33.934],[68.712,33.79]],[[69.486,34.159],[69.735,34.25],[69.898,34.045]],[[68.772,33.613],[68.773,33.715],[68.712,33.79]],[[68.772,33.613],[68.8,33.464],[68.769,33.393]],[[68.772,33.613],[69.01,33.613],[69.088,33.72],[69.33,33.847],[69.543,34.05],[69.705,34.006],[69.818,34.078],[69.898,34.045]],[[68.712,33.79],[68.554,33.681],[68.457,33.694],[68.456,33.787],[68.145,33.956],[68.112,34.147],[68.054,34.199],[67.867,34.144],[67.648,34.208],[67.431,34.139]],[[69.604,34.649],[69.448,34.591],[69.299,34.832],[68.983,34.895],[68.863,34.622]],[[69.604,34.649],[69.566,34.91],[69.298,35.014],[69.283,35.162]],[[69.283,35.162],[69.246,35.157],[69.264,35.392]],[[68.863,34.622],[68.556,34.692],[68.375,34.629],[68.283,34.8]],[[67.431,34.139],[67.347,34.037]],[[67.431,34.139],[67.422,34.2],[67.548,34.278],[67.38,34.339],[67.427,34.371],[67.41,34.409],[67.251,34.431],[67.347,34.527],[67.299,34.635],[67.507,34.681],[67.974,34.596],[68.039,34.686],[68.283,34.8]],[[67.347,34.037],[67.034,33.938],[66.783,34.004],[66.645,33.974],[66.516,34.061],[66.53,34.261],[66.58,34.307],[66.485,34.339],[66.487,34.389]],[[68.283,34.8],[68.184,35.01]],[[69.264,35.392],[69.185,35.42],[68.914,35.248],[68.816,35.261],[68.576,35.064],[68.281,35.073],[68.184,35.01]],[[68.184,35.01],[68.015,35.064],[68.012,35.172],[68.101,35.308],[68.089,35.461]],[[66.527,36.588],[66.68,36.542],[66.461,36.224],[66.602,36.163],[66.63,35.876],[66.503,35.676],[66.8,35.675],[66.905,35.718]],[[66.527,36.588],[66.417,36.739],[66.568,36.789],[66.463,36.99],[66.504,37.112],[66.402,37.256],[66.255,37.303],[66.251,37.36]],[[66.527,36.588],[66.071,36.538],[65.712,36.357],[65.511,36.331],[65.491,36.097],[65.527,35.978],[65.685,36]],[[66.905,35.718],[67.022,35.666],[66.984,35.612],[67.013,35.563],[66.977,35.465],[66.835,35.375]],[[66.835,35.375],[66.669,35.203],[66.358,35.171],[66.331,34.957],[66.364,34.914]],[[66.835,35.375],[67.017,35.352],[67.574,35.469],[68.089,35.461]],[[66.364,34.914],[66.519,34.844],[66.638,34.685],[66.773,34.629],[66.715,34.557],[66.736,34.487],[66.487,34.389]],[[66.364,34.914],[66.24,34.916],[66.105,34.784],[66.037,35.063],[65.797,35.108],[65.642,35.27],[65.451,35.254]],[[66.487,34.389],[66.212,34.406],[65.945,34.321],[65.522,34.345],[65.467,34.075],[65.52,33.973],[65.399,33.866],[65.577,33.605],[65.38,33.475],[65.37,33.425],[65.219,33.363]],[[65.451,35.254],[65.408,35.423],[65.486,35.557],[65.48,35.646],[65.623,35.676],[65.68,35.787],[65.793,35.793],[65.817,35.837],[65.74,35.961],[65.755,36.009],[65.685,36]],[[65.451,35.254],[65.333,35.188],[65.133,35.256],[64.73,35.213]],[[68.24,36.571],[68.173,36.521],[68.207,36.465],[68.371,36.264],[68.531,36.153],[68.333,35.982],[68.312,35.854],[68.156,35.677],[68.189,35.583],[68.089,35.461]],[[65.348,33.092],[65.184,32.896],[65.178,32.685],[65.27,32.647],[65.294,32.559],[65.235,32.324]],[[65.348,33.092],[65.362,33.22],[65.297,33.33],[65.219,33.363]],[[65.219,33.363],[64.824,33.204],[64.782,33.247],[64.725,33.228]],[[68.769,33.393],[68.478,33.103],[68.425,32.975],[68.233,32.772],[68.045,32.72],[67.908,32.817],[67.819,32.707],[68.057,32.503],[68.09,32.4],[68.051,32.098]],[[68.769,33.393],[68.954,33.397],[69.004,33.154],[69.208,33.275],[69.401,33.245]],[[69.898,34.045],[69.905,34.036]],[[70.616,34.8],[70.574,34.994]],[[70.616,34.8],[70.667,34.749],[70.653,34.63],[70.765,34.584],[70.742,34.531],[70.983,34.555]],[[69.996,33.742],[69.796,33.6],[69.584,33.555],[69.546,33.402],[69.401,33.245]],[[69.401,33.245],[69.345,33.043],[69.478,33.011]],[[68.051,32.098],[68.076,32.003],[68.01,31.858],[68.098,31.759]],[[70.574,34.994],[70.652,35.132],[70.853,35.069],[71.111,35.103],[71.208,35.3],[71.443,35.343],[71.593,35.464]],[[70.231,35.67],[70.479,35.667],[70.555,35.567],[70.544,35.446],[70.635,35.466],[70.687,35.537],[70.864,35.484],[70.878,35.626],[71.014,35.699],[70.973,35.775],[71.17,36.031]],[[66.327,32.492],[66.132,32.42],[65.807,32.488],[65.717,32.44],[65.715,32.568],[65.598,32.575],[65.457,32.427],[65.437,32.277],[65.235,32.324]],[[66.327,32.492],[66.387,32.483],[66.445,32.557],[66.54,32.507],[66.499,32.372],[66.325,32.204],[66.33,31.93],[66.182,31.835],[66.312,31.695],[66.549,31.775],[66.693,31.877],[66.954,31.731],[67.189,31.761],[67.293,31.641],[67.397,31.63],[67.417,31.546],[67.748,31.544]],[[64.476,34.671],[64.482,34.492],[64.405,34.52],[64.198,34.47],[64.209,34.287],[64.118,34.226],[63.493,34.268],[63.388,34.074],[63.583,33.803],[63.505,33.767],[63.477,33.66],[63.241,33.619],[63.075,33.533],[63.14,33.319]],[[64.476,34.671],[64.529,34.711],[64.721,34.698],[65.024,34.812],[65.047,34.94],[64.999,35.026],[64.73,35.213]],[[64.476,34.671],[64.202,34.68],[64.012,34.562],[63.785,34.509],[63.36,34.635],[63.173,34.611],[63.034,34.646],[62.995,34.726],[62.655,34.872],[62.69,35.092],[62.823,35.328]],[[63.14,33.319],[63.551,33.344],[63.959,33.517],[64.229,33.159],[64.399,33.141],[64.376,33.182],[64.551,33.323],[64.725,33.228]],[[63.14,33.319],[63.015,33.154],[62.509,33.058],[62.384,32.984],[62.349,32.843],[62.045,32.783],[61.995,32.897],[61.856,32.817],[61.666,32.912],[61.677,33.012],[61.843,33.156],[61.755,33.272],[61.823,33.343],[61.847,33.476],[61.55,33.516],[61.452,33.46],[61.232,33.457],[60.92,33.513]],[[64.73,35.213],[64.416,35.237],[64.416,35.418],[64.298,35.398],[64.247,35.468],[64.003,35.502],[63.989,35.646],[63.887,35.721],[63.947,35.944],[63.906,36.032]],[[65.685,36],[65.576,35.928],[65.531,35.96],[65.415,35.91],[65.102,35.974],[65.182,36.049],[65.245,36.346],[65.485,36.386],[65.448,36.579],[65.392,36.62],[65.445,36.759],[65.331,36.951],[65.488,37.242]],[[64.725,33.228],[64.716,33.133],[64.563,33.011],[64.541,32.938],[64.579,32.914],[64.395,32.849],[64.267,32.72],[64.285,32.621],[64.014,32.572],[64.014,32.445],[63.53,32.2]],[[63.53,32.2],[63.157,32.253],[63.034,32.018],[62.743,31.93],[62.539,32.072],[61.979,32.021],[61.985,31.946],[61.888,31.883],[61.886,31.794],[61.724,31.606],[61.665,31.598],[61.668,31.516],[61.605,31.518],[61.606,31.389]],[[63.53,32.2],[63.57,32.08],[63.408,31.805],[63.316,31.317],[63.343,31.125],[63.143,30.936],[63.157,30.774],[63.057,30.682],[63.092,30.519],[62.89,30.276],[62.768,30.205],[62.603,29.418]],[[65.235,32.324],[65.11,32.061],[64.946,32.044],[64.905,31.925],[64.812,31.839],[64.821,31.716],[64.736,31.425],[64.66,30.415],[64.499,29.57]],[[-4.071,51.676],[-4.01,51.755],[-3.933,51.762]],[[-3.933,51.762],[-3.83,51.688],[-3.887,51.621]],[[-3.933,51.762],[-3.8,51.785]],[[-4.559,52.038],[-4.236,52.032],[-4.073,52.104],[-3.741,52.122]],[[-3.741,52.122],[-3.644,52.031],[-3.8,51.785]],[[-3.741,52.122],[-3.739,52.247],[-3.701,52.274],[-3.731,52.319],[-3.652,52.347],[-3.761,52.437],[-3.725,52.499],[-3.813,52.481],[-3.839,52.549],[-3.927,52.553]],[[-3.947,52.551],[-3.927,52.553]],[[-3.927,52.553],[-3.797,52.675],[-3.601,52.695],[-3.587,52.812],[-3.47,52.862]],[[-3.102,51.543],[-3.109,51.587],[-3.032,51.606]],[[-3.102,51.543],[-3.228,51.545]],[[-3.102,51.543],[-3.077,51.508]],[[-3.032,51.606],[-3.115,51.701]],[[-3.032,51.606],[-2.961,51.627]],[[-3.228,51.545],[-3.302,51.649]],[[-3.228,51.545],[-3.291,51.5]],[[-3.291,51.5],[-3.173,51.453]],[[-3.291,51.5],[-3.475,51.51]],[[-3.475,51.51],[-3.575,51.42]],[[-3.475,51.51],[-3.462,51.59],[-3.549,51.642]],[[-3.8,51.785],[-3.584,51.751]],[[-3.549,51.642],[-3.654,51.64],[-3.683,51.587],[-3.64,51.542],[-3.752,51.533]],[[-3.549,51.642],[-3.584,51.751]],[[-3.47,52.862],[-3.477,52.933],[-3.423,52.971],[-3.462,52.976]],[[-3.47,52.862],[-3.391,52.867]],[[-3.289,51.793],[-3.334,51.79]],[[-3.289,51.793],[-3.115,51.701]],[[-3.289,51.793],[-3.157,51.811]],[[-3.334,51.79],[-3.275,51.677],[-3.302,51.649]],[[-3.334,51.79],[-3.435,51.817]],[[-3.584,51.751],[-3.435,51.817]],[[-3.302,51.649],[-3.438,51.755],[-3.435,51.817]],[[-3.115,51.701],[-3.128,51.795]],[[-3.157,51.811],[-3.035,51.886],[-3.051,51.984]],[[-3.157,51.811],[-3.128,51.795]],[[30.527,0.986],[30.548,1.074]],[[30.527,0.986],[30.358,0.819],[30.31,0.858],[30.287,0.784],[30.17,0.715]],[[30.548,1.074],[30.675,1.054],[30.805,1.124],[30.872,1.105],[31.291,1.214]],[[30.548,1.074],[30.554,1.336]],[[32.811,2.475],[32.775,2.579]],[[32.811,2.475],[32.69,2.463],[32.582,2.364],[32.603,2.246],[32.55,2.18]],[[32.811,2.475],[32.761,2.342],[32.828,2.227],[32.813,2.107]],[[32.55,2.18],[32.471,2.051],[32.347,2.073]],[[32.55,2.18],[32.673,2.179],[32.813,2.107]],[[32.347,2.073],[32.342,1.868],[32.163,1.778],[32.102,1.666]],[[32.347,2.073],[32.26,2.257]],[[32.775,2.579],[32.664,2.604]],[[32.775,2.579],[32.835,2.638],[33.015,2.533]],[[32.664,2.604],[32.732,2.732],[32.474,3.116],[32.515,3.136]],[[32.664,2.604],[32.486,2.608],[32.44,2.478],[32.362,2.47]],[[31.291,1.214],[31.514,1.361]],[[30.622,-0.227],[30.504,-0.256]],[[30.622,-0.227],[30.67,-0.166],[30.585,-0.139],[30.605,-0.072],[30.734,0.12],[30.644,0.163]],[[30.622,-0.227],[30.605,-0.287],[30.81,-0.498],[30.765,-0.605]],[[30.504,-0.256],[30.426,-0.29],[30.323,-0.212]],[[30.504,-0.256],[30.47,-0.446]],[[32.515,3.136],[32.357,3.287]],[[32.515,3.136],[32.783,3.18]],[[32.362,2.47],[32.242,2.46],[32.26,2.257]],[[32.362,2.47],[32.285,2.515],[32.268,2.593],[32.176,2.613],[32.201,2.729]],[[32.102,1.666],[32.024,1.681],[31.991,1.638],[31.904,1.691],[31.876,1.964],[31.751,2.06],[31.755,2.298]],[[32.26,2.257],[32.157,2.232],[31.879,2.367],[31.755,2.298]],[[31.514,1.361],[31.446,1.408],[31.429,1.598],[31.377,1.608],[31.361,1.738]],[[30.644,0.163],[30.475,0.1],[30.401,-0.028],[30.464,-0.156],[30.25,-0.12]],[[30.644,0.163],[30.853,0.186]],[[30.25,-0.12],[30.207,-0.079]],[[30.25,-0.12],[30.323,-0.212]],[[32.793,0.845],[32.859,0.723],[33.032,0.587]],[[32.793,0.845],[32.753,0.588],[32.67,0.556]],[[33.099,0.544],[33.032,0.587]],[[33.099,0.544],[33.181,0.465],[33.184,0.392],[33.273,0.35]],[[33.517,0.548],[33.566,0.451]],[[33.517,0.548],[33.513,0.667],[33.42,0.728],[33.427,0.871]],[[33.566,0.451],[33.609,0.442]],[[33.566,0.451],[33.504,0.347],[33.387,0.303]],[[31.278,-0.261],[31.461,-0.315],[31.604,-0.296],[31.607,-0.262]],[[31.278,-0.261],[31.288,-0.076],[31.078,-0.044]],[[31.278,-0.261],[31.237,-0.464]],[[31.607,-0.262],[31.55,0.018],[31.592,0.049]],[[31.607,-0.262],[31.721,-0.262]],[[31.592,0.049],[31.335,0.201]],[[31.592,0.049],[31.649,0.047]],[[31.649,0.047],[31.793,0.05]],[[31.649,0.047],[31.755,-0.205],[31.721,-0.262]],[[31.936,-0.127],[31.856,-0.007]],[[31.936,-0.127],[31.927,-0.196],[31.971,-0.183],[31.975,-0.23]],[[31.936,-0.127],[32.248,-0.158]],[[31.856,-0.007],[31.793,0.05]],[[32.67,0.556],[32.66,0.504]],[[32.248,-0.158],[32.493,-0.163]],[[32.66,0.504],[32.549,0.483],[32.524,0.303],[32.664,0.288]],[[32.66,0.504],[32.664,0.288]],[[32.664,0.288],[32.622,0.002],[32.493,-0.163]],[[33.532,0.881],[33.427,0.871]],[[33.532,0.881],[33.631,0.733]],[[33.532,0.881],[33.633,1.088]],[[33.443,1.288],[33.405,1.336]],[[33.443,1.288],[33.633,1.088]],[[33.55,3.269],[33.555,3.196]],[[33.55,3.269],[33.389,3.299],[33.417,3.26],[33.351,3.262],[33.36,3.196],[33.214,3.188],[33.155,3.018]],[[33.55,3.269],[33.681,3.251],[33.743,3.353]],[[33.555,3.196],[33.604,2.783],[33.525,2.669],[33.534,2.596]],[[33.555,3.196],[33.679,3.178],[33.671,3.054],[33.842,2.933],[33.847,2.669],[33.951,2.617]],[[33.015,2.533],[33.129,2.612]],[[33.015,2.533],[32.965,2.453]],[[33.129,2.612],[33.534,2.596]],[[33.129,2.612],[33.056,2.711],[33.211,2.746],[33.249,2.848],[33.112,2.895],[33.155,3.018]],[[33.534,2.596],[33.651,2.456]],[[33.371,2.019],[33.444,1.887]],[[33.371,2.019],[33.37,2.092],[33.471,2.128],[33.444,2.236],[33.548,2.29],[33.546,2.356]],[[33.086,2.066],[33.059,2.258],[32.889,2.354],[32.965,2.453]],[[33.444,1.887],[33.438,1.774],[33.354,1.717]],[[33.444,1.887],[33.468,2.004],[33.531,2.013],[33.809,1.708]],[[33.546,2.356],[33.638,2.36]],[[33.546,2.356],[33.392,2.339],[33.205,2.383],[33.126,2.459],[32.965,2.453]],[[33.638,2.36],[33.651,2.456]],[[33.638,2.36],[33.724,2.413],[33.906,2.304]],[[33.951,2.617],[33.963,2.723],[34.011,2.756],[34.226,2.725],[34.252,2.833]],[[33.951,2.617],[34.006,2.502],[33.651,2.456]],[[33.906,2.304],[33.897,1.897],[33.809,1.708]],[[33.906,2.304],[34.203,2.111],[34.212,1.955]],[[33.809,1.708],[33.811,1.668]],[[33.208,1.369],[33.378,1.371],[33.405,1.336]],[[33.208,1.369],[33.255,1.699],[33.354,1.717]],[[33.405,1.336],[33.559,1.33]],[[33.354,1.717],[33.509,1.585],[33.715,1.592]],[[33.811,1.668],[33.896,1.638]],[[33.811,1.668],[33.734,1.646],[33.715,1.592]],[[33.633,1.088],[33.743,0.936]],[[33.633,1.088],[33.904,1.168]],[[33.559,1.33],[33.667,1.413],[33.715,1.592]],[[33.559,1.33],[33.789,1.314]],[[30.765,-0.605],[30.647,-0.612],[30.64,-0.814],[30.59,-0.806]],[[30.765,-0.605],[30.865,-0.695],[31.075,-0.653]],[[31.078,-0.044],[31.066,-0.276],[31.135,-0.528]],[[30.59,-0.806],[30.297,-0.812],[30.273,-0.755]],[[30.59,-0.806],[30.461,-1.063]],[[31.075,-0.653],[31.135,-0.528]],[[31.075,-0.653],[31.181,-0.742],[31.183,-0.864],[31.28,-1.003]],[[30.273,-0.755],[30.425,-0.63],[30.47,-0.446]],[[30.273,-0.755],[30.187,-0.725]],[[31.621,-0.47],[31.69,-0.52],[31.676,-0.612],[31.752,-0.732],[31.986,-0.774]],[[31.621,-0.47],[31.459,-0.604],[31.237,-0.464]],[[31.621,-0.47],[31.619,-0.379],[31.721,-0.262]],[[31.986,-0.774],[31.986,-0.413],[32.068,-0.35],[31.975,-0.23]],[[31.986,-0.774],[31.986,-1.003]],[[31.237,-0.464],[31.229,-0.524],[31.135,-0.528]],[[-2.961,51.627],[-3.049,51.784],[-3.128,51.795]],[[-3.462,52.976],[-3.567,52.965],[-3.601,53.007],[-3.788,52.937],[-3.895,53.009],[-3.98,52.996],[-4.008,53.1],[-3.927,53.201],[-4,53.249]],[[-3.391,52.867],[-3.262,52.781],[-3.14,52.796]],[[-3.391,52.867],[-3.311,52.933],[-3.095,52.964],[-3.141,52.997],[-3.123,53.066]],[[-3.123,53.066],[-2.957,53.145]],[[-4.582,55.591],[-4.666,55.562]],[[-4.582,55.591],[-4.427,55.518],[-4.484,55.446],[-4.466,55.386],[-4.578,55.389],[-4.445,55.282],[-4.467,55.158]],[[-4.582,55.591],[-4.501,55.645],[-4.626,55.665],[-4.518,55.759]],[[-4.467,55.158],[-4.403,55.153],[-4.297,55.308],[-4.135,55.284],[-4.094,55.396],[-3.983,55.461]],[[-4.639,56.472],[-4.837,56.37],[-4.779,56.318],[-4.649,56.321],[-4.681,56.198],[-4.598,56.078]],[[-4.639,56.472],[-4.693,56.548],[-4.558,56.57],[-4.621,56.647],[-4.709,56.641]],[[-4.639,56.472],[-4.352,56.541],[-4.285,56.481],[-4.145,56.512],[-4.095,56.468],[-4.187,56.457],[-4.219,56.329],[-3.824,56.193]],[[-4.598,56.078],[-4.447,56.054],[-4.458,56.003],[-4.365,55.976]],[[-3.824,56.193],[-3.554,56.182],[-3.631,56.128]],[[-3.631,56.128],[-3.746,56.073]],[[-3.739,56.051],[-4.011,56.012]],[[-4.011,56.012],[-4.126,56.006]],[[-4.011,56.012],[-3.809,55.895]],[[-4.752,55.857],[-4.635,55.767],[-4.516,55.763]],[[-4.752,55.857],[-4.588,55.851],[-4.627,55.93]],[[-3.061,55.948],[-2.821,55.822]],[[-2.821,55.822],[-2.907,55.782],[-2.943,55.815],[-3.121,55.712],[-3.184,55.802],[-3.27,55.774],[-3.36,55.812]],[[-3.809,55.895],[-3.706,55.877],[-3.745,55.858],[-3.733,55.784]],[[-3.36,55.812],[-3.087,55.891],[-3.078,55.947]],[[-3.36,55.812],[-3.395,55.817]],[[-3.395,55.817],[-3.458,55.77]],[[-4.709,56.641],[-4.586,56.692],[-4.514,56.804],[-4.437,56.778],[-4.178,56.907],[-3.796,56.93]],[[-3.796,56.93],[-3.395,56.881]],[[-3.796,56.93],[-3.745,57.067],[-3.679,57.095]],[[-4.365,55.976],[-4.274,55.959],[-4.277,56.025],[-4.126,56.006]],[[-4.365,55.976],[-4.352,55.905]],[[-4.516,55.763],[-4.518,55.759]],[[-4.516,55.763],[-4.357,55.819]],[[-4.356,55.864],[-4.489,55.926]],[[-4.356,55.864],[-4.352,55.905]],[[-4.356,55.864],[-4.357,55.819]],[[-3.679,57.095],[-3.437,57.189],[-3.445,57.286],[-3.487,57.305],[-3.384,57.381],[-3.498,57.457],[-3.718,57.405],[-3.681,57.508],[-3.755,57.626]],[[-3.679,57.095],[-3.345,57.089],[-3.332,57.176],[-3.19,57.257],[-3.009,57.276],[-2.967,57.327],[-2.992,57.477],[-2.892,57.521],[-2.707,57.513],[-2.823,57.634],[-2.821,57.703]],[[-3.5,55.41],[-3.253,55.429],[-3.304,55.343],[-3.208,55.372],[-3.104,55.352],[-3.034,55.273],[-2.891,55.278],[-2.85,55.111]],[[-3.5,55.41],[-3.642,55.29],[-3.826,55.446],[-3.983,55.461]],[[-3.5,55.41],[-3.535,55.438],[-3.484,55.553],[-3.527,55.6],[-3.394,55.708],[-3.458,55.77]],[[-3.458,55.77],[-3.733,55.784]],[[-3.395,56.881],[-3.335,56.724],[-3.084,56.607],[-3.17,56.517],[-3.079,56.475]],[[-2.042,57.231],[-2.284,57.235],[-2.275,57.149],[-2.355,57.116],[-2.334,57.083],[-2.065,57.101]],[[-4.126,56.006],[-4.044,55.924],[-4.162,55.892]],[[-3.733,55.784],[-3.898,55.734],[-4.084,55.827]],[[-4.352,55.905],[-4.162,55.892]],[[-4.162,55.892],[-4.07,55.862],[-4.084,55.827]],[[-4.357,55.819],[-4.24,55.793]],[[-4.084,55.827],[-4.24,55.793]],[[-4.518,55.759],[-4.251,55.686]],[[-4.24,55.793],[-4.251,55.686]],[[-3.983,55.461],[-3.971,55.555],[-4.197,55.552],[-4.173,55.606],[-4.251,55.686]],[[-7.693,54.601],[-7.708,54.605]],[[-7.693,54.601],[-7.534,54.553],[-7.579,54.506],[-7.535,54.415],[-7.364,54.43]],[[-7.693,54.601],[-7.442,54.644],[-7.308,54.732],[-6.93,54.768]],[[-6.045,54.247],[-6.078,54.234],[-6.032,54.171],[-5.866,54.184]],[[-6.045,54.247],[-6.36,54.277]],[[-6.045,54.247],[-5.968,54.25],[-5.95,54.38]],[[-6.36,54.277],[-6.648,54.174]],[[-6.36,54.277],[-6.405,54.394]],[[-7.364,54.43],[-7.253,54.328],[-7.189,54.336]],[[-7.364,54.43],[-7.113,54.471],[-6.961,54.577]],[[-6.555,54.463],[-6.796,54.413],[-6.87,54.326]],[[-6.555,54.463],[-6.462,54.378],[-6.405,54.394]],[[-6.555,54.463],[-6.584,54.508],[-6.528,54.54]],[[-6.917,54.816],[-6.93,54.768]],[[-6.917,54.816],[-7.01,54.816]],[[-6.917,54.816],[-6.777,54.865],[-6.781,54.911]],[[-6.93,54.768],[-6.97,54.742]],[[-6.961,54.577],[-6.528,54.54]],[[-6.961,54.577],[-7,54.675],[-6.97,54.742]],[[-6.97,54.742],[-6.499,54.706]],[[-6.528,54.54],[-6.437,54.569]],[[-6.499,54.706],[-6.481,54.783]],[[-6.499,54.706],[-6.421,54.655],[-6.437,54.569]],[[-6.405,54.394],[-6.21,54.433]],[[-6.437,54.569],[-6.264,54.592]],[[-5.95,54.38],[-5.868,54.479]],[[-5.95,54.38],[-6.21,54.433]],[[-6.21,54.433],[-6.296,54.569],[-6.264,54.592]],[[-6.481,54.783],[-6.507,54.916]],[[-6.481,54.783],[-6.084,54.792]],[[-6.264,54.592],[-6.066,54.623]],[[-5.868,54.479],[-5.819,54.492]],[[-5.868,54.479],[-5.955,54.554]],[[-6.066,54.623],[-6.022,54.662]],[[-6.066,54.623],[-5.955,54.554]],[[-7.416,54.944],[-7.262,54.914],[-7.276,54.887],[-7.11,54.814],[-7.01,54.816]],[[-7.01,54.816],[-7.15,55.049]],[[-6.52,54.945],[-6.507,54.916]],[[-6.52,54.945],[-6.781,54.911]],[[-6.52,54.945],[-6.614,55.077],[-6.515,55.149]],[[-6.507,54.916],[-6.193,55.028]],[[-6.084,54.792],[-6.022,54.662]],[[-6.084,54.792],[-6.007,54.799]],[[-6.193,55.028],[-6.228,55.121],[-6.515,55.149]],[[-6.193,55.028],[-6.102,54.987]],[[-6.781,54.911],[-6.807,55.07],[-6.862,55.125],[-6.838,55.175]],[[-6.515,55.149],[-6.546,55.225]],[[-6.102,54.987],[-6.024,54.935],[-6.028,54.859],[-5.945,54.833],[-6.007,54.799]],[[-6.102,54.987],[-5.981,55.056]],[[-6.007,54.799],[-5.889,54.769]],[[-5.889,54.769],[-5.692,54.77]],[[-6.022,54.662],[-5.914,54.647]],[[-5.819,54.492],[-5.757,54.616]],[[-5.955,54.554],[-5.808,54.614]],[[-5.757,54.616],[-5.808,54.614]],[[-5.757,54.616],[-5.565,54.672]],[[-5.808,54.614],[-5.87,54.623]],[[-0.132,51.418],[-0.244,51.432]],[[-0.132,51.418],[-0.127,51.408]],[[-0.132,51.418],[-0.128,51.492]],[[-0.244,51.432],[-0.213,51.473]],[[-0.244,51.432],[-0.225,51.385]],[[-0.244,51.432],[-0.302,51.429],[-0.307,51.384]],[[-0.128,51.492],[-0.143,51.484]],[[-0.128,51.492],[-0.112,51.502]],[[-0.143,51.484],[-0.211,51.522]],[[-0.143,51.484],[-0.171,51.473]],[[-0.211,51.522],[-0.171,51.473]],[[-0.211,51.522],[-0.179,51.528]],[[-0.211,51.522],[-0.237,51.526]],[[-0.171,51.473],[-0.213,51.473]],[[-0.245,51.494],[-0.393,51.494]],[[-0.245,51.494],[-0.237,51.526]],[[-0.245,51.494],[-0.237,51.487]],[[-0.393,51.494],[-0.368,51.548]],[[-0.393,51.494],[-0.441,51.454]],[[-0.213,51.473],[-0.237,51.487]],[[-0.237,51.526],[-0.326,51.549]],[[-0.237,51.487],[-0.384,51.414]],[[-1.432,54.481],[-1.413,54.6]],[[-1.432,54.481],[-1.467,54.494],[-1.46,54.442],[-1.682,54.531]],[[-1.432,54.481],[-1.251,54.487]],[[-1.413,54.6],[-1.673,54.592],[-1.682,54.531]],[[-1.413,54.6],[-1.388,54.627]],[[-1.219,54.575],[-1.293,54.545],[-1.251,54.487]],[[-1.219,54.575],[-1.18,54.504]],[[-1.219,54.575],[-1.212,54.607]],[[-1.251,54.487],[-1.18,54.504]],[[-0.384,51.414],[-0.441,51.454]],[[-0.384,51.414],[-0.307,51.384]],[[-0.072,51.516],[-0.067,51.508]],[[-0.072,51.516],[-0.011,51.543]],[[-0.072,51.516],[-0.087,51.527]],[[-0.067,51.508],[-0.097,51.51]],[[-0.067,51.508],[-0.023,51.489]],[[-1.682,54.531],[-1.931,54.455],[-2.155,54.456]],[[-1.388,54.627],[-1.212,54.607]],[[-1.577,54.886],[-1.474,54.797],[-1.341,54.873]],[[-1.577,54.886],[-1.82,54.905]],[[-1.577,54.886],[-1.526,54.921]],[[-1.82,54.905],[-1.904,54.834],[-1.993,54.865],[-2.305,54.783]],[[-1.82,54.905],[-1.851,54.92],[-1.749,55.003]],[[-1.212,54.607],[-1.193,54.62]],[[-2.305,54.783],[-2.354,54.691],[-2.281,54.658],[-2.285,54.588],[-2.163,54.528],[-2.155,54.456]],[[-2.305,54.783],[-2.4,54.847],[-2.564,54.824],[-2.594,54.883],[-2.542,54.923],[-2.592,54.967],[-2.482,55.039],[-2.485,55.079],[-2.685,55.191]],[[-1.649,55.068],[-1.749,55.003]],[[-1.649,55.068],[-1.49,54.983]],[[-1.749,55.003],[-1.532,54.954]],[[-0.928,53.972],[-1.092,54.04],[-1.232,53.969],[-1.141,53.86],[-0.941,53.868]],[[-0.928,53.972],[-0.941,53.868]],[[-0.928,53.972],[-0.668,54.007],[-0.641,54.059],[-0.447,54.107],[-0.398,54.17],[-0.2,54.152]],[[-0.941,53.868],[-0.92,53.808],[-0.964,53.743],[-0.926,53.723],[-1.094,53.714],[-1.074,53.648]],[[-2.155,54.456],[-2.277,54.435],[-2.347,54.35],[-2.31,54.243],[-2.448,54.23]],[[-2.448,54.23],[-2.545,54.114],[-2.287,53.971],[-2.191,53.966],[-2.033,53.848]],[[-2.448,54.23],[-2.671,54.159],[-2.836,54.168]],[[-2.681,53.379],[-2.755,53.378]],[[-2.681,53.379],[-2.666,53.441],[-2.566,53.436]],[[-2.681,53.379],[-2.569,53.312]],[[-2.755,53.378],[-2.816,53.491]],[[-2.755,53.378],[-2.81,53.322]],[[-1.074,53.648],[-1.23,53.621]],[[-1.074,53.648],[-0.941,53.657],[-0.861,53.612]],[[-3.096,53.287],[-2.926,53.305]],[[-2.033,53.848],[-2.121,53.791],[-2.151,53.697]],[[-2.033,53.848],[-1.978,53.869]],[[-0.011,51.677],[-0.165,51.671]],[[-0.011,51.677],[-0.003,51.647]],[[-0.011,51.677],[0.036,51.768],[0.19,51.817],[0.19,51.89],[0.142,51.884],[0.081,52.002]],[[-0.165,51.671],[-0.294,51.638]],[[-0.165,51.671],[-0.131,51.608]],[[-0.294,51.638],[-0.267,51.601]],[[-0.294,51.638],[-0.4,51.615]],[[-0.03,51.601],[-0.003,51.647]],[[-0.03,51.601],[-0.053,51.574]],[[-0.03,51.601],[-0.131,51.608]],[[-0.003,51.647],[0.028,51.626]],[[0.148,51.617],[0.152,51.599]],[[0.148,51.617],[0.248,51.627],[0.32,51.558]],[[0.148,51.617],[0.028,51.626]],[[0.152,51.599],[0.193,51.554],[0.166,51.5]],[[0.152,51.599],[0.075,51.542]],[[0.028,51.626],[0.024,51.554]],[[0.024,51.554],[-0.011,51.552]],[[0.024,51.554],[0.075,51.542]],[[-0.861,53.612],[-0.904,53.572],[-0.872,53.531],[-0.943,53.518],[-0.919,53.487]],[[-0.282,53.606],[-0.198,53.63]],[[-0.282,53.606],[-0.171,53.565],[-0.191,53.477],[-0.114,53.427],[-0.058,53.51],[0.022,53.525]],[[-0.282,53.606],[-0.328,53.558],[-0.477,53.538],[-0.388,53.525],[-0.467,53.472],[-0.603,53.453],[-0.616,53.505],[-0.74,53.514],[-0.797,53.452]],[[-0.146,52.07],[-0.109,52.019],[-0.011,52.052],[0.081,52.002]],[[-0.146,52.07],[-0.255,51.979],[-0.386,51.971],[-0.385,51.921]],[[-0.146,52.07],[-0.132,52.134],[-0.217,52.133],[-0.253,52.192]],[[0.081,52.002],[0.106,52.055],[0.207,52.082],[0.409,52.059]],[[-0.797,53.452],[-0.919,53.487]],[[-0.797,53.452],[-0.745,53.323],[-0.777,53.234],[-0.637,53.235],[-0.745,53.171],[-0.706,53.16],[-0.689,53.05],[-0.781,53.006],[-0.767,52.961]],[[0.172,52.724],[0.06,52.706],[0.032,52.648],[-0.049,52.658]],[[0.172,52.724],[0.157,52.67],[0.246,52.601],[0.234,52.507],[0.447,52.432]],[[0.172,52.724],[0.276,52.756],[0.279,52.805]],[[-0.049,52.658],[-0.054,52.589],[-0.287,52.504],[-0.414,52.56]],[[-0.049,52.658],[-0.491,52.636]],[[0.447,52.432],[0.39,52.39],[0.51,52.275],[0.367,52.29],[0.35,52.258],[0.517,52.211],[0.398,52.104],[0.409,52.059]],[[0.447,52.432],[0.676,52.447],[0.693,52.389],[1.202,52.354],[1.43,52.461],[1.66,52.459],[1.702,52.477],[1.663,52.532],[1.748,52.533]],[[0.32,51.558],[0.225,51.489]],[[0.32,51.558],[0.547,51.518]],[[0.409,52.059],[0.678,52.077],[0.788,51.955],[1.079,51.951]],[[-0.129,50.883],[0.018,50.785]],[[-0.129,50.883],[-0.106,50.97],[-0.016,50.982],[0.019,51.05],[-0.029,51.077],[0.021,51.136]],[[-0.129,50.883],[-0.231,50.867],[-0.209,50.83]],[[0.021,51.136],[0.063,51.136]],[[0.021,51.136],[-0.182,51.161],[-0.541,51.079],[-0.754,51.089]],[[-0.754,51.089],[-0.891,51.01],[-0.953,50.892],[-0.93,50.84]],[[-0.754,51.089],[-0.84,51.204],[-0.731,51.244],[-0.765,51.331]],[[-0.995,50.847],[-1.088,50.85]],[[0.063,51.136],[0.054,51.29]],[[0.166,51.5],[0.225,51.489]],[[0.166,51.5],[0.121,51.503]],[[0.225,51.489],[0.223,51.472]],[[0.223,51.472],[0.166,51.399]],[[0.166,51.399],[0.054,51.29]],[[0.166,51.399],[0.08,51.432]],[[0.828,51.542],[0.686,51.577],[0.647,51.535]],[[-4.548,50.923],[-4.458,50.921],[-4.418,50.855],[-4.485,50.786],[-4.377,50.764],[-4.271,50.542],[-4.182,50.507],[-4.237,50.463],[-4.204,50.451]],[[-3.712,51.238],[-3.724,51.179],[-3.821,51.177],[-3.826,51.142],[-3.596,51.063],[-3.6,51.012],[-3.422,51.029],[-3.268,50.947],[-3.157,50.949],[-3.178,50.915],[-3.048,50.906],[-3.03,50.852],[-2.949,50.822]],[[-2.949,50.822],[-2.614,50.885],[-2.599,50.976],[-2.542,51.002],[-2.452,50.951],[-2.338,50.983],[-2.371,51.007],[-2.322,51.083]],[[-4.116,50.348],[-4.042,50.399],[-4.187,50.426]],[[-2.713,51.32],[-2.889,51.286],[-2.992,51.322]],[[-2.713,51.32],[-2.458,51.273],[-2.29,51.325]],[[-2.713,51.32],[-2.634,51.382]],[[-2.634,51.382],[-2.631,51.443],[-2.729,51.496]],[[-2.634,51.382],[-2.523,51.419]],[[-1.319,50.857],[-1.338,50.937],[-1.449,50.912]],[[-1.95,50.988],[-1.838,51.009],[-1.611,50.96],[-1.622,51.108],[-1.696,51.237],[-1.538,51.245],[-1.527,51.33],[-1.487,51.332]],[[-1.95,50.988],[-2.099,50.956],[-2.224,51.066],[-2.322,51.083]],[[-2.322,51.083],[-2.349,51.118],[-2.236,51.264],[-2.29,51.325]],[[-2.272,51.577],[-2.149,51.589],[-2.057,51.664],[-1.875,51.641],[-1.888,51.672],[-1.833,51.657],[-1.806,51.698],[-1.75,51.659]],[[-2.272,51.577],[-2.245,51.519],[-2.321,51.484],[-2.281,51.42]],[[-2.523,51.419],[-2.281,51.42]],[[-3.519,50.376],[-3.649,50.433],[-3.61,50.499],[-3.505,50.508]],[[-0.131,51.387],[-0.225,51.385]],[[-0.131,51.387],[-0.127,51.408]],[[-0.131,51.387],[-0.11,51.348],[-0.164,51.32]],[[-0.225,51.385],[-0.243,51.374]],[[-0.867,52.034],[-0.657,51.948]],[[-0.867,52.034],[-0.828,52.072],[-0.878,52.116],[-0.655,52.192]],[[-0.867,52.034],[-0.95,52.074],[-1.142,52.018],[-1.108,52.009]],[[-0.657,51.948],[-0.658,52.039],[-0.574,52.097]],[[-0.657,51.948],[-0.688,51.903],[-0.534,51.819]],[[-0.534,51.819],[-0.73,51.828],[-0.662,51.759],[-0.527,51.735],[-0.493,51.591]],[[-0.534,51.819],[-0.453,51.847]],[[-0.493,51.591],[-0.4,51.615]],[[-0.493,51.591],[-0.497,51.478]],[[-0.368,51.548],[-0.326,51.549]],[[-0.368,51.548],[-0.4,51.615]],[[-0.441,51.454],[-0.497,51.478]],[[-0.497,51.478],[-0.513,51.476]],[[-0.179,51.528],[-0.112,51.502]],[[-0.179,51.528],[-0.205,51.551]],[[-0.326,51.549],[-0.267,51.601]],[[-0.267,51.601],[-0.205,51.551]],[[-0.205,51.551],[-0.163,51.566]],[[-0.385,51.921],[-0.34,51.844],[-0.453,51.847]],[[-0.385,51.921],[-0.465,51.914],[-0.453,51.847]],[[-0.574,52.097],[-0.655,52.192]],[[-0.574,52.097],[-0.393,52.066],[-0.325,52.179],[-0.253,52.192]],[[-0.655,52.192],[-0.641,52.259],[-0.541,52.246],[-0.459,52.309]],[[-0.253,52.192],[-0.459,52.309]],[[-0.651,52.748],[-0.415,52.687],[-0.491,52.636]],[[-0.651,52.748],[-0.754,52.871],[-0.767,52.961]],[[-0.651,52.748],[-0.805,52.709],[-0.8,52.595],[-0.73,52.507]],[[-0.491,52.636],[-0.73,52.507]],[[-0.491,52.636],[-0.474,52.568],[-0.414,52.56]],[[-0.919,53.487],[-1.118,53.379]],[[-0.767,52.961],[-0.979,52.808],[-1.226,52.778],[-1.263,52.862]],[[-0.459,52.309],[-0.484,52.365],[-0.336,52.456],[-0.414,52.56]],[[-1.108,52.009],[-1.053,51.993],[-1.082,51.898],[-1.047,51.833],[-1.125,51.834],[-1.109,51.78],[-0.884,51.716],[-0.874,51.668],[-0.944,51.619],[-0.887,51.548]],[[-1.108,52.009],[-1.265,51.98],[-1.307,52.077],[-1.237,52.096],[-1.321,52.162]],[[-0.73,52.507],[-0.862,52.509],[-0.884,52.447],[-0.963,52.464],[-1.187,52.381]],[[-0.131,51.564],[-0.103,51.523]],[[-0.131,51.564],[-0.094,51.56]],[[-0.131,51.564],[-0.163,51.566]],[[-0.103,51.523],[-0.087,51.527]],[[-0.103,51.523],[-0.097,51.51]],[[-0.112,51.502],[-0.108,51.505]],[[-0.163,51.566],[-0.131,51.608]],[[-0.127,51.408],[-0.076,51.414]],[[-0.108,51.505],[-0.097,51.51]],[[-0.108,51.505],[-0.075,51.419]],[[-0.023,51.489],[-0.067,51.421]],[[-0.023,51.489],[0.019,51.503]],[[-0.023,51.489],[0.025,51.438]],[[-0.075,51.419],[-0.076,51.414]],[[-0.075,51.419],[-0.067,51.421]],[[-1.23,53.621],[-1.211,53.71],[-1.307,53.738]],[[-1.23,53.621],[-1.344,53.581]],[[-1.118,53.379],[-1.325,53.478]],[[-1.118,53.379],[-1.176,53.293]],[[-0.164,51.32],[-0.243,51.374]],[[-0.164,51.32],[-0.128,51.289],[0.013,51.321]],[[-0.076,51.414],[0.013,51.321]],[[-0.067,51.421],[0.025,51.438]],[[-0.094,51.56],[-0.087,51.527]],[[-0.094,51.56],[-0.053,51.574]],[[-0.053,51.574],[-0.011,51.552]],[[-0.307,51.384],[-0.312,51.324],[-0.243,51.374]],[[-0.011,51.543],[0.019,51.503]],[[-0.011,51.543],[-0.011,51.552]],[[0.019,51.503],[0.097,51.498]],[[0.075,51.542],[0.097,51.498]],[[0.121,51.503],[0.08,51.432]],[[0.121,51.503],[0.097,51.498]],[[0.08,51.432],[0.025,51.438]],[[-1.263,52.862],[-1.233,52.881],[-1.33,53.05],[-1.31,53.143],[-1.191,53.168],[-1.176,53.293]],[[-1.263,52.862],[-1.541,52.746],[-1.583,52.685]],[[-1.187,52.381],[-1.165,52.348],[-1.249,52.32],[-1.203,52.301],[-1.208,52.25],[-1.321,52.162]],[[-1.187,52.381],[-1.293,52.479],[-1.546,52.581],[-1.534,52.642],[-1.58,52.677]],[[-2.017,53.37],[-1.977,53.207]],[[-2.017,53.37],[-1.981,53.398],[-2.012,53.412]],[[-2.017,53.37],[-2.16,53.321],[-2.26,53.345]],[[-1.977,53.207],[-2.138,53.174],[-2.205,53.114]],[[-1.977,53.207],[-1.804,53.149],[-1.746,53],[-1.841,52.905],[-1.608,52.83],[-1.7,52.726],[-1.583,52.685]],[[-1.176,53.293],[-1.394,53.325]],[[-1.394,53.325],[-1.61,53.306],[-1.582,53.33],[-1.734,53.411],[-1.816,53.516]],[[-1.394,53.325],[-1.406,53.411]],[[-1.583,52.685],[-1.58,52.677]],[[-2.244,53.086],[-2.205,53.114]],[[-2.244,53.086],[-2.366,53.052],[-2.379,52.99]],[[-2.244,53.086],[-2.202,52.964],[-2.095,52.949],[-2.205,53.114]],[[-2.397,52.822],[-2.324,52.748]],[[-2.397,52.822],[-2.663,52.743],[-2.425,52.607],[-2.324,52.748]],[[-2.397,52.822],[-2.366,52.884],[-2.45,52.897],[-2.379,52.99]],[[-2.324,52.748],[-2.305,52.687],[-2.228,52.659],[-2.237,52.612],[-2.311,52.599],[-2.251,52.562],[-2.286,52.445]],[[-2.379,52.99],[-2.527,52.947],[-2.623,52.986]],[[-1.58,52.677],[-1.643,52.58],[-1.778,52.575]],[[0.054,51.29],[0.013,51.321]],[[-1.758,52.106],[-1.863,52.063],[-1.832,52.008],[-2.13,51.995],[-2.115,52.042],[-2.165,52.04],[-2.16,51.995],[-2.252,51.963],[-2.352,52.014]],[[-1.758,52.106],[-1.612,52.027],[-1.653,51.984]],[[-1.758,52.106],[-1.944,52.165],[-1.844,52.384]],[[-2.352,52.014],[-2.461,52.02],[-2.481,51.958],[-2.434,51.897],[-2.649,51.821]],[[-2.352,52.014],[-2.35,52.107],[-2.448,52.258],[-2.607,52.242],[-2.641,52.332]],[[-2.286,52.445],[-2.154,52.423]],[[-2.286,52.445],[-2.351,52.424],[-2.32,52.385],[-2.474,52.327],[-2.641,52.332]],[[-2.154,52.423],[-2.178,52.501],[-2.126,52.544]],[[-2.154,52.423],[-2.031,52.437]],[[-2.641,52.332],[-2.695,52.304],[-2.839,52.391],[-2.957,52.341]],[[-1.653,51.984],[-1.613,51.932],[-1.709,51.775],[-1.644,51.68],[-1.683,51.679]],[[-1.653,51.984],[-1.55,51.969],[-1.47,52.089],[-1.358,52.095],[-1.321,52.162]],[[-1.778,52.575],[-1.856,52.575]],[[-1.778,52.575],[-1.741,52.497]],[[-1.844,52.384],[-1.996,52.379],[-1.983,52.418],[-2.031,52.437]],[[-1.844,52.384],[-1.835,52.381]],[[-1.683,51.679],[-1.75,51.659]],[[-1.683,51.679],[-1.675,51.573],[-1.585,51.517]],[[-0.887,51.548],[-0.846,51.542]],[[-0.887,51.548],[-0.88,51.497],[-0.965,51.455]],[[-2.752,53.511],[-2.566,53.436]],[[-2.752,53.511],[-2.687,53.6],[-2.559,53.599]],[[-2.752,53.511],[-2.816,53.491]],[[-2.566,53.436],[-2.485,53.462]],[[-2.012,53.412],[-2.225,53.437]],[[-2.012,53.412],[-1.978,53.469]],[[-2.485,53.462],[-2.511,53.538]],[[-2.485,53.462],[-2.447,53.419]],[[-1.032,51.355],[-1.399,51.371],[-1.487,51.332]],[[-1.032,51.355],[-0.853,51.35]],[[-1.032,51.355],[-1.054,51.412]],[[-1.487,51.332],[-1.58,51.503]],[[-0.853,51.35],[-0.765,51.331]],[[-0.853,51.35],[-0.828,51.47]],[[-0.765,51.331],[-0.699,51.367]],[[-0.846,51.542],[-0.697,51.559],[-0.701,51.507],[-0.636,51.494]],[[-0.846,51.542],[-0.828,51.47]],[[-0.636,51.494],[-0.644,51.526],[-0.569,51.527],[-0.513,51.476]],[[-0.636,51.494],[-0.576,51.446]],[[-0.513,51.476],[-0.518,51.439],[-0.576,51.446]],[[-1.081,51.489],[-0.965,51.455]],[[-1.081,51.489],[-1.307,51.553],[-1.585,51.517]],[[-1.081,51.489],[-1.054,51.412]],[[-0.965,51.455],[-1.054,51.412]],[[-1.585,51.517],[-1.58,51.503]],[[-0.699,51.367],[-0.576,51.446]],[[-0.699,51.367],[-0.682,51.431],[-0.828,51.47]],[[-2.357,53.665],[-2.418,53.766],[-2.469,53.769],[-2.526,53.738],[-2.504,53.627]],[[-2.357,53.665],[-2.376,53.635]],[[-2.357,53.665],[-2.28,53.665],[-2.258,53.614]],[[-2.504,53.627],[-2.559,53.599]],[[-2.504,53.627],[-2.376,53.635]],[[-1.75,51.659],[-1.839,51.547],[-1.81,51.48],[-1.698,51.46],[-1.58,51.503]],[[-2.29,51.325],[-2.334,51.347],[-2.281,51.42]],[[-2.151,53.697],[-2.046,53.684],[-2.024,53.639]],[[-2.151,53.697],[-2.258,53.614]],[[-1.897,53.533],[-1.816,53.516]],[[-1.897,53.533],[-1.988,53.615]],[[-1.897,53.533],[-1.978,53.469]],[[-1.816,53.516],[-1.464,53.469],[-1.406,53.411]],[[-1.816,53.516],[-1.6,53.574]],[[31.975,-0.23],[31.721,-0.262]],[[32.493,-0.163],[32.605,-0.163]],[[30.058,-0.76],[30.068,-1.087]],[[30.058,-0.76],[30.187,-0.725]],[[30.058,-0.76],[29.913,-0.622],[29.943,-0.505]],[[29.629,-0.442],[29.71,-0.432],[29.709,-0.583],[29.776,-0.614],[29.84,-0.759],[29.83,-0.924],[29.9,-1.044]],[[29.9,-1.044],[29.772,-1.025],[29.755,-1.076]],[[29.9,-1.044],[30.068,-1.087]],[[33.032,0.587],[32.985,0.51],[33.021,0.36],[32.605,-0.163]],[[33.273,0.35],[33.387,0.303]],[[33.273,0.35],[33.192,0.299],[33.078,0.091],[33.014,-0.147],[32.847,-0.462]],[[33.387,0.303],[33.426,0.214],[33.426,-1.003]],[[32.605,-0.163],[32.847,-0.163],[32.847,-0.462]],[[32.847,-0.462],[32.847,-1.003]],[[30.068,-1.087],[30.177,-1.194],[30.291,-1.153]],[[29.755,-1.076],[29.552,-0.99]],[[29.755,-1.076],[29.73,-1.119],[29.797,-1.183],[29.825,-1.324]],[[34.637,1.541],[34.503,1.592],[34.378,1.557]],[[34.637,1.541],[34.742,1.419]],[[34.637,1.541],[34.789,1.681],[34.808,1.993],[34.861,1.998],[34.842,2.113]],[[34.378,1.557],[34.23,1.556]],[[34.378,1.557],[34.453,1.487],[34.433,1.446]],[[34.742,1.419],[34.781,1.372]],[[34.742,1.419],[34.548,1.2]],[[30.323,-0.212],[30.146,-0.308],[30.138,-0.417]],[[30.47,-0.446],[30.338,-0.457],[30.326,-0.492]],[[30.207,-0.079],[30.269,0.263]],[[30.207,-0.079],[30.133,-0.075],[30.004,-0.174],[29.681,-0.138]],[[30.187,-0.725],[30.165,-0.633]],[[29.943,-0.505],[29.914,-0.402]],[[29.943,-0.505],[30.083,-0.539],[30.165,-0.633]],[[29.914,-0.402],[29.644,-0.358]],[[29.914,-0.402],[30.024,-0.351],[30.138,-0.417]],[[34.23,1.556],[34.212,1.631]],[[34.23,1.556],[34.268,1.4],[34.214,1.242]],[[34.23,1.556],[34.043,1.495],[34.002,1.295],[33.927,1.246]],[[34.357,1.086],[34.507,1.103],[34.524,1.162]],[[34.357,1.086],[34.264,0.999]],[[34.357,1.086],[34.157,1.163]],[[34.524,1.162],[34.498,1.222],[34.309,1.321],[34.433,1.446]],[[34.524,1.162],[34.214,1.242]],[[34.433,1.446],[34.567,1.373],[34.548,1.2]],[[34.548,1.2],[34.56,1.093]],[[34.164,0.828],[34.296,0.747]],[[34.164,0.828],[34.264,0.999]],[[34.164,0.828],[34.085,0.902]],[[33.631,0.733],[33.669,0.64],[33.609,0.442]],[[33.631,0.733],[33.837,0.69]],[[33.865,0.685],[33.957,0.564]],[[33.865,0.685],[33.947,0.848],[34.085,0.902]],[[33.865,0.685],[33.837,0.69]],[[33.957,0.564],[34.132,0.569]],[[33.957,0.564],[33.893,0.474]],[[33.893,0.474],[33.918,0.404],[33.881,0.314],[33.96,0.199]],[[33.893,0.474],[33.829,0.383],[33.685,0.322]],[[33.609,0.442],[33.693,0.368],[33.685,0.322]],[[33.685,0.322],[33.654,0.073],[33.741,-0.041],[33.632,-0.103],[33.632,-1.003]],[[32.357,3.287],[32.179,3.053],[32.201,2.729]],[[32.357,3.287],[32.176,3.527]],[[32.201,2.729],[31.985,2.8],[31.747,2.797],[31.705,2.733],[31.588,2.733],[31.424,2.617]],[[31.755,2.298],[31.546,2.278]],[[33.155,3.018],[32.989,3.173],[32.931,3.18],[32.928,3.109],[32.783,3.18]],[[33.743,3.353],[33.903,3.297],[33.906,3.244],[34.036,3.239],[34.386,3.082]],[[33.743,3.353],[33.528,3.771]],[[34.386,3.082],[34.252,2.833]],[[34.386,3.082],[34.546,3.098]],[[32.054,3.56],[32.025,3.243],[31.931,3.036],[31.625,2.957],[31.555,2.869],[31.402,2.956]],[[31.402,2.956],[31.393,2.786]],[[31.402,2.956],[31.512,3.119]],[[32.022,3.586],[31.908,3.499],[31.815,3.535],[31.693,3.486],[31.525,3.145]],[[31.525,3.145],[31.512,3.119]],[[31.525,3.145],[31.461,3.219],[31.464,3.458],[31.614,3.697]],[[34.117,1.178],[34.13,1.115]],[[34.117,1.178],[33.927,1.246]],[[34.117,1.178],[34.157,1.163]],[[34.13,1.115],[34.069,1.034]],[[34.13,1.115],[33.904,1.168]],[[34.069,1.034],[33.955,0.948],[33.844,0.939]],[[34.069,1.034],[34.116,1.022],[34.085,0.902]],[[34.264,0.999],[34.463,1]],[[34.157,1.163],[34.214,1.242]],[[33.844,0.939],[33.743,0.936]],[[33.844,0.939],[33.849,1.029],[33.915,1.09],[33.904,1.168]],[[33.743,0.936],[33.837,0.69]],[[34.252,2.833],[34.438,2.775],[34.645,2.641],[34.645,2.579],[34.755,2.484]],[[34.212,1.955],[34.212,1.631]],[[34.212,1.955],[34.347,1.979],[34.448,2.07],[34.602,2.079],[34.635,2.478],[34.755,2.484]],[[34.212,1.631],[33.896,1.638]],[[33.896,1.638],[33.84,1.59],[33.843,1.431],[33.782,1.388],[33.789,1.314]],[[33.789,1.314],[33.927,1.246]],[[30.905,3.386],[31.054,3.313]],[[31.054,3.313],[31.069,3.732]],[[31.054,3.313],[31.205,3.335],[31.399,3.219],[31.424,3.131],[31.512,3.119]],[[31.054,3.313],[30.916,3.117],[30.763,3.123]],[[31.424,2.617],[31.449,2.694],[31.393,2.786]],[[31.424,2.617],[31.528,2.49],[31.467,2.356],[31.34,2.263],[31.346,2.18]],[[31.393,2.786],[31.252,2.636],[31.048,2.589]],[[31.346,2.18],[31.28,2.151]],[[31.346,2.18],[31.546,2.278]],[[31.361,1.738],[31.327,1.821],[31.076,1.841]],[[31.361,1.738],[31.549,1.758],[31.578,1.868],[31.645,1.921],[31.54,2.065],[31.546,2.278]],[[30.17,0.715],[30.252,0.853],[30.183,0.955]],[[29.833,0.337],[30.059,0.368],[30.269,0.263]],[[31.048,2.589],[30.989,2.615],[30.966,2.737],[30.771,2.676]],[[31.048,2.589],[31.055,2.487],[30.968,2.405]],[[29.678,39.906],[29.666,39.779],[29.716,39.709],[29.945,39.608],[30.136,39.639]],[[29.678,39.906],[29.399,39.896],[29.246,39.579],[29.191,39.552],[28.967,39.589]],[[29.678,39.906],[29.784,39.911],[29.69,40.085],[29.718,40.186],[29.832,40.291],[29.8,40.372],[29.828,40.455],[29.941,40.534]],[[30.136,39.639],[30.284,39.51],[30.442,39.206]],[[31.861,39.171],[32.091,39.043],[32.282,39.064],[32.479,38.997],[32.601,39.058],[32.676,39.034],[32.86,39.157],[33.009,39.105],[33.043,39.202],[33.105,39.222],[33.321,39.12],[33.374,39.023],[33.366,38.799],[33.467,38.644]],[[31.861,39.171],[31.835,39.098],[31.698,39.093]],[[30.442,39.206],[30.372,39.122],[30.253,39.081],[30.096,38.804],[29.888,38.707]],[[30.442,39.206],[30.621,39.087],[30.869,39.211],[30.962,39.155],[31.258,39.282],[31.453,39.091],[31.698,39.093]],[[33.595,40.34],[33.562,40.016],[33.373,39.982],[33.273,39.727],[33.524,39.267]],[[33.595,40.34],[33.964,40.266]],[[35.51,40.189],[35.657,40.087],[36.006,40.115],[36.089,39.924]],[[35.51,40.189],[35.327,40.234]],[[33.964,40.266],[34.082,40.31],[34.148,40.397],[34.05,40.676],[34.077,40.798],[34.027,40.861]],[[33.964,40.266],[34.101,40.057],[34.053,39.908]],[[34.027,40.861],[33.821,40.925],[33.783,40.974],[33.851,41.057],[33.826,41.104],[33.409,40.96],[33.069,41.093]],[[35.327,40.234],[35.191,40.217],[35.178,40.103],[35.073,40.039],[34.941,40.054],[34.612,39.98],[34.458,40.001],[34.053,39.908]],[[33.467,38.644],[33.812,38.715],[33.933,38.792],[33.897,38.935],[33.93,39.001]],[[33.467,38.644],[33.368,38.532],[33.265,38.204],[33.415,37.964],[33.5,37.932],[34.16,38.002]],[[31.698,39.093],[31.675,39],[31.715,38.928],[31.608,38.782],[31.595,38.666],[31.254,38.423]],[[34.149,37.155],[33.805,37.504],[33.778,37.632],[33.639,37.647],[33.514,37.541],[33.013,37.459],[32.629,37.078],[32.61,36.976],[32.73,36.95],[32.742,36.893],[32.456,36.673]],[[34.149,37.155],[34.512,37.352]],[[34.149,37.155],[33.761,37.031],[33.372,36.988],[33.233,36.918],[33.167,36.813],[33.108,36.846],[32.98,36.804],[33.043,36.673],[33.231,36.561],[33.102,36.554],[33.052,36.467],[32.652,36.438]],[[32.456,36.673],[32.447,36.808],[32.29,36.881],[32.324,36.958],[32.033,37.169],[31.815,37.298],[31.459,37.341],[31.332,37.422]],[[32.456,36.673],[32.532,36.534],[32.652,36.438]],[[34.16,38.002],[34.206,37.91],[34.3,37.875],[34.445,37.717],[34.389,37.486],[34.512,37.352]],[[34.16,38.002],[34.49,38.389]],[[34.512,37.352],[34.792,37.388]],[[34.915,38.379],[35.044,38.178],[35.206,38.177],[35.259,37.954],[35.212,37.931],[35.191,37.818]],[[34.915,38.379],[34.81,38.348],[34.69,38.404],[34.49,38.389]],[[34.915,38.379],[35.071,38.566],[35.069,38.705],[34.953,38.848],[35.028,39.041]],[[35.191,37.818],[35.06,37.714],[34.86,37.717],[34.828,37.68],[34.865,37.553],[34.792,37.388]],[[35.191,37.818],[35.63,37.77],[35.608,37.954],[35.979,38.155],[36.146,38.395],[36.267,38.458],[36.4,38.457],[36.506,38.323]],[[31.254,38.423],[31.283,38.35],[31.621,38.105],[31.447,38.003],[31.451,37.781],[31.329,37.639],[31.368,37.538],[31.332,37.422]],[[31.254,38.423],[31.1,38.515],[30.781,38.278],[30.53,38.193],[30.232,37.993],[30.165,37.81],[30.015,37.777]],[[31.332,37.422],[31.023,37.351],[30.935,37.38]],[[29.032,38.73],[28.991,38.948],[28.91,39.06],[28.659,39.157]],[[29.032,38.73],[29.087,38.767],[29.273,38.729],[29.529,38.763],[29.571,38.865],[29.688,38.885],[29.889,38.81],[29.888,38.707]],[[29.032,38.73],[28.848,38.6],[28.915,38.441],[28.838,38.303],[28.931,38.255]],[[28.659,39.157],[28.667,39.238],[28.811,39.291],[28.896,39.4],[28.967,39.589]],[[28.659,39.157],[28.321,39.116],[28.171,39.05],[27.985,39.236],[27.854,39.236],[27.871,39.345],[27.656,39.352],[27.497,39.411],[27.42,39.38]],[[28.698,38.104],[28.784,38.12],[28.838,38.239],[28.931,38.255]],[[28.698,38.104],[28.791,37.999],[28.771,37.845],[28.893,37.76],[28.9,37.71],[28.73,37.598],[28.583,37.59],[28.609,37.477]],[[28.698,38.104],[28.562,38.106]],[[28.931,38.255],[29.348,38.22],[29.412,38.283],[29.596,38.287],[29.629,38.429],[29.753,38.45]],[[36.089,39.924],[36.211,39.748],[36.183,39.643],[35.82,39.334]],[[35.82,39.334],[36.112,39.206],[36.452,39.198],[36.551,39.155],[36.734,39.179],[36.9,39.133],[36.936,39.044],[36.747,38.599]],[[35.82,39.334],[35.736,39.244],[35.255,39.013],[35.028,39.041]],[[36.747,38.599],[36.506,38.323]],[[36.747,38.599],[37.284,38.604]],[[29.846,37.759],[29.538,37.576],[29.588,37.419],[29.415,37.175],[29.39,37.069]],[[29.846,37.759],[29.789,37.828],[29.664,37.854],[29.665,37.956],[30.041,38.192],[29.892,38.425],[29.753,38.45]],[[29.846,37.759],[30.015,37.777]],[[29.39,37.069],[29.27,36.912],[29.115,36.958],[29.062,37.103],[28.812,37.234],[28.735,37.36],[28.627,37.382],[28.609,37.477]],[[29.39,37.069],[29.397,36.96],[29.604,37.009],[29.689,36.914]],[[30.015,37.777],[30.086,37.703],[30.337,37.846],[30.513,37.709],[30.706,37.671],[30.836,37.451],[30.935,37.38]],[[30.935,37.38],[30.748,37.228],[30.441,37.231],[30.295,37.305],[30.086,37.247],[29.906,37.172],[29.796,36.979],[29.689,36.914]],[[33.93,39.001],[33.937,39.035],[33.545,39.211],[33.524,39.267]],[[33.93,39.001],[34.046,38.967],[34.1,38.9],[34.236,38.927]],[[34.49,38.389],[34.36,38.473],[34.381,38.617],[34.22,38.651],[34.236,38.927]],[[35.028,39.041],[34.974,39.188],[34.737,39.4]],[[34.236,38.927],[34.386,38.862],[34.393,38.982],[34.63,39.069],[34.672,39.111],[34.595,39.394],[34.737,39.4]],[[34.053,39.908],[34.073,39.826]],[[34.737,39.4],[34.395,39.701],[34.27,39.714],[34.073,39.826]],[[33.524,39.267],[33.637,39.419],[33.799,39.52],[33.913,39.707],[34.073,39.826]],[[29.888,38.707],[29.753,38.45]],[[38.762,40.055],[38.737,39.965],[38.546,39.937],[38.451,39.971],[38.369,39.868],[38.54,39.833],[38.379,39.703],[38.344,39.565],[38.447,39.46],[38.361,39.399],[38.393,39.211],[38.362,39.15]],[[38.762,40.055],[38.933,40.071]],[[38.362,39.15],[37.786,38.998],[37.574,39.008],[37.58,38.797],[37.284,38.604]],[[38.362,39.15],[38.581,39.102],[38.688,39.023]],[[40.555,39.549],[40.175,39.584],[39.989,39.532],[39.856,39.572],[39.704,39.501],[39.132,39.475],[38.837,39.339],[38.848,39.258],[38.72,39.158],[38.746,39.038]],[[40.555,39.549],[40.19,39.372],[40.056,39.358],[40.015,39.097]],[[40.555,39.549],[40.619,39.532]],[[38.746,39.038],[38.813,38.877],[39.081,38.887],[39.476,38.763],[39.793,38.843],[39.88,38.939],[39.892,39.075],[40.015,39.097]],[[38.746,39.038],[38.688,39.023]],[[36.506,38.323],[36.418,38.219],[36.339,37.978],[36.36,37.732],[36.28,37.669]],[[37.284,38.604],[37.226,38.526],[37.237,38.467],[37.46,38.45],[37.734,38.346],[37.782,38.278],[37.565,37.82]],[[42.431,39.491],[42.199,39.426],[42.156,39.299],[41.834,39.169],[41.663,39.199],[41.446,39.372],[41.205,39.366]],[[42.431,39.491],[42.641,39.235],[42.628,39.002]],[[42.431,39.491],[42.495,39.748],[42.272,39.869],[42.564,39.952]],[[41.205,39.366],[41.118,39.464],[40.855,39.581],[40.619,39.532]],[[41.205,39.366],[41.172,39.305],[41.277,39.073],[41.164,38.888],[41.26,38.739]],[[38.688,39.023],[38.589,38.992],[38.632,38.752],[38.484,38.753],[38.349,38.596],[38.374,38.537],[38.689,38.421],[38.81,38.44],[38.957,38.33],[39.115,38.344]],[[37.565,37.82],[37.422,37.694],[37.422,37.635],[37.625,37.519]],[[37.565,37.82],[38.128,37.905],[38.217,38.04],[38.431,38.214],[38.619,38.219],[38.571,38.126],[38.803,38.09],[39.115,38.193]],[[40.015,39.097],[40.361,39.229],[40.392,39.182],[40.28,38.993],[40.382,38.825],[40.344,38.722],[40.28,38.737],[40.233,38.63],[40.301,38.478]],[[39.115,38.344],[39.149,38.284],[39.115,38.193]],[[39.115,38.344],[39.72,38.378],[39.893,38.504],[40.301,38.478]],[[42.628,39.002],[42.473,38.932],[42.16,38.902],[42.106,38.83],[42.018,38.832],[42.038,38.713],[41.937,38.634],[41.531,38.554]],[[42.628,39.002],[42.972,39.104]],[[41.531,38.554],[41.421,38.535]],[[41.531,38.554],[41.616,38.529],[41.677,38.221]],[[40.619,39.532],[40.68,39.688],[40.549,39.77],[40.467,39.913],[40.242,39.937],[40.281,40.047]],[[41.26,38.739],[41.378,38.649],[41.421,38.535]],[[41.26,38.739],[40.9,38.601],[40.548,38.609],[40.491,38.586],[40.459,38.495],[40.301,38.478]],[[7.878,5.69],[7.957,5.391],[7.897,5.365]],[[7.878,5.69],[7.975,5.993],[8.098,5.951],[8.191,6.031],[8.246,6.018],[8.38,6.236],[8.377,6.366],[8.435,6.433],[8.292,6.676]],[[7.878,5.69],[7.731,5.819],[7.526,5.85],[7.534,5.973]],[[7.897,5.365],[7.705,5.524],[7.641,5.511],[7.65,5.329],[7.525,5.305],[7.518,5.05],[7.463,4.982],[7.496,4.817]],[[8.292,6.676],[8.218,6.792],[8.119,6.711],[7.999,6.696],[7.929,6.519],[7.828,6.63]],[[8.292,6.676],[8.411,6.746],[8.577,6.751],[8.631,6.867],[8.764,6.886],[8.957,6.79],[8.991,6.662],[9.233,6.687],[9.321,6.642],[9.489,6.418]],[[6.606,5.723],[6.704,6.076],[6.758,6.123],[6.677,6.535]],[[6.606,5.723],[6.669,5.694]],[[6.606,5.723],[6.547,5.501],[6.475,5.439],[6.493,5.393]],[[6.677,6.535],[6.201,6.287],[6.128,6.346],[6.07,6.328],[6.1,6.135],[6.222,5.975],[6.021,5.762],[5.889,5.746],[5.896,5.878],[5.663,6.04],[5.53,5.982],[5.331,6.02],[5.251,5.906],[5.232,6.039],[5.115,6.127]],[[6.677,6.535],[6.792,6.567],[6.906,6.776]],[[6.677,6.535],[6.649,6.844],[6.719,7.149],[6.697,7.22],[6.628,7.279],[6.511,7.251],[6.433,7.384],[6.351,7.379],[6.264,7.463],[6.132,7.427],[6.111,7.527],[6.028,7.573]],[[5.115,6.127],[4.979,6.284],[5.121,6.514],[5.072,6.606],[5.091,6.705],[5.216,6.872],[5.496,6.872],[5.542,6.836],[5.541,6.717],[5.714,6.752],[5.789,6.917],[5.786,7.031],[5.953,7.299],[5.935,7.492],[6.028,7.573]],[[10.56,9.497],[10.864,9.592],[11.069,9.586]],[[10.56,9.497],[10.646,9.105],[10.619,8.88],[10.229,8.747],[10.105,8.591],[9.818,8.373],[9.615,8.351]],[[10.56,9.497],[9.872,9.837],[9.813,9.798],[9.856,9.675],[9.735,9.567],[9.502,9.537],[9.299,9.582],[9.16,9.729],[9.203,9.846],[9.177,9.996],[8.961,10.023],[8.937,10.287],[8.901,10.33],[8.785,10.336]],[[11.069,9.586],[10.971,9.888],[10.724,10.097],[10.843,10.188],[10.823,10.446],[10.688,10.519],[10.646,10.666],[10.539,10.712],[10.674,11.041],[11.014,11.295]],[[11.069,9.586],[11.526,9.592]],[[9.615,8.351],[9.547,8.282],[9.335,8.317],[9.304,8.238],[9.37,8.058],[9.169,7.914]],[[9.615,8.351],[9.408,8.486],[9.096,8.454],[8.952,8.514],[8.885,8.727],[9.073,8.99],[9.028,9.03],[8.83,9.024],[8.767,9.141],[8.66,9.205]],[[9.169,7.914],[8.979,8.055],[8.426,8.118],[8.354,8.001],[8.418,7.775],[8.12,7.914],[7.666,8.026]],[[9.169,7.914],[9.126,7.811],[9.265,7.855],[9.571,7.842],[9.877,7.562],[9.921,7.446],[9.875,7.209],[9.71,7.024],[9.645,6.521]],[[11.014,11.295],[10.939,11.336],[10.968,11.575],[10.848,11.867],[10.748,12.364],[10.61,12.502]],[[11.014,11.295],[11.153,11.331],[11.354,11.216],[11.584,10.962],[11.593,10.597],[11.701,10.594]],[[11.526,9.592],[11.618,9.42],[11.767,9.33],[11.826,9.128],[11.965,8.988],[11.971,8.919],[11.871,8.713],[11.859,8.574],[11.404,8.058],[11.515,7.852],[11.648,7.944],[11.805,7.806],[11.904,7.454]],[[11.526,9.592],[11.925,9.784],[11.946,10.045]],[[11.701,10.594],[11.713,10.507],[11.637,10.345],[11.946,10.045]],[[11.701,10.594],[11.794,10.659],[11.812,10.858],[11.868,10.919],[12.167,11.047],[12.198,11.284],[12.388,11.542],[12.336,11.647],[12.236,11.663],[12.306,11.864],[12.308,12.45],[12.488,12.673],[12.363,12.885],[12.387,13.079]],[[11.946,10.045],[12.107,10.036],[12.395,10.305],[12.62,10.361],[12.841,10.563],[13.009,10.57],[13.259,10.44],[13.31,10.468],[13.4,10.736],[13.422,10.93],[13.75,10.942]],[[7.828,6.63],[7.862,6.772],[7.826,6.86],[7.64,6.862],[7.494,7.074]],[[7.828,6.63],[7.696,6.607],[7.735,6.479],[7.693,5.942],[7.534,5.973]],[[7.494,7.074],[7.634,7.014],[7.653,7.099],[7.785,7.171],[7.879,7.416],[7.784,7.446],[7.754,7.756],[7.676,7.865],[7.666,8.026]],[[7.494,7.074],[7.412,7.108],[7.021,6.778],[6.966,6.85],[6.906,6.776]],[[7.666,8.026],[7.286,8.028],[6.938,7.874],[6.997,8.163],[6.945,8.313],[6.978,8.412]],[[4.077,7.112],[4.148,7.146],[4.177,7.059],[4.302,7.09],[4.364,6.981],[4.561,6.988]],[[4.077,7.112],[4.146,7.474],[4.034,7.625],[4.086,7.848],[4.154,7.83],[4.264,7.954],[4.4,7.851],[4.547,7.947],[4.556,8.034]],[[4.077,7.112],[3.712,7.047],[3.776,7.144],[3.654,7.429],[3.495,7.402],[3.412,7.495],[3.29,7.333],[3.179,7.35],[2.97,7.623],[2.999,7.834],[2.909,7.742],[2.862,7.955],[2.765,7.958],[2.672,7.893]],[[4.561,6.988],[4.538,6.857],[4.355,6.648],[4.415,6.572],[4.586,6.603],[4.592,6.472],[4.466,6.406],[4.57,6.336],[4.493,6.321]],[[4.561,6.988],[4.693,7.135],[4.869,7.098],[4.898,7.339],[4.991,7.375],[4.991,7.415]],[[7.251,5.195],[7.266,5.109],[7.163,4.951],[7.177,4.874],[7.338,4.879],[7.496,4.817]],[[7.251,5.195],[6.87,5.195],[6.765,5.263],[6.724,5.305],[6.746,5.443],[6.626,5.502],[6.669,5.694]],[[7.251,5.195],[7.405,5.543],[7.388,5.842],[7.25,5.926]],[[7.496,4.817],[7.534,4.703]],[[6.669,5.694],[6.736,5.748],[6.896,5.762],[6.986,5.907],[7.25,5.926]],[[38.933,40.071],[39.447,39.888],[39.788,39.935],[39.869,40.015]],[[38.933,40.071],[38.907,40.27],[39.065,40.388],[38.87,40.454],[38.849,40.568],[38.908,40.687],[39.024,40.761],[39.144,40.771]],[[27.42,39.38],[27.545,39.094],[27.51,39.017],[27.327,38.925],[27.233,38.756],[27.321,38.616],[27.583,38.57],[27.848,38.333],[27.986,38.405],[28.095,38.395],[28.163,38.309],[28.299,38.331],[28.448,38.29],[28.562,38.106]],[[32.652,36.438],[32.647,36.269],[32.572,36.094]],[[28.609,37.477],[28.27,37.577],[28.141,37.467],[28.02,37.46],[27.512,37.553],[27.403,37.413]],[[27.572,40.316],[27.565,40.263],[27.421,40.173],[27.501,40.121],[27.439,39.844],[27.274,39.773],[27.022,39.793],[26.827,39.708],[26.697,39.71],[26.667,39.551]],[[29.941,40.534],[29.926,40.577]],[[28.98,40.465],[28.978,40.573],[29.231,40.512],[29.421,40.563]],[[29.421,40.563],[29.789,40.615],[29.926,40.577]],[[34.792,37.388],[34.91,37.243],[34.935,37.084],[35.082,37.026],[35.067,36.796],[34.933,36.727]],[[40,37.376],[40.014,37.258],[40.125,37.17],[40.128,37.069],[40.261,36.923]],[[40,37.376],[39.884,37.55],[39.849,37.802],[39.691,37.834],[39.408,37.997],[39.189,38.043]],[[40,37.376],[40.143,37.509],[40.492,37.657],[40.552,37.73],[41.075,37.765]],[[41.817,37.714],[41.893,37.436],[41.682,37.328],[41.876,37.217],[41.896,37.154]],[[41.817,37.714],[41.521,37.543],[41.368,37.519],[41.075,37.765]],[[41.817,37.714],[41.959,37.659],[42.157,37.647],[42.235,37.709],[42.368,37.704],[42.95,37.626],[43.023,37.732]],[[41.817,37.714],[41.421,37.944],[41.446,38.056],[41.562,38.081],[41.677,38.221]],[[43.387,37.734],[43.36,37.585],[43.409,37.465],[43.363,37.304]],[[43.387,37.734],[43.103,37.766],[43.023,37.732]],[[43.387,37.734],[43.923,37.764],[44.044,37.901],[44.205,37.905]],[[36.28,37.669],[36.22,37.506],[36.304,37.349],[36.551,37.39],[36.721,37.271]],[[36.28,37.669],[36.11,37.664],[35.94,37.37],[35.97,37.22],[36.093,37.179],[36.062,37.01]],[[36.721,37.271],[36.89,37.367],[36.966,37.253],[37.043,37.233],[37.19,37.331],[37.575,37.392],[37.617,37.414],[37.625,37.519]],[[36.721,37.271],[36.452,36.961]],[[37.625,37.519],[37.844,37.536],[38.04,37.446]],[[39.115,38.193],[39.253,38.18],[39.189,38.043]],[[39.189,38.043],[38.978,37.906],[38.978,37.83],[38.889,37.789],[38.954,37.801],[38.965,37.761],[38.889,37.741],[38.923,37.714],[38.8,37.697],[38.868,37.651],[38.646,37.624],[38.495,37.501],[38.272,37.476],[38.186,37.413],[38.04,37.446]],[[38.04,37.446],[37.974,37.435],[37.841,37.268],[37.869,37.065],[37.979,37.05],[38.026,36.835]],[[36.452,36.961],[36.062,37.01]],[[36.452,36.961],[36.66,36.827],[36.864,36.936],[36.905,37.024],[37.241,36.792],[37.522,36.674]],[[36.062,37.01],[35.917,36.935],[35.933,36.873]],[[42.972,39.104],[43.004,38.977],[43.161,38.872],[42.875,38.544],[42.688,38.447],[42.734,38.196],[42.787,38.181]],[[42.972,39.104],[43.113,39.162],[43.115,39.262],[43.045,39.321],[43.244,39.41],[43.579,39.3],[43.706,39.34],[43.906,39.308],[44.047,39.338]],[[42.787,38.181],[42.737,37.982],[42.669,37.944],[42.06,38.227],[41.888,38.183],[41.677,38.221]],[[42.787,38.181],[43.016,38.152],[42.983,37.806],[43.023,37.732]],[[41.421,38.535],[41.426,38.501],[41.249,38.428],[41.215,38.115],[41.035,37.862],[41.075,37.765]],[[33.069,41.093],[32.93,41.153],[32.91,41.261],[33.017,41.38],[33.115,41.395],[33.059,41.533],[32.818,41.576]],[[32.818,41.576],[32.808,41.648],[32.873,41.682],[32.799,41.86]],[[32.818,41.576],[32.501,41.347],[32.287,41.331]],[[40.281,40.047],[40.118,40.073],[39.869,40.015]],[[40.281,40.047],[40.481,40.037],[40.8,40.212],[40.575,40.284],[40.489,40.542]],[[39.869,40.015],[39.811,40.144],[39.86,40.267],[39.834,40.561]],[[40.489,40.542],[40.792,40.629],[40.822,40.687],[41.127,40.813]],[[40.489,40.542],[40.185,40.51],[40.016,40.533],[39.884,40.612],[39.834,40.561]],[[40.489,40.542],[40.487,40.673],[40.352,40.994]],[[39.834,40.561],[39.717,40.657],[39.659,40.587],[39.579,40.588],[39.345,40.66],[39.221,40.79],[39.144,40.771]],[[39.144,40.771],[39.148,41.072]],[[41.127,40.813],[41.365,40.755],[41.333,40.601],[41.401,40.556],[41.657,40.641],[41.821,40.588],[41.959,40.877],[42.279,40.925]],[[41.127,40.813],[41.386,41.075],[41.255,41.173],[41.2,41.301]],[[42.537,40.599],[42.538,40.431],[42.181,40.294],[42.15,40.241],[42.231,40.16],[42.485,40.059],[42.564,39.952]],[[42.537,40.599],[42.299,40.848],[42.279,40.925]],[[42.537,40.599],[42.772,40.625],[42.829,40.894],[43.44,41.107]],[[42.564,39.952],[42.757,39.922],[43.064,39.989],[43.318,39.969]],[[42.279,40.925],[42.539,41.191],[42.451,41.431]],[[43.318,39.969],[43.35,39.804],[43.4,39.783],[43.532,39.838],[43.881,39.655],[44.458,39.643]],[[43.318,39.969],[43.356,40.041],[43.665,40.11]],[[35.081,-6.92],[34.919,-6.89],[34.769,-6.99],[34.721,-7.157],[34.426,-7.218],[34.358,-7.326],[34.174,-7.314],[33.939,-7.499]],[[34.289,-4.036],[34.26,-4.146],[34.174,-4.158],[33.939,-4.584],[33.929,-5.15],[34.231,-5.39],[34.057,-5.593],[34.112,-5.687],[34.003,-6.069],[34.015,-6.219],[33.519,-6.621],[33.528,-6.855],[33.485,-6.943]],[[34.289,-4.036],[34.196,-4.07],[34.017,-4.031],[33.91,-3.959],[33.676,-3.933],[33.596,-3.88],[33.129,-3.962],[32.864,-3.911],[32.713,-3.98],[32.709,-4.092],[32.65,-4.146],[32.732,-4.2],[32.713,-4.253],[32.592,-4.282],[32.529,-4.183],[32.468,-4.209],[32.407,-4.377],[32.211,-4.317],[31.972,-4.43],[31.959,-4.144],[31.691,-4.038]],[[34.289,-4.036],[34.413,-3.961]],[[33.485,-6.943],[33.268,-6.956],[33.036,-6.867],[32.792,-6.947],[32.691,-7.094],[32.553,-7.104]],[[33.485,-6.943],[33.584,-7.148],[33.778,-7.302],[33.815,-7.435],[33.939,-7.499]],[[34.892,-3.909],[35.379,-3.624],[35.532,-3.666],[35.487,-3.729],[35.562,-3.766],[35.577,-3.701],[35.695,-3.67],[35.745,-3.568],[35.748,-3.829],[35.94,-3.645],[36.247,-4.109],[36.343,-4.124],[36.531,-4.082],[36.501,-3.784],[36.577,-3.665],[36.669,-3.595],[36.828,-3.635],[37.062,-3.491]],[[34.892,-3.909],[34.76,-3.802]],[[31.062,-5.499],[31.033,-5.563],[31.139,-5.637],[31.149,-5.757],[31.222,-5.746],[31.275,-5.801],[31.628,-5.825],[31.827,-5.712],[32.047,-5.767],[32.204,-6.105],[32.512,-6.361],[32.716,-6.399],[32.731,-6.466],[32.585,-6.693],[32.553,-7.104]],[[31.062,-5.499],[31.23,-5.427],[31.193,-5.268],[31.228,-4.959],[31.39,-4.844],[31.392,-4.71],[31.491,-4.621],[31.417,-4.356]],[[31.062,-5.499],[30.957,-5.26],[30.886,-5.315],[30.73,-5.191],[30.409,-5.19],[30.27,-5.321],[30.007,-5.335],[30.119,-5.52],[30.184,-5.901],[30.304,-6.181],[30.382,-6.245],[30.393,-6.394],[30.298,-6.458],[30.243,-6.581],[29.969,-6.803]],[[32.553,-7.104],[32.274,-7.21],[32.233,-7.424],[32.059,-7.588],[32.01,-7.789]],[[33.939,-7.499],[33.98,-7.535],[33.85,-7.762],[33.856,-7.832],[34.411,-7.818],[34.91,-7.935],[34.916,-7.991],[35.064,-8.036],[34.712,-8.392],[34.732,-8.605]],[[32.01,-7.789],[32.464,-8.052],[32.742,-8.405],[32.75,-8.47],[32.632,-8.465],[32.502,-8.215],[32.315,-8.301],[32.278,-8.345],[32.287,-8.569],[32.009,-8.783],[32.149,-8.95],[32.146,-9.07]],[[32.01,-7.789],[31.493,-7.708],[31.438,-7.305],[31.384,-7.24],[31.079,-7.218],[30.992,-6.935],[30.905,-6.902],[30.578,-6.946],[30.294,-7.149]],[[35.365,-9.009],[35.422,-8.996],[35.68,-9.247],[35.697,-9.34]],[[35.365,-9.009],[35.198,-9.027],[35.103,-8.96],[35.114,-8.782],[34.732,-8.605]],[[35.697,-9.34],[35.124,-9.76],[35.216,-10.042],[35.119,-10.191],[35.013,-10.211],[34.984,-10.302],[34.692,-10.523],[34.58,-10.532]],[[34.732,-8.605],[34.707,-8.67],[34.615,-8.696],[34.475,-8.826],[34.112,-8.833],[33.853,-8.914],[33.796,-9.006],[33.875,-9.179],[33.848,-9.211],[34.078,-9.51]],[[37.993,-10.817],[38.093,-11.256]],[[38.03,-4.639],[37.927,-4.568],[37.761,-4.587],[37.53,-4.44],[37.45,-3.773],[37.288,-3.495],[37.206,-3.451],[37.062,-3.491]],[[38.03,-4.639],[38.416,-4.12]],[[37.062,-3.491],[37.06,-3.31],[36.897,-3.158],[36.909,-2.997],[37.141,-2.857],[37.424,-2.923]],[[34.76,-3.802],[34.413,-3.961]],[[34.76,-3.802],[34.753,-3.723],[34.892,-3.597],[34.901,-2.883],[35.036,-2.968],[35.123,-2.92],[35.208,-2.487]],[[32.704,-1.469],[33.334,-1.474],[33.456,-1.521],[33.455,-1.734],[33.343,-1.739],[33.283,-1.922],[33.462,-1.881],[33.462,-1.95],[33.573,-1.987],[33.496,-2.025],[33.4,-1.972],[33.38,-2.053],[33.282,-2.001],[33.286,-2.056],[33.219,-2.043],[33.221,-2.142],[33.283,-2.111],[33.358,-2.168]],[[32.704,-1.469],[32.722,-1.003]],[[32.704,-1.469],[31.877,-2.148]],[[33.358,-2.168],[33.606,-2.183],[33.749,-2.086],[33.871,-2.194],[34.004,-2.182],[34.036,-2.132],[34.298,-2.257],[34.479,-2.425],[34.658,-2.491],[35.208,-2.487]],[[33.358,-2.168],[33.515,-2.449],[33.787,-2.707],[33.689,-2.791],[33.62,-2.771],[33.513,-2.835],[33.529,-2.973],[33.423,-3.274]],[[35.208,-2.487],[35.341,-2.237],[35.233,-2.146],[35.246,-1.707]],[[31.417,-4.356],[31.335,-4.157],[31.359,-3.885],[31.218,-3.636],[31.205,-3.464],[31.11,-3.22],[31.003,-3.2],[31.069,-2.939],[30.982,-2.839]],[[31.417,-4.356],[31.476,-4.247],[31.682,-4.212],[31.637,-4.128],[31.691,-4.038]],[[33.423,-3.274],[33.681,-3.431],[33.803,-3.418],[33.909,-3.516],[34.158,-3.55],[34.267,-3.815],[34.413,-3.961]],[[33.423,-3.274],[33.214,-3.328],[33.11,-3.433],[32.862,-3.255],[32.774,-3.264],[32.681,-3.32],[32.687,-3.448],[32.649,-3.447],[32.534,-3.371],[32.51,-3.198]],[[31.691,-4.038],[31.691,-3.905],[31.835,-3.743],[32.134,-3.673],[32.117,-3.395],[32.181,-3.272],[32.25,-3.236],[32.346,-3.319],[32.51,-3.198]],[[30.982,-2.839],[30.819,-2.99]],[[30.982,-2.839],[30.875,-2.684],[31.167,-2.28],[31.364,-2.266],[31.634,-2.356],[31.728,-2.283],[31.747,-2.18],[31.877,-2.148]],[[39.274,-6.034],[39.308,-6.246]],[[39.274,-6.034],[39.198,-6.034]],[[39.274,-6.034],[39.391,-6]],[[39.743,-5.162],[39.856,-5.182]],[[80.928,6.688],[80.83,6.494],[80.92,6.296]],[[80.928,6.688],[81.023,6.542],[81.086,6.61],[81.065,6.809],[81.215,6.926],[81.244,7.023],[81.129,7.171],[81.271,7.277]],[[80.928,6.688],[80.827,6.678],[80.858,6.741],[80.809,6.792]],[[80.92,6.296],[81.02,6.351],[81.049,6.422],[81.188,6.403],[81.247,6.343],[81.465,6.412],[81.48,6.493],[81.608,6.579]],[[80.92,6.296],[80.942,6.232],[80.67,6.306]],[[80.21,6.918],[80.324,6.843],[80.496,6.832]],[[80.21,6.918],[80.18,6.814]],[[80.21,6.918],[80.218,6.968],[80.18,6.978]],[[80.496,6.832],[80.511,6.775],[80.643,6.754],[80.809,6.792]],[[80.496,6.832],[80.437,6.937],[80.463,7.028]],[[81.271,7.277],[81.326,7.262],[81.375,7.409],[81.477,7.451],[81.488,7.314],[81.549,7.219],[81.5,7.151],[81.617,7.06],[81.634,6.946],[81.608,6.579]],[[81.271,7.277],[81.2,7.372],[81.201,7.558],[81.046,7.508],[80.988,7.615]],[[80.809,6.792],[80.835,6.845],[80.781,6.919],[80.93,7.018],[80.951,7.192]],[[80.756,8.012],[80.853,7.963],[80.767,7.8],[80.782,7.678],[80.989,7.721]],[[80.756,8.012],[80.803,8.274],[80.887,8.281],[80.924,8.337]],[[80.756,8.012],[80.499,7.815]],[[80.989,7.721],[81.221,7.654],[81.241,7.739]],[[80.989,7.721],[80.988,7.615]],[[80.988,7.615],[80.983,7.486]],[[80.983,7.486],[81.012,7.23],[80.951,7.192]],[[80.983,7.486],[80.776,7.436],[80.724,7.472],[80.686,7.388],[80.566,7.458]],[[80.422,7.357],[80.352,7.386],[80.34,7.325],[80.194,7.257]],[[80.422,7.357],[80.546,7.174],[80.449,7.112],[80.463,7.028]],[[80.422,7.357],[80.566,7.458]],[[80.194,7.257],[80.15,7.153],[80.207,7.128],[80.18,6.978]],[[80.194,7.257],[80.134,7.325],[79.941,7.274]],[[80.566,7.458],[80.573,7.616],[80.499,7.815]],[[80.499,7.815],[80.42,8.04],[80.103,8.196]],[[80.924,8.337],[80.999,8.273],[81.198,8.229],[81.201,8.15],[81.31,8.257]],[[80.924,8.337],[80.987,8.474],[80.896,8.626],[80.913,8.837],[80.811,8.916],[80.753,8.905]],[[80.103,8.196],[80.145,7.948],[80.013,7.835],[80.004,7.74],[79.902,7.6],[79.941,7.274]],[[80.103,8.196],[80.001,8.227],[79.955,8.374],[80.032,8.527]],[[80.463,7.028],[80.566,6.942],[80.6,6.999],[80.539,7.062],[80.684,7.096],[80.769,7.206],[80.756,7.272],[80.83,7.197],[80.951,7.192]],[[80.753,8.905],[80.596,8.87],[80.651,8.789],[80.527,8.667],[80.429,8.675],[80.338,8.546],[80.235,8.68]],[[80.753,8.905],[80.766,8.937]],[[80.235,8.68],[80.044,8.673],[80.032,8.527]],[[80.235,8.68],[80.178,8.775],[80.393,8.849],[80.34,8.959]],[[81.31,8.257],[81.34,7.937],[81.243,7.922],[81.241,7.739]],[[81.31,8.257],[81.417,8.254]],[[81.241,7.739],[81.446,7.642],[81.436,7.566],[81.494,7.516],[81.65,7.525],[81.668,7.403],[81.77,7.461]],[[80.382,6.426],[80.18,6.814]],[[80.382,6.426],[80.495,6.368]],[[80.382,6.426],[80.293,6.388],[80.298,6.325],[79.982,6.441]],[[80.18,6.814],[79.94,6.747],[79.894,6.776],[79.9,6.712]],[[80.766,8.937],[80.772,9.021],[80.678,9.031],[80.617,9.126],[80.519,9.079],[80.407,9.116],[80.432,9.037],[80.34,8.959]],[[80.495,6.368],[80.602,6.397],[80.67,6.306]],[[80.67,6.306],[80.612,6.189],[80.694,6.121],[80.662,6.035],[80.73,5.976]],[[80.18,6.978],[80.072,6.91],[79.849,6.965]],[[79.941,7.274],[79.828,7.276]],[[80.291,9.681],[80.256,9.616]],[[80.34,8.959],[80.175,8.95],[80.218,9.074],[80.192,9.237]],[[80.192,9.237],[80.242,9.295],[80.501,9.345],[80.531,9.4],[80.586,9.363],[80.626,9.455]],[[80.192,9.237],[80.11,9.209]],[[44.78,3.27],[44.8,3.86],[44.597,4.918]],[[44.78,3.27],[45.07,3.25]],[[44.78,3.27],[44.66,3.25]],[[42.87,4.328],[43.14,3.85],[43.12,3.67]],[[43.12,3.67],[43.41,3.57],[43.58,3.61],[43.75,3.85],[43.95,3.92],[44.18,3.85],[44.31,3.57],[44.28,3.34],[44.41,3.26],[44.66,3.25]],[[43.12,3.67],[43.1,3.06],[42.6,3.07],[42.4,1.95]],[[40.968,1.23],[41.42,1.26]],[[41.42,1.26],[41.64,1.94],[42.4,1.95]],[[41.42,1.26],[42.43,1.32],[42.73,0.31],[43.185,0.316]],[[44.66,3.25],[44.69,3.05],[44.62,2.48],[44.65,2.22],[42.98,1.46]],[[42.4,1.95],[42.98,1.46]],[[49.641,7.409],[49.5,7.57],[49.19,7.7],[49.03,7.71],[48.5,7.41],[47.532,7.566]],[[45.518,5.541],[45.71,5.11],[46.04,5.03],[46.23,5.08],[46.11,4.74],[46.15,4.43],[46.4,4.23],[46.39,3.89]],[[46.39,3.89],[46.03,3.52],[45.94,3.25],[45.27,3.2],[45.07,3.25]],[[47.841,4.341],[47.5,4.49],[47.61,5.19],[47.47,5.57],[47.35,5.75],[47.6,6.28]],[[45.07,3.25],[45.12,3.04],[45.34,2.72],[45.33,2.18],[45.39,2.15]],[[57.408,56.329],[57.411,56.235],[57.478,56.179],[57.455,56.13],[57.537,56.1],[57.802,56.151],[57.907,56.115],[58.079,56.141],[58.3,56.114],[58.352,56.059],[58.455,56.147],[58.565,56.162],[58.824,56.054],[58.953,56.07],[59.026,56.169]],[[57.408,56.329],[57.267,56.302],[57.166,56.16],[56.915,56.1],[56.738,56.223],[56.574,56.263],[56.501,56.322],[56.558,56.36],[56.528,56.383],[56.393,56.388],[56.267,56.301],[56.073,56.289],[55.914,56.466],[55.412,56.335],[55.224,56.364],[55.172,56.318],[54.968,56.32],[54.93,56.387],[54.559,56.538],[54.43,56.343],[54.352,56.359]],[[57.408,56.329],[57.317,56.373],[57.381,56.567],[57.354,56.607],[57.426,56.659],[57.311,56.724],[57.219,56.853],[57.338,56.925],[57.56,56.888],[57.749,56.935],[57.882,57.068],[57.996,57.089],[57.971,57.058],[58.072,57.051],[58.023,57.114],[58.105,57.127],[57.989,57.193],[58.039,57.237],[57.938,57.332],[57.997,57.486],[57.975,57.541],[58.053,57.605],[58.122,57.561],[58.171,57.686],[58.436,57.676],[58.445,57.597],[58.523,57.576],[58.83,57.726],[58.86,57.834],[58.764,57.843],[58.605,57.996],[58.672,58.101],[58.839,58.201],[58.997,58.203],[59.203,58.305],[59.286,58.417],[59.456,58.493],[59.389,58.59],[59.422,58.68],[59.196,58.707],[59.173,58.755],[59.083,58.769],[59.067,58.89],[59.181,58.953],[59.091,59.022],[59.174,59.168],[58.67,59.293],[58.519,59.437],[58.311,59.463],[58.4,59.547],[58.451,59.705],[58.582,59.716],[58.675,59.859],[58.805,59.863],[58.856,59.932],[59,59.931],[58.951,59.995],[59.051,60.043],[59.046,60.113],[59.187,60.271],[59.164,60.367],[59.234,60.475],[59.39,60.583],[59.469,60.941],[59.373,60.97],[59.357,61.151],[59.257,61.244],[59.307,61.368],[59.418,61.429],[59.428,61.513],[59.349,61.682]],[[59.026,56.169],[59.296,56.131],[59.281,56.055],[59.173,56.005],[59.23,55.906],[59.154,55.8],[59.313,55.775],[59.28,55.694],[59.344,55.644],[59.24,55.584],[59.437,55.633],[59.498,55.58],[59.641,55.565],[59.475,55.468],[59.201,55.45],[59.159,55.332],[58.997,55.244],[58.97,55.311],[58.872,55.323],[58.848,55.298],[58.921,55.279],[58.727,55.257],[58.803,55.214],[58.745,55.156],[58.665,55.19],[58.578,55.162],[58.756,55.112],[58.816,55.025],[58.551,54.953],[58.523,55.022],[58.387,55],[58.433,55.057],[58.364,55.084],[58.372,55.155],[58.299,55.174],[58.141,55.114],[58.193,55.084],[58.089,55.02],[58.106,54.957],[58.001,54.917],[57.962,54.946],[58.031,55.075],[57.964,55.167],[58.144,55.209],[58.03,55.275],[57.518,55.334],[57.257,55.258],[57.215,55.223],[57.24,55.158],[57.136,55.084],[57.244,54.951],[57.156,54.867],[57.165,54.819],[57.581,54.673],[57.58,54.635],[57.747,54.579],[57.743,54.501],[57.961,54.392],[58.354,54.547],[58.614,54.47],[59.061,54.632],[59.228,54.611],[59.412,54.707],[59.632,54.911],[59.806,54.846],[59.944,54.857],[59.919,54.832],[59.974,54.796],[59.87,54.613],[59.679,54.498],[59.746,54.447],[59.667,54.34],[59.803,54.254],[59.727,54.194],[59.729,54.139],[59.535,54.198],[59.322,54.182],[59.154,53.984],[58.956,53.975],[58.923,53.935],[58.948,53.9],[58.872,53.751],[58.907,53.654],[58.821,53.596],[58.902,53.549],[58.823,53.211],[58.891,53.188],[58.907,53.055],[59.028,53.015],[58.844,53.009],[58.747,52.854],[58.784,52.725],[58.724,52.645],[58.839,52.541],[58.766,52.517],[58.828,52.433]],[[59.026,56.169],[59.003,56.215],[59.135,56.206],[59.165,56.255],[59.115,56.312],[59.209,56.354],[59.701,56.306],[59.661,56.252],[59.789,56.233],[59.921,56.265],[60.199,56.208],[60.719,56.238],[61.072,56.199],[61.161,56.229],[61.084,56.326],[61.15,56.376],[61.267,56.331],[61.385,56.367],[61.537,56.297],[61.642,56.319],[61.852,56.186],[62.072,56.134]],[[59.485,61.993],[59.984,61.903],[59.978,61.757],[60.057,61.721],[60.431,61.747],[61.165,61.683],[62.62,61.211],[62.86,61.001],[62.76,60.859],[62.881,60.64],[63.22,60.301],[63.198,60.231],[63.638,60.123],[63.796,59.792],[63.841,59.463],[64.029,59.395],[64.324,59.411],[65.038,59.327],[65.099,59.237],[65.2,59.215],[65.382,58.919],[65.669,58.663],[65.935,58.614]],[[59.485,61.993],[59.338,61.845],[59.392,61.758],[59.349,61.682]],[[59.485,61.993],[59.402,62.132],[59.603,62.376],[59.644,62.51],[59.511,62.548],[59.399,62.718],[59.477,62.907],[59.285,62.965],[59.223,63.072],[59.292,63.124],[59.262,63.199],[59.334,63.286],[59.287,63.337],[59.349,63.364],[59.319,63.398],[59.494,63.611],[59.573,63.927],[59.77,64],[59.856,64.131],[59.588,64.233],[59.634,64.336],[59.606,64.454],[59.482,64.487],[59.704,64.668],[59.641,64.719],[59.651,64.778],[60.147,65.065],[60.42,65.053],[60.645,64.891],[60.808,65.044],[60.979,65.048],[61.107,65.161],[61.241,65.192],[61.331,65.282],[61.254,65.319],[61.583,65.549],[61.871,65.699],[62.018,65.717]],[[65.935,58.614],[65.99,58.32],[66.197,58.033],[65.663,57.887],[65.655,57.836],[65.54,57.78],[65.473,57.777],[65.428,57.834],[64.839,57.641],[65.002,57.593],[64.843,57.451],[64.884,57.35],[64.829,57.305],[64.99,57.237],[64.991,57.054],[65.068,56.908],[65.237,56.924],[65.174,56.779],[64.995,56.768]],[[65.935,58.614],[66.38,58.589],[66.741,58.67],[66.783,58.7],[66.779,58.932],[66.966,58.975],[67.071,58.925],[67.564,59.093],[67.742,59.212],[68.358,59.283],[68.571,59.574],[68.844,59.621],[69.295,59.783],[69.071,59.897],[69.306,59.989],[69.535,59.985],[69.616,59.905],[70.155,59.9],[70.399,59.817],[70.798,59.863],[70.986,59.819],[71.188,59.909],[71.296,59.799],[72.016,59.559],[72.437,59.303],[72.444,59.226],[72.524,59.155],[72.647,59.106],[72.926,59.144],[72.976,59.099],[72.95,59.017],[73.093,58.952],[73.032,58.863],[73.444,58.818],[73.633,58.854],[73.979,58.806],[74.1,58.739],[74.743,58.748],[74.899,58.696],[75.009,58.717],[75.159,58.65]],[[40.16,53.342],[40.107,53.276],[40.145,53.088],[40.075,52.956],[40.084,52.813],[39.953,52.743],[39.984,52.71],[39.952,52.659],[40.336,52.399],[40.692,52.281],[40.699,52.219],[40.616,52.129],[40.632,52.066],[40.512,52.035],[40.504,51.954]],[[40.16,53.342],[40.123,53.398],[39.904,53.422],[39.886,53.519],[39.727,53.592],[39.512,53.525],[39.484,53.432],[39.182,53.386],[39.048,53.547],[38.895,53.565]],[[40.16,53.342],[40.305,53.375],[40.389,53.345],[40.423,53.494],[40.481,53.454],[40.687,53.565],[40.852,53.482],[40.927,53.505],[41.167,53.431],[41.349,53.549],[41.351,53.753],[41.4,53.783],[42.134,53.812]],[[40.504,51.954],[40.122,51.992],[39.738,51.924],[39.497,51.973],[39.514,52.024],[39.447,52.082],[39.265,52.105],[39.161,52.093],[39.036,51.988],[38.871,52.096],[38.762,52.052],[38.688,52.1],[38.299,51.961]],[[40.504,51.954],[40.938,51.89],[40.888,51.747],[41.066,51.71],[41.278,51.737],[41.299,51.795],[41.436,51.764],[41.5,51.801],[41.952,51.656],[42.117,51.643],[42.119,51.714],[42.192,51.726],[42.274,51.6],[42.421,51.636],[42.489,51.608]],[[84.26,60.856],[83.989,60.827],[83.504,61.047],[83.144,61.028],[82.407,60.723],[82.381,60.612],[82.165,60.526],[81.83,60.645],[81.141,60.637],[81.028,60.755],[80.723,60.797],[80.428,60.765],[80.186,60.665],[79.374,60.662],[79.285,60.721],[79.312,60.801],[79.185,60.838],[78.806,60.78],[78.688,60.829],[78.474,60.777],[78.121,60.802],[77.92,60.747],[77.702,60.825],[77.105,60.852],[77.068,60.726],[76.971,60.71],[77.047,60.559],[76.806,60.471],[76.753,60.377],[76.848,60.266],[76.694,60.113],[76.757,60.066],[76.741,59.758],[76.656,59.693],[76.645,59.585],[76.172,59.543],[75.996,59.422],[75.895,59.426],[75.819,59.295],[75.628,59.238],[75.687,59.04],[75.642,58.982],[75.159,58.65]],[[84.26,60.856],[84.623,61],[85.671,61.289],[85.702,61.306],[85.644,61.388],[85.95,61.465],[85.974,61.508],[85.854,61.595],[85.722,61.575],[85.48,61.628],[85.376,61.701],[85.273,61.683],[85.001,61.785],[84.69,61.81],[84.523,61.93],[84.553,61.999],[84.436,62.178]],[[84.26,60.856],[84.784,60.371],[84.632,60.206],[84.606,60.046],[84.529,59.98],[84.692,59.905],[85.496,59.892],[85.968,59.956],[86.625,59.95],[87.084,59.883],[87.191,59.69],[87.522,59.667],[87.911,59.268],[88.621,59.293],[88.608,59.215],[88.827,59.024],[88.392,58.914],[87.932,58.526],[88.018,58.243],[88.141,58.11],[88.687,58.037],[88.851,57.961],[89.328,57.95],[89.391,57.878],[89.354,57.796],[89.38,57.637],[89.147,57.614],[89.071,57.51],[88.872,57.444],[88.733,57.227],[88.526,57.122],[88.722,57.086],[88.624,56.833]],[[75.159,58.65],[75.105,58.581]],[[53.632,55.907],[53.632,55.907]],[[53.632,55.907],[53.986,55.851],[53.966,55.782],[54.04,55.802],[54.026,55.764],[54.095,55.773],[54.231,55.692],[54.003,55.554],[53.907,55.393],[53.714,55.333],[53.591,55.212],[53.418,55.222],[53.147,55.147],[53.141,55.099],[53.264,55.014],[53.414,54.989],[53.499,54.891],[53.643,54.9],[53.579,54.822],[53.606,54.714],[53.417,54.559],[53.426,54.499],[53.349,54.391],[53.43,54.266],[53.47,54.046]],[[53.632,55.907],[53.838,56.039],[54.006,56.029],[54.117,56.158],[54.346,56.253],[54.371,56.299],[54.32,56.339],[54.352,56.359]],[[53.632,55.907],[53.311,55.857],[53.198,55.921],[53.296,55.943],[53.546,56.146],[53.551,56.241],[53.417,56.277],[53.26,56.254],[53.338,56.15],[53.325,56.084],[53.145,56.161],[53.049,56.136],[53.064,56.192],[52.993,56.193],[52.943,56.372],[53.09,56.522],[52.949,56.543],[52.924,56.506],[52.828,56.517],[52.949,56.445],[52.731,56.394],[52.562,56.259],[52.813,56.201],[52.842,56.158],[52.834,56.094],[52.717,56.136],[52.721,56.058],[52.655,56.018],[52.225,56.086],[52.188,56.065],[52.245,56.066],[52.205,56.02],[52.248,55.952],[52.168,55.899],[52.058,55.897],[52.042,55.955],[51.957,55.977],[51.782,55.888],[51.727,55.958],[51.442,55.925],[51.399,55.994],[51.649,56.138],[51.436,56.144]],[[53.47,54.046],[53.66,53.746],[53.878,53.658],[54.094,53.424],[54.52,53.36],[54.568,53.328],[54.564,53.264],[54.64,53.237],[54.834,53.272],[54.927,53.22],[54.962,53.097],[55.162,52.823],[55.264,52.862],[55.401,52.842],[55.422,52.787],[55.354,52.765],[55.42,52.713],[55.352,52.688],[55.285,52.733],[55.249,52.648],[55.412,52.658],[55.455,52.59],[55.545,52.594],[55.543,52.537],[55.495,52.525],[55.536,52.389],[55.71,52.391],[55.769,52.344],[55.861,52.373],[55.931,52.515],[56.078,52.604],[56.054,52.645],[56.271,52.554],[56.428,52.595],[56.36,52.502],[56.443,52.426],[56.451,52.309],[56.191,52.173],[56.239,52.122],[56.325,52.123],[56.456,52.197],[56.42,52.161],[56.622,52.124],[56.588,52.061],[56.683,52.052],[56.651,51.96],[56.737,51.905],[56.62,51.888],[56.608,51.822],[56.754,51.769],[56.715,51.721],[56.78,51.592],[56.89,51.625],[56.884,51.691],[56.799,51.752],[56.996,51.731],[57.02,51.665],[57.198,51.572],[57.393,51.648],[57.422,51.725],[57.633,51.765],[57.678,51.868],[58.092,51.795],[58.16,51.739],[58.545,51.771],[58.64,52.022],[58.694,52.049],[58.606,52.181],[58.691,52.265],[58.94,52.293],[58.813,52.363],[58.828,52.433]],[[53.47,54.046],[53.372,53.969],[53.258,54.071],[53.067,54.073],[53.088,54.115],[52.938,54.214],[53.107,54.247],[53.053,54.337],[53.004,54.313],[53.021,54.279],[52.936,54.268],[52.889,54.283],[52.925,54.311],[52.539,54.377]],[[42.134,53.812],[42.087,53.736],[42.121,53.689],[42.101,53.528],[42.278,53.468],[42.313,53.436],[42.253,53.371],[42.354,53.368],[42.555,53.207],[42.512,53.166],[42.545,53.12],[42.92,52.963],[43.237,52.661],[43.042,52.561],[43.096,52.515],[43.001,52.503],[43.08,52.403]],[[42.134,53.812],[42.308,53.847]],[[43.08,52.403],[42.92,52.37],[42.922,52.305],[42.752,52.174],[42.751,52.078],[42.806,52.012],[42.703,51.982],[42.651,51.813],[42.483,51.684],[42.489,51.608]],[[43.08,52.403],[43.175,52.462],[43.353,52.393],[43.747,52.433],[44.347,52.316],[44.422,52.416],[44.537,52.426],[44.5,52.521],[44.548,52.552],[44.849,52.45],[45.045,52.321],[45.14,52.421],[45.431,52.4],[45.644,52.519],[45.732,52.523],[45.726,52.462],[45.981,52.407],[46.013,52.462],[45.975,52.492],[46.132,52.547],[46.15,52.598],[46.276,52.619],[46.3,52.676],[46.582,52.731],[46.615,52.666],[46.831,52.616]],[[47.242,54.678],[47.41,54.5],[47.475,54.554],[47.637,54.565],[47.761,54.735],[47.842,54.725],[47.84,54.644],[48.08,54.768],[48.304,54.736],[48.295,54.678],[48.357,54.698],[48.475,54.632],[48.828,54.648],[48.997,54.786],[49.118,54.795],[49.284,54.885],[49.476,54.775],[49.558,54.668],[49.521,54.638],[49.581,54.599],[49.559,54.569],[50.077,54.516]],[[47.242,54.678],[47.37,54.753],[47.432,54.892],[47.748,54.829],[47.758,54.903],[47.847,54.816],[47.788,54.939],[47.996,54.968],[48.029,55.019],[47.918,55.06],[48.069,55.099],[48.085,55.151],[48.013,55.281],[47.923,55.314],[47.872,55.285],[47.893,55.242],[47.819,55.276],[47.785,55.22],[47.699,55.223],[47.696,55.323],[47.834,55.342],[47.974,55.5],[48.092,55.536],[48.018,55.614],[48.081,55.68],[48.225,55.701],[48.412,55.829]],[[47.242,54.678],[47.063,54.69],[46.851,54.631],[46.441,54.772]],[[50.077,54.516],[50.216,54.504],[50.276,54.444],[50.384,54.486],[50.512,54.33],[50.697,54.427],[50.935,54.34],[51.008,54.545],[51.093,54.554],[51.187,54.648],[51.386,54.676],[51.409,54.595],[51.492,54.597],[51.513,54.639],[51.696,54.557],[51.932,54.532],[51.933,54.436],[52.034,54.424],[52.078,54.343],[52.211,54.442],[52.353,54.458],[52.369,54.419],[52.44,54.478],[52.539,54.377]],[[50.077,54.516],[50.12,54.432],[50.206,54.418],[50.257,54.294],[50.197,54.038],[49.974,53.96],[49.957,53.907],[50.048,53.873],[50.034,53.826],[49.856,53.838],[49.827,53.887],[49.617,53.814],[49.414,53.868],[49.029,53.857],[48.874,53.716],[48.473,53.77],[48.514,53.696],[48.599,53.668],[48.421,53.634],[48.326,53.662],[48.346,53.609],[48.435,53.581],[48.385,53.552],[48.376,53.471],[48.219,53.429],[48.077,53.48],[48.005,53.439],[47.949,53.359],[48.202,53.147],[48.16,53.045],[48.23,52.997],[48.27,53.057],[48.357,53.065],[48.324,52.984],[48.522,52.978],[48.593,52.919],[48.568,52.852],[48.437,52.78]],[[45.792,54.004],[45.854,53.967],[46.007,53.998],[46.2,53.923],[46.193,53.85],[46.283,53.801],[46.271,53.757],[46.338,53.757],[46.499,53.624],[46.464,53.605],[46.494,53.511],[46.68,53.476],[46.906,53.335],[46.943,53.263],[46.879,53.242],[46.874,53.187],[46.97,53.178],[46.913,53.079],[46.935,52.91],[46.902,52.882],[46.972,52.838],[46.983,52.771],[46.836,52.713],[46.831,52.616]],[[45.792,54.004],[45.714,53.919],[45.339,53.885],[45.176,53.979],[44.871,53.967],[44.617,53.892],[44.646,53.775],[44.736,53.705],[44.556,53.661],[44.199,53.763],[43.989,53.755],[43.877,53.81],[43.868,53.847],[43.933,53.867],[43.881,53.914],[43.528,54.015],[43.174,54],[43.106,53.909],[43.16,53.898],[43.168,53.834],[43.076,53.865],[42.918,53.797],[42.771,53.828],[42.738,53.756],[42.72,53.811],[42.573,53.76],[42.574,53.831],[42.51,53.801],[42.526,53.732],[42.308,53.847]],[[45.792,54.004],[45.879,54.031],[46.018,54.189],[46.272,54.206],[46.738,54.345],[46.734,54.384],[46.555,54.401],[46.515,54.444],[46.59,54.501],[46.482,54.497],[46.537,54.584],[46.439,54.578],[46.519,54.646],[46.444,54.688],[46.441,54.772]],[[46.831,52.616],[46.942,52.635],[47.062,52.57],[47.154,52.607],[47.207,52.567],[47.435,52.57],[47.573,52.616],[47.718,52.582],[47.843,52.723],[47.927,52.668],[48.062,52.695],[48.077,52.729],[47.99,52.748],[48.106,52.797],[48.437,52.78]],[[62.018,65.717],[62.278,65.623],[62.325,65.541],[62.411,65.515],[62.374,65.449],[62.481,65.349],[62.817,65.292],[62.801,65.051],[62.678,64.891],[62.81,64.836],[62.806,64.735],[62.593,64.64],[62.536,64.555],[62.9,64.477],[63.237,64.524],[63.458,64.459],[63.505,64.375],[63.413,64.328],[63.581,64.273],[63.888,64.284],[64.016,64.357],[64.477,64.36],[64.601,64.437],[65.176,64.446],[65.4,64.571],[66.019,64.595],[66.466,64.512],[66.682,64.557],[66.936,64.487],[66.887,64.378],[66.796,64.326],[66.819,64.226],[67.171,64.163],[67.166,64.125],[67.281,64.081],[67.679,64.079],[67.809,64.032],[67.926,64.116],[68.425,64.296],[68.882,64.223],[68.99,64.33],[68.859,64.436],[69.214,64.472],[69.379,64.39],[69.693,64.4],[70,64.316],[70.307,64.344],[70.473,64.252],[70.769,64.194],[70.776,64.114],[70.558,64.002],[70.638,63.903],[70.813,63.822],[70.923,63.687],[71.388,63.675],[71.551,63.59],[71.608,63.185],[71.988,63.202],[72.161,63.299],[72.655,63.28],[73.104,63.436],[73.368,63.207],[74.241,63.172],[74.507,63.043],[74.915,63.032],[75.364,63.108],[75.861,63.111],[76.24,63.019],[76.297,62.95],[76.688,63.039],[77.026,62.975],[77.158,62.791],[77.889,62.557],[78.026,62.461],[78.379,62.568],[78.793,62.615],[79.82,62.604],[79.915,62.792],[80.553,63.001],[80.584,63.083],[81.115,63.116],[81.175,62.972],[81.321,62.885],[81.339,62.826],[81.784,62.688],[82.165,62.809],[82.749,62.754],[82.758,62.67],[83.283,62.461],[83.789,62.563],[84.019,62.397],[84.237,62.377],[84.289,62.276],[84.436,62.178]],[[62.018,65.717],[62.851,65.873],[62.803,65.931],[62.884,65.98],[62.821,66.012],[62.862,66.075],[63.105,66.25],[63.295,66.239],[63.242,66.328],[63.415,66.48],[63.541,66.471],[63.809,66.547],[63.981,66.651],[64.295,66.663],[64.534,66.728],[64.576,66.798],[65.105,66.895],[65.078,67.042],[65.216,67.076],[65.19,67.145],[65.662,67.311],[65.713,67.34],[65.702,67.389],[65.937,67.393],[66.089,67.468],[66.106,67.508],[66.036,67.575],[65.796,67.568],[65.859,67.606],[65.824,67.63],[65.852,67.654],[66.105,67.647],[66.206,67.693],[66.198,67.74],[66.02,67.798],[66.09,67.93],[65.911,67.961],[65.437,67.92],[65.29,68.012],[65.331,68.091],[65.274,68.23],[65.48,68.43]],[[84.436,62.178],[84.872,62.459],[84.894,62.541],[85.09,62.638],[85.225,62.801],[85.518,62.933],[85.496,62.986],[85.586,63.074],[85.469,63.149],[85.531,63.263],[85.672,63.36],[85.419,63.349],[85.365,63.405],[85.378,63.467],[85.299,63.517],[85.097,63.534],[85.032,63.586],[85.269,63.651],[85.373,63.808],[85.534,63.937],[85.963,64.066],[85.934,64.123],[86.03,64.275],[85.842,64.459],[85.916,64.588],[85.81,64.648],[85.856,64.763],[85.559,64.83],[85.149,64.752],[85.093,64.811],[84.939,64.823],[84.967,64.899],[84.92,64.928],[84.292,64.903],[84.279,64.94],[84.389,65.008],[84.313,65.098],[84.584,65.291],[84.507,65.395],[84.55,65.433],[84.498,65.504],[84.196,65.595],[84.297,65.617],[84.319,65.684],[84.168,65.703],[84.031,65.793],[83.592,65.775],[83.518,65.822],[83.521,65.908],[83.293,66.066],[83.535,66.193],[83.091,66.459],[83.089,66.61],[83.297,66.673],[83.187,66.747],[83.162,66.818],[82.117,67.244],[82.358,67.331],[82.251,67.419],[82.374,67.481],[82.389,67.534],[82.11,67.609],[82.049,67.655],[82.112,67.686],[82.1,67.724],[81.895,67.789],[81.726,67.924],[82.365,67.946],[82.395,68.177],[82.533,68.17],[82.574,68.255],[82.703,68.298],[82.679,68.492],[82.469,68.577],[83.039,68.667],[82.803,68.742],[82.787,68.795],[82.552,68.827],[82.493,68.987],[82.329,69.046],[82.494,69.105],[82.453,69.162],[81.841,69.196],[81.761,69.252],[81.929,69.349],[81.685,69.447],[81.626,69.415],[81.636,69.306],[81.571,69.273],[81.324,69.286],[80.967,69.209],[80.734,69.308],[79.865,69.349],[79.814,69.423],[79.65,69.484],[79.491,69.654],[79.012,69.703],[79.13,69.739],[78.88,69.88],[79.172,69.963],[79.134,70.008],[79.193,70.01],[79.197,70.05],[79.355,70.05],[79.333,70.148],[79.496,70.112],[79.717,70.28],[79.88,70.278],[80.095,70.353],[80.095,70.395],[80.183,70.393],[80.181,70.434],[80.569,70.461],[80.747,70.394],[80.795,70.438],[80.61,70.501],[80.757,70.656],[80.593,70.722],[80.686,70.801],[80.565,70.86],[80.538,71.059],[79.954,71.134],[79.565,71.277],[79.227,71.321],[79.143,71.415],[79.358,71.494],[79.389,71.543],[79.338,71.598],[79.371,71.612],[79.868,71.602],[80.102,71.665],[80.076,71.765],[80.119,71.779],[80.036,71.831],[80.339,71.89],[79.695,72.058],[79.436,72.04],[78.914,72.116],[78.61,72.208],[78.665,72.22],[78.656,72.258],[78.447,72.348],[78.503,72.382]],[[88.624,56.833],[88.535,56.783],[88.392,56.826],[87.788,56.546],[87.62,56.64],[87.385,56.614],[87.167,56.676],[87.138,56.654],[87.179,56.6],[87.13,56.54],[86.868,56.564],[86.837,56.615],[86.696,56.634],[86.398,56.548],[86.313,56.627],[86.217,56.624],[86.106,56.492],[85.854,56.44],[85.781,56.402],[85.8,56.365],[85.569,56.3],[85.688,56.239],[85.379,56.213],[85.254,56.245],[85.13,56.222],[85.076,56.147],[84.893,56.17],[84.41,56.044]],[[88.624,56.833],[88.652,56.742],[88.74,56.708],[88.669,56.638],[88.506,56.62],[88.522,56.551],[88.625,56.517],[88.592,56.444],[88.915,56.346],[88.905,56.312],[89.057,56.302],[89.056,56.21],[89.272,56.069],[89.243,56.044],[89.311,55.914],[89.449,55.862],[89.382,55.833],[89.37,55.775],[88.878,55.621],[88.609,55.446]],[[84.41,56.044],[84.347,55.984],[84.218,56.055],[83.97,56.015],[83.91,55.913],[83.769,55.873],[83.645,55.701],[83.409,55.682],[83.403,55.735],[83.295,55.682],[83.228,55.749],[83.289,55.848],[83.36,55.845],[83.407,55.901],[83.231,56.041],[83.286,56.104],[83.118,56.137],[83.141,56.192],[83.218,56.208],[83.07,56.234],[83.202,56.339],[83.149,56.379],[83.256,56.439],[83.085,56.553],[82.996,56.508],[82.815,56.524],[82.834,56.449],[82.761,56.411],[81.944,56.339],[81.557,56.258],[81.122,56.533],[80.249,56.455],[79.59,56.929],[78.448,57.122],[78.444,57.161],[76.919,57.188],[76.109,57.25]],[[84.41,56.044],[84.544,56.026],[84.572,55.963],[84.501,55.954],[84.506,55.868],[84.606,55.841],[84.586,55.801],[84.631,55.768],[84.551,55.723],[84.701,55.669],[84.771,55.54],[84.722,55.5],[84.761,55.455],[84.635,55.409],[84.875,55.389],[84.823,55.246],[84.916,55.165],[84.883,54.985],[85.076,54.868],[84.942,54.737],[85.043,54.662],[84.948,54.604],[85.079,54.469]],[[37.841,53.009],[37.795,52.912],[37.844,52.882],[37.79,52.845],[37.874,52.781],[37.777,52.723],[37.809,52.641],[37.712,52.613],[37.811,52.559],[37.778,52.511],[37.904,52.481],[37.879,52.43],[38.038,52.345],[38.017,52.252],[37.778,52.161],[37.747,52.017]],[[37.841,53.009],[37.912,53.073],[38.1,53.061],[38.271,53.021],[38.334,52.962],[38.473,53.041],[38.595,53.049],[38.636,53.114],[38.577,53.168],[38.598,53.236],[38.477,53.31],[38.754,53.376],[38.704,53.51],[38.895,53.565]],[[37.841,53.009],[37.713,53.132],[37.586,53.135],[37.561,53.296],[37.34,53.307],[37.197,53.251],[36.991,53.307],[36.807,53.297],[36.667,53.416],[36.535,53.391],[36.398,53.429],[36.232,53.574],[36.098,53.556],[36.01,53.618]],[[37.747,52.017],[37.808,51.917],[37.891,51.884],[38.299,51.961]],[[37.747,52.017],[37.652,51.971],[37.481,52.009],[37.387,51.927],[37.187,52.079],[36.82,52.12],[36.493,52.24],[36.338,52.37],[35.653,52.248],[35.557,52.432],[35.105,52.33],[34.897,52.353]],[[44.214,66.408],[45.741,66.068],[46.347,66.028],[47.154,65.816],[47.726,65.819],[47.764,65.85],[47.753,65.941],[48.156,66.13],[49.006,66.119]],[[49.006,66.119],[48.999,65.24],[49.637,65.274],[50.063,64.89],[50.467,64.792],[50.335,64.523],[49.595,64.591],[49.45,64.463],[48.95,64.491],[48.84,64.357],[48.518,64.356],[48.408,64.224],[48.196,64.239],[48.116,64.348],[46.611,64.327],[46.323,64.265],[45.825,64.284],[45.427,64.172],[45.884,63.964],[46.436,63.888],[46.819,63.747],[47.021,63.559],[46.947,63.342],[47.091,63.246],[47.555,63.148],[47.516,63.037],[47.436,62.973],[47.083,62.84],[47.238,62.636],[47.235,62.351],[47.386,62.32],[47.413,62.193],[47.621,62.185],[47.65,62.297],[47.751,62.322],[48.291,62.322],[48.302,62.403],[48.235,62.464],[48.366,62.729],[48.657,62.707],[48.714,62.816],[48.875,62.829],[49.609,62.77],[49.369,62.149],[49.216,62.097],[49.052,61.691],[49.461,61.586],[49.314,61.188],[48.509,61.048],[48.446,60.984],[48.419,60.854]],[[49.006,66.119],[51.51,66.783],[51.549,66.798],[51.482,66.828],[51.525,66.928],[51.811,66.954],[51.847,67.002],[52.155,67.086],[53.772,66.999],[59.918,67.002],[59.872,66.971],[59.919,66.954],[60.082,66.99],[61.661,67.016],[61.851,67.126],[62.821,67.388],[62.871,67.58],[63.105,67.675],[63.422,67.768],[63.69,67.762],[63.709,67.81],[63.871,67.836],[63.947,67.894],[63.834,68.028],[64.53,68.2],[64.494,68.315],[64.556,68.358],[64.761,68.406],[65.48,68.43]],[[65.038,69.271],[64.99,69.205],[64.527,69.023],[64.581,68.946],[64.528,68.899],[65.341,68.792],[65.326,68.73],[65.408,68.727],[65.408,68.661],[65.654,68.556],[65.48,68.43]],[[96.684,53.639],[96.505,53.684],[96.059,53.994],[96.055,54.088],[95.671,54.239],[95.667,54.335],[95.797,54.418],[95.922,54.4],[96.065,54.573],[96.573,54.518],[96.565,54.697],[96.714,54.919],[96.585,55.023],[96.682,55.078],[96.707,55.259],[96.918,55.33],[96.843,55.441],[96.82,55.558],[96.855,55.594],[96.753,55.651],[96.818,55.701],[96.768,55.769],[96.96,55.861],[96.986,56.018],[97.125,56.102],[97.352,56.051],[97.44,56.147],[97.58,56.195],[97.568,56.383],[97.878,56.411],[97.877,56.545],[97.751,56.56],[97.775,56.78],[97.486,56.811],[97.485,56.893],[97.62,56.954],[97.482,56.966],[97.349,57.048],[97.934,57.811],[98.745,57.793],[98.962,57.723],[99.422,57.799],[99.498,57.929],[99.703,58.086],[100.043,58.079],[100.129,57.867],[100.365,57.732],[100.331,57.689],[100.405,57.55],[100.749,57.403],[100.958,57.498],[100.952,57.561],[100.801,57.673],[100.885,57.77],[100.813,57.884],[101.022,57.892],[101.154,58.017],[101.118,58.119],[101.298,58.219],[101.531,58.225],[101.701,58.424],[102.186,58.523],[102.318,58.647],[102.504,58.715],[102.565,58.802],[102.534,58.901],[102.439,58.944],[102.406,59.073],[102.439,59.136],[102.588,59.203],[102.831,59.215],[103.011,59.318],[103.083,59.264],[103.33,59.256],[103.24,59.227],[103.249,59.175],[103.375,59.034],[103.582,58.96],[103.594,58.917],[103.896,58.9],[103.952,58.785],[103.877,58.732],[104.22,58.758],[104.393,58.704],[104.458,58.602],[104.847,58.699],[104.867,58.735],[104.76,58.814],[104.798,58.863],[105.353,59.108],[105.303,59.149],[105.294,59.26],[105.191,59.308],[105.241,59.353],[105.225,59.429],[105.172,59.474],[104.978,59.464],[104.863,59.543],[104.801,59.697],[105.012,59.77],[105.024,59.835],[105.491,59.845],[105.433,59.896],[105.489,60.001],[105.424,60.11],[105.483,60.236],[105.321,60.295],[104.889,60.302],[104.665,60.403],[104.522,60.639],[104.596,60.753],[104.46,60.839],[104.629,60.89],[104.565,60.945],[104.635,61.036],[104.615,61.074],[104.837,61.176],[105.007,61.182],[104.926,61.319],[104.789,61.348],[105.272,61.425],[105.367,61.53],[105.696,61.645],[105.809,61.622],[105.947,61.689],[105.902,61.835],[106.209,62],[106.407,62.035],[106.375,62.103],[106.446,62.235],[106.327,62.266],[106.478,62.324],[106.428,62.383],[106.533,62.377],[106.703,62.474],[106.669,62.549],[106.797,62.602],[106.504,62.675],[106.525,62.747],[106.443,62.843],[106.218,62.897],[106.123,63.06],[106.403,63.113],[106.425,63.197],[106.362,63.221],[106.365,63.263],[106.438,63.32],[106.673,63.298],[106.731,63.367],[106.51,63.495],[106.686,63.62],[106.629,63.697],[106.793,63.842],[106.681,63.925],[106.71,63.987],[107.071,63.887],[107.19,63.955],[107.29,63.95],[107.372,63.866],[107.55,63.857],[107.68,63.989],[108.117,63.983],[108.318,64.033],[108.204,64.221],[108.027,64.224]],[[96.684,53.639],[96.653,53.552],[96.444,53.511],[96.355,53.561],[96.372,53.599],[96.241,53.613],[96.092,53.451],[95.757,53.52],[95.396,53.372],[95.247,53.457],[95.053,53.377],[94.74,53.383],[94.594,53.316],[94.701,53.238],[94.604,53.176],[94.604,53.049],[94.512,52.911],[94.305,52.904],[94.149,52.842],[94.071,52.667],[93.765,52.439],[93.678,52.224],[93.36,52.129],[92.853,51.833],[92.105,51.783],[91.558,51.9],[91.239,51.882],[91.101,51.943],[90.849,51.908],[90.736,52.069],[90.477,52.183]],[[96.684,53.639],[96.727,53.705],[96.885,53.728],[97.128,53.613],[97.334,53.594],[97.448,53.461],[97.586,53.438],[97.606,53.373],[97.958,53.358],[98.031,53.253],[98.289,53.223],[98.303,53.104],[98.938,53.149],[99.064,53.097],[98.989,53.034],[99.25,52.954]],[[88.609,55.446],[88.393,55.262],[88.486,55.186],[88.548,55.017],[88.674,54.963],[88.668,54.877],[88.743,54.895],[88.756,54.818],[88.631,54.747],[88.58,54.578],[88.605,54.527],[88.531,54.423],[88.377,54.393],[88.54,54.341],[88.561,54.288],[88.845,54.416],[88.961,54.364],[89.004,54.29],[89.129,54.35],[89.19,54.322],[89.222,54.25],[89.193,54.15],[88.981,54.065],[89.065,53.955],[89.214,53.941],[89.182,53.872],[89.274,53.849],[89.032,53.753],[89.004,53.668],[88.837,53.588],[88.863,53.48],[88.761,53.365],[88.889,53.388],[88.969,53.346],[89.053,53.244],[89.006,53.192],[89.051,53.136],[88.895,52.987],[89.065,52.954],[89.122,52.916],[89.111,52.867],[89.236,52.81],[89.042,52.706],[89.115,52.598],[88.664,52.344],[88.722,52.313],[88.682,52.251],[88.365,52.168]],[[88.609,55.446],[88.95,55.289],[88.966,55.185],[89.067,55.132],[89.038,55.084],[89.147,55.076],[89.201,54.99],[89.392,54.974],[89.447,55.039],[89.567,55.058],[89.658,55.003],[90.196,55.151],[90.229,55.066],[90.436,55.016],[90.483,54.928],[90.458,54.871],[90.685,54.905],[90.715,54.831],[90.84,54.839],[90.915,54.791],[90.855,54.627],[91.159,54.488],[91.252,54.275],[91.464,54.057],[91.465,53.966],[91.327,53.817],[91.333,53.758],[91.454,53.606],[91.47,53.514],[91.744,53.447],[91.846,53.352],[91.841,53.288],[91.66,53.158],[91.351,53.077],[91.396,52.868],[90.7,52.458],[90.477,52.183]],[[88.365,52.168],[88.421,52.454],[88.208,52.414],[87.924,52.548],[87.636,52.45],[87.378,52.509],[87.35,52.595],[87.173,52.612]],[[88.365,52.168],[88.242,52.111],[88.249,52.063],[88.078,52.075],[87.839,51.811],[87.849,51.772],[88.106,51.761],[87.973,51.602],[87.862,51.549],[88.171,51.367],[88.508,51.316],[88.665,51.424],[88.651,51.528],[88.736,51.559]],[[108.027,64.224],[108.46,64.285],[108.534,64.235],[108.485,64.2],[108.54,64.178],[108.495,64.116],[108.731,63.984],[108.688,63.914],[108.767,63.868],[108.648,63.787],[108.29,63.807],[108.269,63.679],[108.117,63.622],[108.134,63.57],[108.571,63.598],[108.857,63.537],[109.042,63.552],[109.223,63.437],[109.279,63.349],[109.378,63.339],[109.381,63.257],[109.452,63.223],[109.408,63.182],[109.453,63.149],[109.472,62.932],[109.647,62.826],[109.473,62.746],[109.37,62.577],[109.249,62.57],[109.267,62.524],[109.487,62.411],[109.912,62.41],[109.895,62.354],[109.998,62.285],[109.936,62.239],[110,62.164],[109.598,61.87],[109.62,61.718],[109.87,61.533],[109.792,61.325],[110.081,61.27],[110.19,61.155],[110.398,61.18],[110.506,61.138],[110.458,60.988],[110.235,60.825],[110.288,60.77],[110.267,60.697],[110.049,60.672],[110.116,60.587],[109.923,60.463],[109.946,60.402],[109.732,60.225],[109.694,60.115],[109.764,60.027],[109.625,59.908],[109.645,59.861],[109.501,59.759],[109.523,59.636],[109.268,59.461],[109.348,59.41],[109.252,59.367],[109.261,59.321],[109.51,59.289],[109.528,59.19],[109.626,59.152],[109.642,59.062],[109.742,59.066],[109.822,58.981],[110.278,58.984],[110.531,59.059],[110.589,59.131],[110.576,59.186],[110.697,59.257],[111.001,59.208],[111.091,59.237],[111.175,59.188],[111.297,59.253],[111.47,59.267],[111.637,59.208],[111.764,59.274],[111.942,59.274],[112.271,59.5],[112.333,59.417],[112.275,59.365],[112.293,59.301],[112.631,59.31],[112.636,59.27],[112.526,59.228],[112.451,59.125],[112.448,58.928],[112.503,58.87],[112.616,58.962],[112.569,59.067],[112.644,59.034],[112.916,59.152],[113.264,59.157],[113.461,59.262],[113.472,59.339],[113.424,59.383],[113.605,59.499],[113.592,59.565],[113.779,59.609],[113.854,59.684],[114.038,59.682],[114.043,59.737],[114.175,59.753],[114.309,59.879],[114.569,60.001],[114.523,60.046],[114.543,60.108],[114.697,60.219],[114.825,60.187],[115.238,60.447],[115.709,60.525],[116.075,60.407],[116.599,60.355],[116.977,60.154],[117.054,60.035],[117.296,60.019],[117.064,59.913],[117.226,59.821],[117.198,59.655],[117.087,59.591],[117.234,59.531],[117.598,59.472],[117.758,59.539],[117.883,59.442],[118.058,59.583],[118.283,59.609],[118.398,59.516],[118.749,59.413],[118.758,59.333],[118.846,59.291],[118.689,59.191],[118.707,59.064],[118.85,59.009],[118.786,58.9],[118.893,58.805],[118.876,58.689],[118.776,58.604],[119.129,58.48],[119.069,58.357],[119.124,58.289],[119.108,58.223]],[[119.108,58.223],[118.63,58.175],[118.398,58.265],[118.317,58.353],[118.142,58.386],[118.07,58.34],[117.995,58.395],[117.835,58.408],[117.669,58.395],[117.476,58.309],[117.587,58.18],[117.569,58.141],[117.408,58.127],[117.366,57.995],[117.409,57.906],[117.086,57.804],[117.173,57.736],[117.142,57.641],[117.287,57.613],[117.254,57.514],[117.326,57.453],[117.366,57.328],[117.444,57.329],[117.432,57.255],[117.541,57.261],[117.597,57.321],[117.794,57.293],[117.743,57.196],[117.601,57.15],[117.685,57.014],[117.572,56.93],[117.571,56.851],[117.411,56.827],[117.328,56.943],[117.131,56.804],[117.031,56.812],[117.031,56.775],[116.797,56.724],[116.569,56.757],[116.362,56.847],[116.122,56.813],[115.711,56.964]],[[119.108,58.223],[119.16,58.042],[119.044,57.741],[119.156,57.694],[119.142,57.533],[119.201,57.505],[119.321,57.61],[119.495,57.586],[119.405,57.432],[119.686,57.168],[119.619,57.095],[119.621,57.021],[119.78,56.98],[119.898,56.889]],[[42.308,53.847],[42.462,53.965],[42.274,54.082],[42.282,54.122],[42.535,54.083],[42.529,54.142],[42.6,54.188],[42.439,54.26],[42.258,54.171],[42.184,54.262],[42.278,54.236],[42.632,54.378],[42.544,54.439],[42.557,54.492],[42.645,54.499],[42.621,54.543],[42.699,54.582],[42.609,54.647],[42.623,54.715],[42.56,54.691],[42.419,54.736],[42.386,54.802],[42.467,54.871]],[[46.441,54.772],[46.394,54.818],[46.415,54.895],[46.287,54.963],[46.285,55.038],[46.2,55.071],[46.16,54.972],[46.056,55.042]],[[36.01,53.618],[35.911,53.644],[35.772,53.52],[35.641,53.546],[35.449,53.441],[35.356,53.284],[35.28,53.323],[35.188,53.271],[35.104,53.311]],[[36.01,53.618],[35.99,53.654],[36.058,53.704],[35.957,53.726],[35.964,53.822],[35.911,53.85],[36.216,54.07],[36.088,54.099],[36.113,54.136],[36.023,54.185],[36.197,54.158],[36.245,54.235],[36.406,54.211],[36.461,54.288],[36.926,54.294],[36.964,54.405],[36.851,54.468],[36.805,54.61],[37.072,54.536],[37.208,54.688],[37.183,54.718],[37.259,54.836]],[[35.104,53.311],[35.109,53.145],[35.314,53.062],[35.205,53],[35.135,53.012],[35.151,52.96],[34.971,52.973],[34.796,52.865],[34.873,52.781],[35.092,52.698],[34.993,52.654],[34.99,52.511],[34.835,52.428],[34.897,52.353]],[[35.104,53.311],[35.01,53.29],[35.014,53.393],[34.5,53.427],[34.536,53.468],[34.489,53.565],[34.537,53.598],[34.291,53.815],[34.217,53.83],[34.199,53.892],[33.882,53.872],[33.682,54.026],[33.501,54.016]],[[40.926,58.579],[41.034,58.522],[41.075,58.396],[41.164,58.361],[40.881,58.194],[40.885,58.126],[40.608,57.927],[40.664,57.585],[40.607,57.539],[40.499,57.58],[40.44,57.552],[40.49,57.499],[40.387,57.503],[40.45,57.436],[40.4,57.418],[40.445,57.276]],[[40.926,58.579],[41.22,58.73],[41.134,58.799],[41.247,58.877],[41.168,58.906],[41.177,58.963],[41.341,58.957],[41.744,59.121],[41.875,59.086],[42.034,59.127],[42.09,59.23],[41.958,59.29],[42.049,59.427],[42.182,59.397],[42.19,59.309],[42.284,59.262],[42.601,59.316],[42.671,59.228],[42.854,59.162],[43.026,59.208],[43.112,59.29],[43.336,59.212],[43.341,59.271],[43.493,59.297],[43.526,59.169],[43.742,59.26],[43.936,59.207],[44.146,59.227],[44.332,59.138],[44.991,59.122],[45.066,59.182],[45.952,59.194],[46.029,59.304],[46.356,59.347],[46.406,59.633],[47.114,59.611]],[[40.926,58.579],[40.625,58.606],[40.496,58.556],[40.174,58.554],[39.969,58.759],[39.839,58.768],[39.595,58.906],[39.531,58.877],[39.101,58.954],[38.934,58.938],[38.918,58.885],[39.002,58.849],[38.902,58.793],[38.909,58.74],[38.563,58.779],[38.478,58.706],[38.048,58.736],[37.891,58.617],[37.722,58.627],[37.626,58.49]],[[40.445,57.276],[41.062,57.343],[41.17,57.435],[41.56,57.464],[41.609,57.564],[41.567,57.704],[41.63,57.75],[42.18,57.56],[42.353,57.583],[42.414,57.635],[42.65,57.635],[42.776,57.703],[42.855,57.66],[42.826,57.53],[42.87,57.497],[42.818,57.427],[42.853,57.394],[43.158,57.428],[43.207,57.634],[43.213,57.415],[43.283,57.437],[43.312,57.517],[43.576,57.655],[43.538,57.572],[43.727,57.466]],[[40.445,57.276],[40.195,57.285],[40.225,57.264],[40.178,57.206],[39.842,57.177],[39.827,57.11],[39.52,57.027],[39.579,56.968],[39.398,56.854],[39.417,56.772]],[[39.417,56.772],[39.356,56.772],[39.31,56.684],[39.337,56.609],[39.272,56.538],[39.121,56.594],[39,56.543],[38.759,56.61],[38.562,56.542],[38.533,56.626],[38.374,56.697]],[[39.417,56.772],[39.625,56.825],[39.859,56.78],[39.88,56.65],[39.834,56.609],[39.951,56.481],[40.156,56.434],[40.458,56.532],[40.505,56.596],[40.715,56.598],[41.085,56.473],[41.91,56.54],[41.958,56.391],[42.059,56.368],[42.289,56.471],[42.588,56.42]],[[38.374,56.697],[38.257,56.77]],[[38.374,56.697],[38.323,56.672],[38.293,56.533],[38.393,56.456],[38.403,56.264],[38.506,56.226],[38.598,55.962],[38.839,55.901],[39.016,55.925],[39.054,55.852],[39.325,55.828],[39.358,55.761],[39.857,55.826],[39.9,55.734],[40.085,55.613],[40.036,55.517],[40.143,55.514],[40.183,55.449],[40.143,55.406],[40.206,55.309]],[[38.895,53.565],[38.915,53.609],[38.866,53.629],[38.922,53.733],[38.804,53.778],[38.793,53.881],[38.844,53.936],[38.714,54.001],[38.696,54.09],[38.764,54.135],[38.741,54.185],[38.675,54.17],[38.675,54.245]],[[42.467,54.871],[42.591,54.79],[42.694,54.819],[43.066,54.785],[43.155,54.903],[43.409,54.948],[43.61,54.901],[43.725,54.82],[43.949,54.807],[43.946,54.738],[44.11,54.726],[44.101,54.649],[44.438,54.538],[44.638,54.579],[44.67,54.538],[44.6,54.473],[44.784,54.52],[44.94,54.475],[45.141,54.512],[45.021,54.577],[45.091,54.659],[45.055,54.752],[45.152,54.797],[45.196,54.751],[45.259,54.87],[45.424,54.882],[45.439,55.033],[45.49,55.093],[45.571,55.085],[45.598,55.161],[45.735,55.172],[45.782,55.117],[45.74,55.077],[45.77,55.038],[45.687,54.994],[45.713,54.971],[46.056,55.042]],[[42.467,54.871],[42.472,55.005],[42.167,54.949],[41.965,55.002],[42.006,55.022],[41.987,55.087],[41.854,55.061],[41.783,55.119]],[[40.206,55.309],[40.345,55.34],[40.323,55.294],[40.4,55.287],[40.526,55.328],[40.621,55.205],[40.965,55.26],[41.081,55.147],[41.096,55.199],[41.197,55.222],[41.412,55.131],[41.783,55.119]],[[40.206,55.309],[40.012,55.204],[39.72,55.126],[39.889,55.085],[39.813,54.997],[39.685,55.021],[39.488,54.941],[39.379,54.853],[39.327,54.752],[39.355,54.729],[39.238,54.711],[39.232,54.635],[38.82,54.602],[38.791,54.464],[38.918,54.405],[38.737,54.345],[38.675,54.245]],[[41.783,55.119],[41.886,55.17],[41.859,55.241],[41.954,55.278],[41.937,55.334],[42.134,55.442],[42.068,55.481],[42.04,55.609],[42.117,55.613],[42.107,55.664],[42.263,55.765],[42.392,55.783],[42.575,55.976],[42.645,55.952],[42.694,56.003],[42.698,56.13],[42.948,56.169],[42.755,56.22],[42.761,56.306],[42.588,56.42]],[[36.523,63.971],[36.557,63.77],[36.469,63.676],[35.857,63.599],[36.028,63.474],[36.22,63.416],[36.262,63.236],[36.412,63.206],[36.315,63.156],[36.259,63.032],[36.501,62.826],[36.76,62.718],[37.098,62.652],[37.352,62.684],[37.512,62.638],[37.59,62.462],[37.573,62.361],[37.429,62.213],[37.729,62.2],[37.808,61.998],[37.929,61.962],[37.882,61.718],[37.762,61.648],[37.773,61.522]],[[37.773,61.522],[37.857,61.285],[37.973,61.205],[37.965,61.148],[38.179,61.126],[38.145,61.073],[38.22,60.92],[38.329,60.91],[38.372,60.951],[38.421,60.811],[38.586,60.797],[38.661,60.711],[38.811,60.718],[38.957,60.807],[39.191,60.653],[39.177,60.714],[39.359,60.682],[39.637,60.746],[39.954,60.65],[40.351,60.708],[40.418,60.785],[40.543,60.721],[40.746,60.78],[40.8,60.717],[41.059,60.65],[41.343,60.646],[41.412,60.791],[41.394,60.858],[41.536,60.9],[41.719,60.84],[41.923,60.917],[41.947,60.835],[42.395,60.769],[42.551,60.783],[42.558,60.832],[42.65,60.863],[42.823,60.855],[42.98,60.737],[43.15,60.806],[43.511,60.767],[43.525,60.847],[43.747,60.895],[43.776,61.021],[44.108,61.083],[44.167,61.08],[44.158,60.995],[44.206,60.972],[45.229,60.904],[45.332,61.189],[45.379,61.205],[45.787,61.167],[45.767,61.055],[45.878,61.016],[46.285,60.968],[46.509,61.064],[46.582,61],[46.746,60.983],[46.762,60.902],[47.043,60.854]],[[37.773,61.522],[37.278,61.501],[37.256,61.54],[36.996,61.594],[36.85,61.541],[36.632,61.553],[36.467,61.407],[35.604,61.188]],[[33.166,66.556],[33.046,66.576]],[[29.362,66.627],[31.073,66.684],[31.555,66.655],[31.652,66.537],[31.801,66.494],[31.832,66.385],[31.902,66.356],[32.329,66.359],[32.363,66.467],[32.54,66.492],[32.574,66.577],[32.884,66.586]],[[43.727,57.466],[43.846,57.431],[44.063,57.453],[44.413,57.565],[44.567,57.696],[44.738,57.706],[44.865,57.88],[44.792,57.961],[44.863,58.075],[45.462,58.035],[45.563,57.935],[45.828,58.049],[46.341,58.075]],[[43.727,57.466],[43.707,57.425],[43.862,57.366],[43.698,57.337],[43.677,57.268],[43.544,57.266],[43.558,57.23],[43.499,57.192],[43.505,57.12],[43.677,57.069],[43.628,57],[43.366,56.865],[42.844,56.815],[42.787,56.669],[42.904,56.642],[42.906,56.583],[42.83,56.533],[42.888,56.514],[42.882,56.472],[42.639,56.479],[42.588,56.42]],[[46.056,55.042],[46.098,55.204],[46.227,55.265],[46.22,55.357],[46.387,55.452],[46.119,55.53],[45.92,55.688],[46.01,55.743],[45.988,55.777],[46.094,55.808],[46.135,55.896],[46.099,55.941],[46.214,56.05]],[[46.341,58.075],[46.314,58.116],[46.413,58.214],[46.414,58.308],[46.48,58.338],[46.411,58.354],[46.584,58.43],[46.552,58.483],[46.593,58.561],[47,58.62],[47.008,58.693],[47.107,58.769],[47.222,58.75],[47.317,58.798],[47.3,58.913],[47.602,58.907],[47.55,58.998],[47.571,59.06],[47.442,59.164],[47.239,59.22],[47.252,59.355],[47.056,59.379],[47.114,59.611]],[[46.341,58.075],[46.443,58.02],[47.354,58.026],[47.764,57.912],[47.762,57.876],[47.566,57.803],[47.535,57.616],[47.471,57.529],[47.261,57.569],[47.037,57.495],[46.749,57.522],[46.798,57.462],[46.701,57.419],[46.75,57.385],[46.68,57.351],[46.845,57.229],[46.734,57.2],[46.765,57.035],[46.715,56.966]],[[37.259,54.836],[37.188,54.868],[37.12,54.991]],[[37.259,54.836],[37.448,54.83],[37.671,54.714],[37.758,54.736],[37.756,54.823],[37.939,54.832],[38.049,54.709],[38.472,54.638],[38.517,54.586],[38.377,54.515],[38.388,54.472],[38.505,54.389],[38.521,54.289],[38.675,54.245]],[[127.26,36.879],[127.131,36.926],[126.962,36.905]],[[127.26,36.879],[127.518,37.014],[127.607,37.131]],[[127.26,36.879],[127.339,36.765],[127.247,36.646]],[[126.812,36.047],[127.065,36.133],[127.114,36.056],[127.306,36.121],[127.432,35.987],[127.619,36.03]],[[127.619,36.03],[127.558,36.186],[127.466,36.204],[127.539,36.39],[127.482,36.374]],[[127.619,36.03],[127.754,35.975],[127.878,36.007]],[[127.219,36.456],[127.317,36.233],[127.45,36.291],[127.482,36.374]],[[127.219,36.456],[127.06,36.456],[127.081,36.64],[127.104,36.692],[127.247,36.646]],[[127.219,36.456],[127.353,36.479]],[[127.482,36.374],[127.46,36.435],[127.372,36.426],[127.353,36.479]],[[127.247,36.646],[127.212,36.536],[127.361,36.544],[127.353,36.479]],[[126.72,37.377],[126.796,37.443],[126.76,37.507],[126.604,37.549]],[[127.607,37.131],[127.819,37.166],[127.81,37.118],[127.888,37.114],[127.937,37.205],[127.988,37.218],[128.038,37.151],[128.191,37.203],[128.322,37.175],[128.289,37.101],[128.385,37.116],[128.421,37.064],[128.65,37.022]],[[127.607,37.131],[127.831,37.508],[127.54,37.605],[127.538,37.792],[127.626,37.881],[127.479,37.964],[127.445,38.066],[127.297,38.084],[127.307,38.138],[127.233,38.105],[127.2,38.139],[127.177,38.074],[126.966,38.213]],[[127.878,36.007],[127.914,35.887]],[[127.878,36.007],[127.943,36.048],[127.965,36.152],[128.034,36.164],[128,36.229],[127.837,36.245],[127.888,36.479],[127.789,36.565],[127.95,36.697],[128.06,36.675],[128.026,36.717],[128.057,36.776],[128.202,36.776],[128.238,36.832],[128.342,36.761],[128.425,36.789],[128.465,36.91],[128.65,37.022]],[[128.65,37.022],[128.756,36.996],[128.804,37.093],[128.882,37.026],[129.18,37.02],[129.101,36.976],[129.098,36.919],[129.168,36.842],[129.286,36.82],[129.278,36.632],[129.423,36.617]],[[127.914,35.887],[127.707,35.735],[127.629,35.522],[127.694,35.414],[127.617,35.277]],[[127.914,35.887],[127.966,35.827],[128.143,35.777],[128.216,35.705],[128.22,35.613],[128.421,35.579],[128.55,35.64],[128.584,35.56],[128.752,35.531],[129.008,35.58]],[[127.617,35.277],[127.647,35.156],[127.805,34.957]],[[126.986,35.239],[126.934,35.255]],[[126.986,35.239],[126.966,35.15]],[[126.986,35.239],[126.966,35.15]],[[126.934,35.255],[126.88,35.243]],[[126.934,35.255],[126.88,35.243]],[[129.199,35.164],[129.068,35.272],[128.963,35.133]],[[126.844,35.251],[126.823,35.234]],[[126.844,35.251],[126.88,35.243]],[[126.844,35.251],[126.88,35.243]],[[126.823,35.234],[126.966,35.15]],[[126.823,35.234],[126.966,35.15]],[[48.412,55.829],[48.421,55.905],[48.685,55.952],[48.698,56.076],[48.828,56.067],[48.995,56.209],[49.051,56.207],[48.933,56.262],[49.092,56.392],[49.329,56.351],[49.405,56.38],[49.417,56.48],[49.464,56.43],[49.544,56.432],[49.572,56.501],[49.651,56.53],[49.788,56.533],[49.812,56.5],[49.749,56.47],[49.854,56.441],[49.965,56.501],[49.981,56.438],[50.198,56.583],[50.072,56.623]],[[48.412,55.829],[47.994,55.952],[47.871,56.136],[47.446,56.182],[47.366,56.335],[47.044,56.285],[46.71,56.122],[46.536,56.141],[46.214,56.05]],[[46.214,56.05],[46.092,56.056],[46.068,56.182],[45.874,56.259],[45.874,56.305],[45.943,56.318],[45.949,56.433],[45.663,56.461],[45.641,56.578],[45.922,56.652],[45.909,56.78],[45.959,56.872],[46.303,56.901],[46.336,56.952],[46.601,56.92],[46.715,56.966]],[[47.043,60.854],[47.196,61.048],[47.568,61.059],[47.958,61.007],[47.984,60.896],[48.419,60.854]],[[47.043,60.854],[47.084,60.819],[46.959,60.66],[47.049,60.575],[46.862,60.513],[46.81,60.323],[46.75,60.261],[46.3,60.247],[46.376,60.116],[46.599,60.069],[47.035,60.117],[46.922,59.818],[47.113,59.753],[47.114,59.611]],[[37.626,58.49],[37.644,58.429],[37.449,58.408],[37.37,58.349],[37.422,58.315],[37.347,58.248],[37.672,58.075],[37.54,58.049],[37.515,57.987],[37.367,57.977],[37.496,57.894],[37.346,57.887],[37.656,57.675],[37.828,57.631],[37.795,57.51],[37.841,57.467],[37.795,57.434],[38.086,57.342],[38.286,57.366],[38.306,57.276],[38.153,57.227],[38.26,57.089],[38.22,57.008],[38.153,56.988],[38.21,56.963],[38.202,56.898],[38.12,56.879],[38.257,56.77]],[[37.626,58.49],[37.102,58.869],[36.797,58.82],[36.813,58.744],[36.705,58.734],[36.714,58.696],[36.512,58.586],[36.5,58.535],[36.334,58.497],[36.173,58.525]],[[35.604,61.188],[35.392,61.162],[35.328,61.186],[35.332,61.287],[35.258,61.254],[34.822,61.278],[34.733,61.321],[34.532,61.266],[34.406,61.147],[34.216,61.242],[33.535,61.221],[33.447,61.168],[33.459,61.127],[33.585,61.071],[33.742,61.124],[33.867,61.071],[33.752,60.944],[33.417,61],[33.423,60.936],[33.235,60.893],[33.148,60.83],[33.207,60.807],[33.106,60.746],[32.703,60.646],[29.87,61.176],[29.576,61.171],[29.277,61.305]],[[35.604,61.188],[35.692,61.128],[35.498,60.981],[35.515,60.927],[35.472,60.878],[35.144,60.777],[35.239,60.659],[35.252,60.445],[35.227,60.332],[35.147,60.269],[35.173,60.08],[35.084,60.03],[35.413,59.973],[35.474,59.923],[35.382,59.875],[35.406,59.712],[35.627,59.71],[35.638,59.647],[35.5,59.651],[35.494,59.547],[35.435,59.525],[35.486,59.485],[35.289,59.499],[35.449,59.428],[35.32,59.339],[35.382,59.3],[34.916,59.247],[34.803,59.106],[34.73,59.103]],[[34.73,59.103],[34.754,59.059],[34.878,59.049],[34.831,58.987],[35.039,58.918],[35.168,58.933],[35.125,58.815],[35.216,58.828],[35.273,58.763],[35.398,58.844],[35.725,58.833],[35.821,58.787],[35.765,58.777],[35.786,58.749],[36.12,58.7],[36.139,58.617],[36.237,58.595],[36.173,58.525]],[[34.73,59.103],[34.253,59.199],[34,59.149],[33.52,59.373],[33.354,59.378],[33.34,59.321],[33.256,59.323],[33.01,59.43],[32.737,59.272],[32.76,59.201],[32.653,59.125],[32.584,59.181],[32.302,59.2],[32.31,59.258],[32.124,59.394],[31.915,59.392],[31.807,59.312],[31.552,59.368],[31.557,59.215],[31.311,58.988],[31.258,58.981],[31.155,59.077],[31.023,59.081],[30.962,58.975],[30.728,58.829],[30.706,58.749],[30.39,58.71],[30.158,58.763],[30.101,58.73],[30.088,58.64],[30.167,58.533],[29.975,58.445]],[[36.173,58.525],[35.957,58.467],[35.935,58.423],[35.386,58.431],[35.257,58.384],[35.269,58.271],[35.148,58.224],[34.718,58.224],[34.679,58.078],[34.004,58.22],[33.878,58.146],[33.677,58.153],[33.538,58.056],[33.686,58.003],[33.702,57.915],[33.576,57.853],[33.537,57.72],[33.325,57.655],[33.309,57.566],[33.235,57.543],[33.295,57.432],[32.812,57.462],[32.689,57.405],[32.655,57.333],[32.395,57.236],[32.257,57.276],[32.277,57.198],[32.125,57.182],[31.937,57.084],[31.715,57.104],[31.677,57.009],[31.538,56.938],[31,56.965]],[[38.257,56.77],[38.015,56.774],[37.941,56.877],[37.712,56.953],[37.553,56.906],[37.499,56.785],[37.152,56.754],[37.117,56.709],[37.159,56.682],[37.146,56.576],[37.052,56.516],[36.826,56.583],[36.55,56.487],[36.522,56.437],[36.173,56.408],[36.078,56.344],[35.765,56.394],[35.645,56.474],[35.475,56.464],[35.55,56.366],[35.498,56.349],[35.521,56.256],[35.366,56.232],[35.382,56.179],[35.304,56.112],[35.332,56.062],[35.218,56.027],[35.174,55.948]],[[31,56.965],[30.651,56.967],[30.641,57.184],[30.773,57.258],[30.441,57.365],[30.493,57.389],[30.49,57.483],[30.609,57.617],[30.472,57.682],[30.518,57.746],[30.413,57.777],[30.518,57.807],[30.538,57.881],[29.938,57.946],[29.918,57.976],[30.001,58.037],[29.927,58.024],[29.798,58.093],[29.681,58.073],[29.658,58.244],[29.975,58.445]],[[31,56.965],[30.896,56.897],[30.887,56.805],[30.781,56.77],[30.879,56.655],[31.061,56.678],[31.02,56.477],[31.203,56.446],[31.236,56.343],[31.492,56.301],[31.474,56.125],[31.511,56.052],[31.345,55.964],[31.467,55.729]],[[35.37,55.239],[35.473,55.221],[35.567,55.29],[35.707,55.294],[36.14,55.185],[36.318,55.225],[36.353,55.297],[36.558,55.32],[36.591,55.275],[36.751,55.256],[36.786,55.191],[36.904,55.229]],[[35.37,55.239],[35.24,55.065],[35.128,55.013],[35.141,54.965],[35.065,54.957],[34.992,54.882],[34.866,54.884],[34.85,54.818],[34.924,54.774],[34.823,54.712],[34.654,54.663],[34.408,54.68],[34.5,54.632],[34.387,54.499],[34.416,54.451],[34.382,54.424],[34.108,54.55],[33.725,54.559],[33.637,54.477],[33.674,54.449],[33.617,54.374],[33.684,54.321],[33.586,54.255],[33.617,54.183],[33.424,54.049],[33.501,54.016]],[[35.37,55.239],[35.29,55.324],[35.32,55.499],[35.282,55.559],[35.395,55.58],[35.312,55.717],[35.354,55.779],[35.174,55.948]],[[36.904,55.229],[37.081,55.1],[37.12,54.991]],[[36.904,55.229],[37.014,55.301],[36.914,55.426],[36.913,55.517],[37.021,55.519],[37.024,55.448],[37.175,55.448],[37.211,55.602],[37.414,55.66],[37.348,55.744],[37.431,55.878],[37.375,55.923],[37.414,55.939],[37.459,55.881],[37.611,55.904],[37.831,55.807],[37.878,55.715],[37.659,55.569],[37.566,55.358],[37.463,55.379],[37.411,55.32],[37.463,55.281],[37.425,55.184],[37.34,55.119],[37.284,55.149],[37.211,55.016],[37.12,54.991]],[[35.174,55.948],[35.031,55.984],[34.631,55.918],[34.307,56.001],[34.235,56.071],[33.904,56.073],[33.827,55.93],[33.66,55.946],[33.67,55.865],[33.516,55.761],[33.225,55.698],[33.165,55.646],[32.939,55.632],[32.708,55.69],[32.553,55.66],[32.496,55.705],[32.337,55.712],[32.054,55.661],[32.091,55.704],[31.91,55.771],[31.755,55.714],[31.467,55.729]],[[50.072,56.623],[50.35,56.67],[50.419,56.593],[50.489,56.613],[50.452,56.55],[50.547,56.421],[50.624,56.399],[50.583,56.359],[50.73,56.33],[50.779,56.358],[50.767,56.404],[50.851,56.39],[50.908,56.296],[50.84,56.241],[51.078,56.129],[51.193,56.141],[51.313,56.073],[51.436,56.144]],[[50.072,56.623],[50.101,56.792],[50.017,56.864],[49.742,56.9],[49.759,56.97],[49.708,57.072],[49.411,57.025],[49.264,57.048],[49.228,57.125],[49.144,57.16],[49.213,57.291],[49.185,57.33],[49.013,57.277],[49.046,57.212],[48.954,57.086],[48.846,57.094],[48.831,57.161],[48.759,57.172],[48.435,57.127],[48.301,57.165],[48.195,57.12],[48.244,57.1],[48.168,57.074],[48.202,57.028],[48.131,57],[47.915,56.982],[47.735,57.055],[47.76,57.013],[47.615,56.973],[47.499,56.853],[47.428,56.877],[47.159,56.816],[47.149,56.911],[46.715,56.966]],[[51.436,56.144],[51.462,56.217],[51.375,56.234],[51.417,56.29],[51.32,56.329],[51.291,56.436],[51.202,56.439],[51.138,56.5],[51.195,56.53],[51.197,56.667],[51.379,56.68],[51.4,56.767],[51.54,56.883],[51.325,56.947],[51.116,57.305],[51.195,57.454],[51.397,57.478],[51.593,57.442],[51.624,57.535],[51.742,57.543],[51.858,57.639],[51.872,57.724],[51.926,57.759],[51.921,57.825],[51.837,57.852],[51.889,57.979],[51.794,58.036],[51.792,58.127],[51.673,58.166],[51.791,58.281],[51.796,58.361],[51.971,58.464],[52.167,58.49],[52.87,58.411],[52.921,58.534],[53.067,58.542],[53.321,58.389],[53.498,58.45],[53.785,58.44]],[[48.419,60.854],[48.538,60.598],[48.486,60.525],[48.612,60.436],[48.547,60.415],[48.755,60.361],[48.457,60.187],[48.508,59.715],[49.073,59.66],[49.043,59.488],[49.137,59.508],[49.535,59.395],[49.51,59.247],[49.587,59.219],[49.795,59.233],[49.825,59.477],[49.79,59.513],[49.845,59.654],[50.047,59.685],[49.958,59.744],[49.983,59.772],[50.236,59.756],[50.386,59.84],[50.811,59.863],[51.075,60.061],[51.521,59.946],[51.802,60.115],[51.996,60.298],[52.061,60.317],[52.298,60.242]],[[54.352,56.359],[54.318,56.451],[54.245,56.432],[54.179,56.527],[54.041,56.593],[54.076,56.669],[53.845,56.638],[53.873,56.698],[53.822,56.799],[53.95,56.74],[54.046,56.753],[54.095,56.798],[54.099,56.966],[54.4,57.043],[54.277,57.104],[54.323,57.138],[54.319,57.286],[54.119,57.309],[54.157,57.392],[54.271,57.427],[54.264,57.464],[54.181,57.466],[54.176,57.556],[54.092,57.522],[53.99,57.573],[54.117,57.616],[54.076,57.666],[54.156,57.706],[54.136,57.829],[54.092,57.99],[53.81,58.228],[53.886,58.319],[53.785,58.44]],[[53.785,58.44],[53.706,58.613],[53.771,58.716],[53.922,58.783],[53.772,58.857],[53.726,58.939],[53.877,59.093],[53.754,59.141],[53.693,59.122],[53.716,59.094],[53.403,59.15],[53.206,59.364],[53.354,59.501],[53.423,59.684],[53.592,59.709],[53.623,59.754],[53.707,60.001],[53.608,60.143],[53.457,60.205],[53.358,60.166],[52.298,60.242]],[[59.349,61.682],[58.811,61.509],[57.086,61.488],[56.676,61.522],[56.538,61.431],[56.391,61.42],[56.287,61.209],[55.83,61.249],[55.716,61.088],[55.288,61.121],[55.199,61.009],[55.062,61.009],[54.98,60.864],[53.853,60.98],[53.804,60.85],[53.354,60.893],[53.372,61.029],[52.876,61.094],[52.79,60.949],[52.431,60.978],[52.355,60.844],[51.895,60.88],[51.777,60.601],[52.134,60.547],[52.138,60.473],[52.324,60.432],[52.298,60.242]],[[99.25,52.954],[99.356,53.036],[99.37,53.109],[99.69,53.132],[99.878,53.204],[99.842,53.26],[99.869,53.298],[100.08,53.3],[100.26,53.375],[100.401,53.234],[100.351,53.159],[100.395,53.101],[100.866,52.8],[101.46,52.621],[101.482,52.562],[101.688,52.461],[101.674,52.409],[101.91,52.317],[101.894,52.285],[101.963,52.222],[102.046,52.212],[102.177,52.277],[102.542,52.228],[102.574,52.149],[102.769,51.99],[103.209,51.809],[103.181,51.611],[103.328,51.438],[103.576,51.479],[103.817,51.401],[103.814,51.132],[104.212,51.281],[104.488,51.31],[104.609,51.268],[104.669,51.338],[104.629,51.443],[104.65,51.622],[105.123,51.731],[105.461,51.863],[105.752,52.031],[106.198,52.44],[108.061,53.205],[108.423,53.783],[109.007,54.425],[109.038,54.489],[108.558,54.543],[108.699,54.681],[108.695,54.89],[108.763,54.93],[108.69,55.062],[108.782,55.17],[108.779,55.233],[108.652,55.301],[108.668,55.401],[108.622,55.456],[108.691,55.521],[108.688,55.605],[108.771,55.623],[108.854,55.866],[108.971,55.946],[109.18,55.913],[109.256,55.974],[108.991,56.04],[108.799,56.257],[108.576,56.285],[108.557,56.346],[108.727,56.514],[108.692,56.58],[108.93,56.588],[109.143,56.676],[109.308,56.668],[109.41,56.735],[109.767,56.704],[109.888,56.79],[109.887,56.891],[109.996,56.97],[110.339,56.937],[110.6,56.83],[110.753,56.874],[111.165,56.815],[111.372,56.9],[111.336,56.955],[111.462,57.102],[111.587,57.107],[111.632,57.012],[111.814,56.908],[112.11,56.944],[112.235,56.878],[112.458,56.864],[112.662,56.96],[112.746,56.934],[112.698,56.861],[112.747,56.761],[112.896,56.692],[113.37,56.626],[113.514,56.679],[113.803,56.602],[113.897,56.525],[114.005,56.541],[113.997,56.585],[114.145,56.681],[114.441,56.654],[114.5,56.701],[114.779,56.699],[114.846,56.832],[115.047,56.985],[115.025,57.037],[115.086,57.119],[115.37,57.092],[115.679,57.131],[115.863,57.243],[116.131,57.239],[116.238,57.149],[115.805,57.031],[115.711,56.964]],[[99.25,52.954],[99.207,52.853],[98.929,52.918],[98.851,52.836],[98.866,52.793],[98.938,52.798],[98.934,52.666],[98.8,52.606],[98.806,52.514],[98.629,52.424],[98.677,52.37],[98.646,52.263],[98.799,52.274],[98.809,52.196],[98.927,52.195],[98.938,52.125]],[[90.477,52.183],[90.129,52.135],[90.119,52.044],[90.027,51.976],[90.107,51.757],[89.965,51.761],[89.73,51.582],[89.581,51.553],[89.421,51.605],[89.259,51.549],[89.216,51.569],[89.206,51.659],[88.736,51.559]],[[88.736,51.559],[88.967,51.428],[88.944,51.233],[89.041,51.174],[89.06,51.056],[89.392,50.853],[89.666,50.583],[89.866,50.502],[89.844,50.43],[89.633,50.385],[89.514,50.469],[89.517,50.37],[89.349,50.264],[89.345,50.204],[89.513,50.199],[89.521,50.124],[89.591,50.095],[89.549,50.047],[89.604,49.999],[89.585,49.934],[89.633,49.908]],[[64.995,56.768],[64.838,56.842],[64.337,56.753],[64.361,56.658],[64.212,56.594],[64.236,56.511],[64.173,56.468],[63.846,56.49],[63.408,56.624],[63.357,56.515],[63.306,56.578],[63.001,56.598],[62.624,56.498],[62.603,56.567],[62.542,56.578],[62.333,56.469],[62.253,56.363],[62.075,56.288],[62.072,56.134]],[[64.995,56.768],[64.986,56.665],[65.024,56.64],[64.967,56.501],[65.208,56.368],[65.115,56.329],[65.157,56.293],[65.667,56.274],[65.794,56.113],[66.015,55.991],[66.186,56.068],[66.298,56.058],[66.435,55.953],[66.738,56.049],[66.821,55.961],[67.297,55.959],[67.299,55.897],[67.447,55.735],[67.825,55.721],[67.941,55.664],[68.176,55.71],[68.175,55.586],[68.311,55.561],[68.335,55.492],[68.436,55.467],[68.466,55.407],[68.599,55.425],[68.734,55.352]],[[75.105,58.581],[75.304,58.451],[75.069,58.343],[75.222,58.222],[75.08,58.119],[75.557,57.931],[75.592,57.651],[75.727,57.599],[75.859,57.399],[75.992,57.385],[76.109,57.25]],[[75.105,58.581],[74.614,58.294],[74.206,58.134],[73.087,58.146],[72.861,58.011],[72.149,58.026],[71.989,58.123],[71.249,58.076],[71.245,58.341],[71.302,58.385],[71.128,58.448],[71.077,58.522],[70.865,58.535],[70.436,57.934],[70.384,57.922],[70.433,57.779],[70.573,57.697],[70.58,57.584],[70.69,57.568],[70.686,57.519],[70.432,57.384],[70.498,57.298],[70.655,57.258],[70.612,57.201],[70.777,57.209],[70.754,57.271],[70.8,57.319],[71.098,57.339],[71.144,57.258],[71.092,57.224],[71.224,57.202],[71.371,57.064],[71.618,56.953],[71.673,56.838],[71.557,56.732],[71.415,56.733],[71.357,56.671],[71.06,56.702],[71.107,56.639],[71.053,56.544],[70.78,56.472],[70.939,56.404],[70.927,56.347],[70.768,56.289],[70.847,56.248],[70.818,56.176],[70.909,56.112],[70.803,55.921],[70.481,55.89],[70.505,55.847],[70.766,55.838],[70.594,55.802],[70.549,55.726],[70.556,55.67],[70.747,55.59],[70.692,55.509],[70.55,55.49],[70.475,55.424],[70.502,55.347],[70.469,55.285]],[[76.109,57.25],[76.284,56.726],[76.148,56.632],[76.047,56.62],[76.014,56.552],[75.846,56.462],[76.131,56.452],[76.08,56.409],[76.111,56.324],[76.319,56.191],[75.763,56.141],[75.7,56.071],[75.55,56.048],[75.311,55.89],[75.3,55.842],[75.375,55.808],[75.352,55.768],[75.087,55.754],[75.234,55.66],[75.136,55.597],[75.321,55.54],[75.097,55.382],[75.257,55.266],[75.255,55.137],[75.394,55.037],[75.337,54.919],[75.535,54.9],[75.5,54.837],[75.65,54.809],[75.703,54.694],[75.794,54.699],[75.83,54.615],[75.793,54.555],[75.685,54.531],[75.691,54.113]],[[85.079,54.469],[85.16,54.487],[85.449,54.204],[85.603,54.234],[85.944,54.04],[86.139,53.988],[86.385,53.785],[86.455,53.614],[86.569,53.538],[86.799,53.474],[87.005,53.508],[87.014,53.477],[86.923,53.446],[86.989,53.415],[86.869,53.298],[86.667,53.25],[86.927,53.084],[87.077,53.075],[87.023,52.916],[86.944,52.855],[87.08,52.709],[87.168,52.719],[87.173,52.612]],[[85.079,54.469],[84.693,54.337],[84.458,54.142],[84.39,54.188],[84.289,54.172],[84.266,54.216],[83.905,54.095],[83.912,54.14],[83.568,54.126],[83.488,54.082],[83.502,53.993],[83.406,53.941],[83.295,54.083],[83.19,54.065],[82.733,53.787],[82.763,53.758],[82.543,53.556],[82.601,53.507],[82.486,53.469],[82.174,53.602],[82.205,53.698],[82.113,53.661],[81.835,53.713],[81.726,53.841],[81.847,53.9],[81.855,53.969],[81.714,53.999],[81.554,53.935],[81.582,54.017],[81.474,54.072],[81.116,54.142],[81.104,54.213],[80.994,54.265],[80.925,54.396],[80.802,54.33],[80.839,54.257],[80.585,54.203],[80.488,54.11],[80.422,54.127],[80.206,54.043],[80.128,54.075],[79.866,53.932],[79.862,53.858],[79.674,53.829],[79.572,53.733],[78.666,53.656],[78.603,53.616],[78.622,53.526],[78.377,53.488],[78.246,53.5],[78.204,53.612],[77.964,53.577],[77.926,53.5],[78.058,53.465],[77.936,53.445],[77.937,53.389],[77.848,53.386],[77.785,53.327]],[[52.539,54.377],[52.506,54.322],[52.204,54.299],[52.349,54.217],[52.271,54.118],[52.397,54.128],[52.485,54.059],[52.376,53.98],[52.413,53.927],[52.253,53.654],[52.08,53.514],[52.193,53.375],[52.128,53.174],[52.059,53.139],[52.158,53.103],[52.064,53.075],[52.052,52.993],[51.728,52.869],[51.717,52.826],[51.772,52.796],[51.727,52.664],[51.54,52.677],[51.51,52.631],[51.546,52.574],[51.475,52.576],[51.471,52.527],[51.563,52.447],[51.413,52.35],[51.407,52.257],[51.453,52.219],[51.415,52.103],[50.767,51.759],[50.718,51.816],[50.722,51.928],[50.37,52.005],[50.331,52.058],[50.168,52.024],[50.221,52.13],[50.006,52.202],[49.812,52.193],[49.704,52.29],[49.65,52.267],[49.584,52.398],[49.521,52.394],[49.521,52.34],[49.478,52.331],[49.413,52.405],[49.32,52.39],[49.353,52.459],[49.229,52.508],[48.962,52.487],[48.891,52.411],[48.83,52.546],[48.737,52.559],[48.691,52.645],[48.356,52.664],[48.437,52.78]],[[87.173,52.612],[87.117,52.668],[86.85,52.651],[86.711,52.513],[86.616,52.379],[86.811,52.288],[86.78,52.233],[86.822,52.158],[86.774,52.113],[86.499,52.119],[86.454,52.032],[86.368,52.01],[85.921,52.072],[85.837,51.983],[85.877,51.919],[85.74,51.861],[85.789,51.847],[85.745,51.73],[85.67,51.754],[85.537,51.7],[85.471,51.569],[85.295,51.565],[85.3,51.508],[85.232,51.468],[85.008,51.489],[84.924,51.424],[84.715,51.399],[84.394,51.266],[84.279,51.283],[84.144,51.12],[84.014,51.138],[84.01,51.067],[84.506,50.96],[84.531,50.877],[84.609,50.836],[84.542,50.691],[84.089,50.635]],[[58.828,52.433],[58.976,52.43],[58.979,52.372],[59.175,52.277],[59.273,52.494],[59.685,52.428],[59.81,52.497],[59.937,52.43],[60.137,52.429],[60.15,52.278],[59.963,52.176],[59.914,52.1],[60.03,51.993]],[[62.072,56.134],[62.218,56.026],[62.212,55.943],[62.325,55.957],[62.343,55.905],[62.268,55.89],[62.264,55.833],[62.42,55.821],[62.517,55.738],[62.549,55.639],[62.457,55.568],[62.587,55.509],[62.45,55.477],[62.465,55.424],[62.298,55.402],[62.205,55.442],[62.167,55.401],[62.241,55.346],[62.04,55.304],[62.036,55.267],[62.226,55.214],[62.189,55.158],[62.27,55.131],[62.198,54.997],[62.109,55.047],[61.97,55.021],[61.98,54.934],[62.123,54.815],[62.021,54.722],[62.147,54.644],[62.552,54.728],[62.529,54.677],[62.589,54.624],[62.915,54.696],[63.192,54.686],[63.298,54.526],[63.194,54.456],[63.134,54.479],[63.186,54.409],[63.119,54.392],[63.092,54.319],[63.326,54.254],[63.329,54.163]],[[119.898,56.889],[120.303,57.004],[120.656,57.032],[121.42,56.973],[121.599,56.817],[121.599,56.744],[122.16,56.738],[122.283,56.651],[122.467,56.602],[122.589,56.49],[122.781,56.498],[122.803,56.577],[122.888,56.595],[123.043,56.493],[123.289,56.423],[123.886,56.387],[124.206,56.165],[124.25,56.075],[124.369,56.053],[124.501,55.876],[124.676,55.905],[124.958,55.826],[125.248,55.88],[125.427,55.845],[125.546,55.736],[125.825,55.795],[126.059,55.714],[126.128,55.638],[126.065,55.637],[126.062,55.585],[126.423,55.554],[126.612,55.653],[126.683,55.655],[126.724,55.596],[126.886,55.615],[126.943,55.687],[127.188,55.691],[127.313,55.668],[127.478,55.552],[127.675,55.683],[127.911,55.624],[128.222,55.664],[128.496,55.517],[128.957,55.465],[129.087,55.528],[129.04,55.652],[129.474,55.727],[129.892,55.734],[130.018,55.688],[130.696,55.725],[130.923,55.679]],[[119.898,56.889],[119.67,56.771],[119.866,56.685],[119.816,56.588],[119.967,56.49],[120.274,56.455],[120.26,56.395],[120.543,56.267],[120.527,56.232],[120.062,56.138],[120.055,56.078],[120.148,56.011],[120.132,55.915],[120.18,55.874],[120.269,55.918],[120.466,55.872],[120.888,56.01],[121.207,56.016],[121.276,55.946],[121.278,55.862],[121.354,55.809],[121.302,55.732],[121.363,55.507],[121.548,55.503],[121.769,55.615],[121.891,55.601],[121.979,55.483],[121.939,55.214],[122.024,55.185],[121.933,55.121],[121.947,54.994],[121.67,54.826],[121.652,54.741],[121.897,54.801],[121.924,54.575],[122.135,54.428],[121.902,54.369],[121.814,54.436],[121.713,54.415],[121.655,54.355],[121.753,54.276],[121.753,54.144],[121.654,54.129],[121.634,54.082],[121.643,54.012],[121.803,53.963],[121.926,53.823],[121.926,53.723],[121.971,53.696],[121.947,53.605],[122.018,53.521],[122.025,53.43]],[[130.923,55.679],[130.865,55.899],[130.924,55.942],[130.964,56.129],[131.093,56.206],[131.126,56.411],[131.307,56.497],[131.402,56.422],[131.398,56.486],[131.497,56.55],[131.619,56.501],[131.604,56.452],[131.701,56.459],[131.65,56.514],[131.674,56.654],[131.8,56.722],[131.751,56.843],[131.439,57.042],[131.482,57.076],[131.275,57.164],[131.193,57.131],[131.102,57.231],[131.183,57.235],[131.261,57.305],[131.345,57.251],[131.506,57.246],[131.51,57.284],[131.599,57.296],[131.585,57.426],[131.736,57.509],[131.693,57.561],[131.97,57.583],[131.964,57.628],[132.047,57.661],[131.888,57.809],[131.76,57.842],[131.799,57.92],[131.605,58],[131.633,58.059],[131.464,58.16],[131.714,58.173],[132.047,58.017],[132.133,58.055],[132.009,58.115],[132.022,58.195],[132.109,58.251],[132.195,58.243],[132.21,58.345],[132.124,58.487],[132.417,58.482],[132.372,58.524],[132.567,58.646],[132.571,58.756],[132.521,58.785],[132.599,58.891],[132.808,58.88],[132.873,58.983],[132.816,59.014],[132.864,59.054],[132.843,59.107],[132.936,59.093],[133.104,59.2],[133.559,59.294],[133.625,59.232],[134.047,59.256],[134.522,59.147],[134.725,59.211],[134.779,59.192],[134.752,59.153],[134.855,59.127],[135.187,59.116],[135.422,59.387],[135.757,59.529],[136.005,59.484],[136.075,59.427],[136.313,59.434],[136.759,59.355],[137.466,59.555],[137.447,59.636],[137.616,59.74],[137.949,59.753],[138,59.797],[138.029,59.689],[138.184,59.682],[138.273,59.727],[138.202,59.753],[138.174,59.831],[138.273,59.955],[138.202,60.242],[138.315,60.318],[138.329,60.391],[138.243,60.493],[138.329,60.53],[138.316,60.588],[138.404,60.611],[138.437,60.68],[138.284,60.755],[138.183,60.889],[138.215,60.963],[138.346,61],[138.292,61.11],[138.395,61.1],[138.703,61.193],[138.644,61.269],[138.735,61.343],[138.92,61.317],[139.098,61.448],[139.548,61.482],[139.673,61.652],[139.953,61.833],[139.994,61.978],[140.127,61.972],[140.28,62.053],[140.254,62.094],[140.305,62.125],[140.294,62.274],[140.347,62.387],[140.628,62.42],[140.684,62.488],[140.649,62.535],[140.705,62.573],[141.048,62.486],[141.089,62.409],[141.295,62.435],[141.41,62.297],[141.518,62.263],[141.545,62.179],[141.74,62.08],[141.871,62.089],[141.861,62.027],[142.177,62.085],[142.264,61.974],[142.394,61.947],[142.426,61.869],[142.664,61.965],[142.981,61.906],[143.121,62.097],[143.213,62.116],[143.362,62.024],[143.609,62.025],[143.619,61.972],[143.561,61.94],[143.647,61.87],[143.754,61.907],[143.762,61.952],[143.927,61.989],[143.934,61.757],[144.222,61.733],[144.54,61.856],[144.586,61.978],[144.745,62.047]],[[130.923,55.679],[131.096,55.616],[131.437,55.646],[131.574,55.613],[131.618,55.653],[131.804,55.614],[132.4,55.703],[132.538,55.676],[132.663,55.561],[132.626,55.503],[132.755,55.421],[132.946,55.375],[132.682,55.367],[132.687,55.27],[132.606,55.202],[132.355,55.191],[132.385,55.064],[132.062,55.045],[131.961,54.99],[131.977,54.893],[131.532,54.722],[131.389,54.717],[131.194,54.608],[131.224,54.54],[131.106,54.316],[130.749,54.283],[130.503,54.115],[130.479,53.982],[130.393,53.928],[130.436,53.885],[130.654,53.883],[130.921,53.768],[131.097,53.813],[131.431,53.745],[131.533,53.314],[131.451,53.215],[131.853,53.234],[131.837,53.162],[131.894,53.128],[132.02,53.139],[132.1,53.222],[132.875,53.231],[132.943,53.287],[133.164,53.294],[133.215,53.425],[133.529,53.497],[133.565,53.544],[133.727,53.468],[134.011,53.433],[134.215,53.472],[134.226,53.518],[134.432,53.521],[134.443,53.592],[134.555,53.621],[134.754,53.536],[134.761,53.475],[134.916,53.427],[134.911,53.374],[134.83,53.382],[134.814,53.341],[134.956,53.264],[134.859,53.184],[134.867,53.076],[134.659,52.939],[134.692,52.871],[134.636,52.864],[134.631,52.801],[134.712,52.761],[134.658,52.724],[134.754,52.711],[134.784,52.655],[134.643,52.559],[134.635,52.427],[134.116,52.484],[134.003,52.539],[133.875,52.52],[133.305,52.676],[133.24,52.628],[133.286,52.522],[133.246,52.45],[133.325,52.408],[133.325,52.342],[133.43,52.295],[133.426,52.255],[133.18,52.165],[132.834,52.179],[132.59,52.082],[132.517,51.953],[132.404,51.963],[132.423,51.86],[132.285,51.795],[132.216,51.817],[132.093,51.768],[132.049,51.802],[131.968,51.739],[131.864,51.755],[131.728,51.681],[131.41,51.681],[131.394,51.594],[131.487,51.472],[131.497,51.353],[131.29,51.364],[131.185,51.252],[131.056,51.239],[130.926,51.027],[130.788,51],[130.767,50.949],[130.84,50.876],[130.645,50.657],[130.728,50.598],[130.758,50.665],[130.933,50.666],[131.011,50.568],[130.87,50.475],[130.92,50.393],[131.12,50.431],[131.172,50.334],[131.297,50.365],[131.328,50.264],[131.464,50.15],[131.307,50.061],[131.295,49.99],[131.452,49.962],[131.499,49.905],[131.485,49.741],[131.355,49.713],[131.501,49.604],[131.499,49.422],[131.396,49.244]],[[29.975,58.445],[29.546,58.477],[29.559,58.534],[29.248,58.623],[29.303,58.645],[29.257,58.695],[28.946,58.82],[28.28,58.852],[28.122,58.993],[27.873,59.014],[27.696,58.977]],[[158.529,66.359],[158.391,66.249],[158.477,66.115],[158.124,66.156],[157.718,66.112],[157.373,65.996],[157.39,65.93],[157.124,65.915],[156.927,65.965],[156.973,66.033],[156.631,66.203],[156.336,66.063],[155.958,66.096],[155.773,66.177],[155.32,66.142],[155.17,66.209],[154.885,66.134],[154.548,66.238],[154.395,66.205],[154.216,66.065],[154.354,66.038],[154.382,65.944],[154.26,65.834],[154.083,65.797],[154.019,65.876],[153.698,65.886],[153.483,65.826],[153.456,65.766],[153.531,65.706],[153.399,65.497],[153.524,65.419],[153.462,65.363],[153.116,65.27],[152.688,65.233],[152.609,65.152],[152.654,65.034],[152.5,64.938],[152.564,64.864],[152.55,64.818],[152.675,64.78],[152.748,64.686],[152.335,64.516],[152.414,64.407],[152.232,64.362],[152.097,64.366],[152.134,64.446],[152.016,64.504],[151.48,64.436],[151.392,64.296],[151.315,64.36],[151.175,64.376],[150.631,64.331],[150.609,64.166],[150.193,64.224],[150.026,64.359],[150.086,64.489],[149.816,64.567],[149.219,64.408],[149.098,64.441],[148.613,64.421],[148.303,64.554],[148.161,64.458],[148.023,64.431],[148.056,64.395],[148.001,64.363],[148.259,64.24],[148.129,64.119],[148.121,64.056],[147.938,63.944],[147.876,63.976],[147.796,63.947],[147.767,64.014],[147.61,64.037],[147.663,64.116],[147.623,64.168],[147.298,64.129],[147.338,64.082],[147.267,64.053],[146.996,64.147],[146.39,64.207],[146.316,64.074],[146.109,63.942],[145.556,63.828],[145.622,63.78],[145.641,63.667],[145.451,63.528],[145.252,63.19],[145.3,63.104],[145.271,63.023],[145.366,62.91],[145.326,62.754],[145.429,62.651],[145.389,62.612],[145.482,62.553],[145.124,62.49],[145.176,62.442],[145.179,62.337],[145.126,62.309],[145.178,62.281],[144.98,62.244],[145.001,62.179],[144.755,62.116],[144.719,62.088],[144.745,62.047]],[[158.529,66.359],[158.361,66.454],[158.47,66.488],[158.716,66.731],[158.899,66.791],[158.784,66.926],[158.801,66.981],[158.703,67.055],[157.86,67.272],[157.783,67.346],[157.885,67.438],[157.691,67.539],[157.738,67.653],[157.924,67.736],[158.325,67.749],[158.258,67.832],[158.079,67.843],[158.053,67.893],[158.192,67.955],[158.256,68.069],[158.419,68.111],[159.553,68.239],[159.781,68.209],[159.85,68.277],[160.997,68.301],[161.406,68.412],[162.384,68.311],[162.529,68.352],[162.582,68.506],[162.723,68.605],[162.61,68.704],[162.596,68.801],[162.742,68.798],[162.847,68.869],[162.532,69.005],[162.51,69.109],[162.78,69.194],[162.54,69.307],[162.495,69.388],[162.368,69.417],[162.412,69.464],[162.311,69.54],[162.379,69.573],[162.349,69.618],[162.446,69.64],[162.432,69.677]],[[158.529,66.359],[159.198,66.211],[159.195,66.152],[158.929,65.896],[158.939,65.814],[158.89,65.785],[158.922,65.743],[160.027,65.515],[160.17,65.451],[160.209,65.348],[160.52,65.166],[161.281,65.141],[161.69,64.994],[161.809,64.827],[162.293,64.742],[162.554,64.747],[162.736,64.661],[163.044,64.654],[163.117,64.693],[163.137,64.77]],[[144.745,62.047],[144.945,62.063],[145.156,61.968],[145.468,61.956],[145.743,62.058],[146.212,61.907],[146.58,61.641],[146.615,61.434],[146.768,61.403],[146.683,61.313],[146.75,61.216],[146.741,61.097],[146.666,61.066],[146.732,61.007],[146.701,60.959],[146.486,60.933],[146.476,60.728],[146.404,60.666],[146.06,60.737],[145.875,60.614],[145.62,60.557],[145.51,60.464],[145.53,60.415],[145.637,60.382],[145.568,60.345],[145.594,60.307],[145.793,60.198],[146.374,60.271],[146.46,60.187],[146.454,60.132],[146.676,60.102],[146.645,59.99],[146.776,59.906],[146.998,59.948],[147.117,59.88],[147.103,59.807],[147.148,59.752],[147.087,59.691],[147.159,59.641],[147.102,59.424],[146.887,59.365]],[[163.137,64.77],[163.259,64.718],[163.159,64.631],[163.17,64.552],[163.352,64.483],[163.461,64.386],[163.256,64.321],[163.15,64.182],[162.942,64.2],[162.787,64.143],[162.829,64.024],[162.895,64.018],[162.929,63.945],[162.868,63.908],[162.894,63.879],[162.815,63.882],[162.722,63.798],[162.868,63.657],[162.977,63.626],[162.965,63.499],[162.674,63.381],[162.806,63.246],[162.756,63.184],[162.597,63.179],[162.591,63.131],[162.38,63.119],[162.294,63.067],[162.322,63.032],[162.277,62.917],[162.548,62.845],[162.68,62.707],[162.819,62.708],[162.695,62.584],[162.771,62.497],[162.729,62.29],[162.163,62.186],[162.275,62.125],[162.532,62.092],[162.506,61.972],[162.311,61.934],[162.464,61.827],[162.424,61.767],[162.478,61.751],[162.51,61.658]],[[163.137,64.77],[163.105,64.79],[163.345,64.818],[163.52,64.931],[163.873,64.865],[164.188,64.934],[164.798,64.772],[164.851,64.696],[164.932,64.685],[165.023,64.699],[165.028,64.842],[165.263,64.851],[165.359,64.761],[165.684,64.754],[165.743,64.679],[165.89,64.617],[165.82,64.59],[165.871,64.555],[166.199,64.609],[166.807,64.533],[167.237,64.624],[167.373,64.494],[167.508,64.478],[167.714,64.341],[168.026,64.286],[168.152,64.291],[168.223,64.346],[168.499,64.317],[168.625,64.214],[168.778,64.185],[168.86,64.027],[169.112,63.952],[169.354,63.946],[169.37,63.874],[169.547,63.816],[169.598,63.656],[169.513,63.629],[169.492,63.568],[169.205,63.516],[168.788,63.3],[168.778,63.241],[168.687,63.24],[168.722,63.192],[168.605,63.189],[168.464,63.078],[168.926,62.944],[169.127,62.973],[169.842,62.655],[170.078,62.661],[169.986,62.545],[170.091,62.487],[170.041,62.447],[170.262,62.285],[170.423,62.314],[170.848,62.248],[171.078,62.289],[171.032,62.336],[171.218,62.369],[171.26,62.326],[171.358,62.357],[171.486,62.312],[171.857,62.381],[172.055,62.467],[172.294,62.403],[172.487,62.44],[172.853,62.331],[172.903,62.393],[173.171,62.395],[173.504,62.534],[173.688,62.535],[173.806,62.514],[173.872,62.441],[174.08,62.447],[174.093,62.34],[174.01,62.278],[174.112,62.189],[174.107,62.078],[174.335,62.089],[174.468,61.984],[174.45,61.913],[174.512,61.872],[174.445,61.854],[174.454,61.815]],[[115.711,56.964],[115.605,56.923],[115.599,56.765],[115.434,56.69],[115.436,56.641],[115.688,56.595],[115.681,56.525],[115.801,56.466],[115.681,56.398],[115.719,56.269],[115.838,56.179],[115.778,56.154],[115.762,56.076],[115.897,55.948],[115.844,55.857],[115.845,55.705],[115.913,55.675],[115.887,55.545],[115.968,55.476],[115.934,55.437],[115.964,55.398],[116.376,55.409],[116.458,55.34],[116.469,55.258],[116.792,55.134],[116.927,54.826],[116.866,54.791],[116.884,54.738],[116.774,54.69],[116.723,54.565],[116.538,54.542],[116.508,54.498],[116.19,54.538],[115.629,54.442],[115.514,54.397],[115.491,54.329],[115.179,54.211],[114.958,54.019],[114.606,53.939],[114.501,53.845],[114.378,53.844],[114.326,53.79],[113.983,53.744],[113.982,53.681],[113.814,53.649],[113.889,53.535],[113.83,53.455],[113.842,53.382],[113.946,53.352],[113.983,53.236],[114.198,53.193],[114.129,53.076],[114.325,53.068],[114.285,53.018],[114.313,52.972],[114.228,52.955],[114.238,52.825],[114.103,52.705],[113.744,52.574],[113.581,52.454],[113.266,52.475],[112.931,52.337],[112.545,52.347],[112.405,52.208],[112.206,52.245],[112.167,52.3],[112.07,52.28],[111.595,51.926],[111.055,51.794],[111.002,51.725],[110.845,51.665],[110.862,51.595],[110.677,51.504],[110.545,51.496],[110.423,51.523],[110.389,51.577],[110.049,51.616],[109.449,51.42],[109.367,51.353],[109.332,51.389],[109.247,51.366],[109.074,51.507],[108.942,51.44],[108.592,51.506],[108.354,51.267],[108.57,51.111],[108.497,51.059],[108.336,51.046],[108.25,50.844],[108.067,50.753],[108.18,50.66],[108.417,50.61],[108.546,50.529],[108.66,50.534],[108.676,50.495],[108.201,50.408],[108.132,50.318],[107.99,50.335],[107.926,50.215],[107.772,50.152],[107.797,50.034],[107.745,49.967]],[[42.489,51.608],[42.861,51.381],[42.845,51.317],[42.905,51.249],[42.873,51.231]],[[131.396,49.244],[131.173,49.247],[130.983,48.972],[130.829,48.983],[130.625,48.874]],[[131.396,49.244],[131.463,49.206],[131.798,49.325],[131.986,49.236],[131.966,49.305],[131.998,49.374],[132.073,49.389],[132.064,49.462],[132.167,49.479],[132.398,49.393],[132.392,49.292],[132.65,49.29],[132.77,49.348],[132.815,49.235],[133.173,49.175],[133.321,48.819],[133.77,48.759],[133.921,48.642],[134.105,48.633],[134.392,48.743],[134.561,48.598],[134.666,48.613],[134.746,48.569],[134.869,48.626],[134.987,48.595],[134.98,48.51],[134.906,48.428],[134.769,48.374],[134.58,48.418],[134.386,48.381]],[[38.299,51.961],[38.304,51.915],[38.41,51.92],[38.426,51.815],[38.387,51.776],[38.505,51.732],[38.41,51.688],[38.213,51.707],[38.219,51.632],[38.14,51.629],[38.275,51.531],[38.286,51.367],[38.352,51.372],[38.292,51.292]],[[42.873,51.231],[43.342,51.016],[43.653,51.067],[43.682,51.113],[43.864,51.113],[43.982,51.173],[44.008,51.083],[44.162,51.093],[44.21,51.194],[44.446,51.212],[44.577,51.135],[44.644,51.174],[45.042,51.126],[45.202,51.04],[45.211,50.946],[45.308,50.877],[45.271,50.752],[45.17,50.715],[45.255,50.679],[45.228,50.588],[45.495,50.613],[45.52,50.556],[45.668,50.594],[45.678,50.729],[45.811,50.774],[46.065,50.663],[46.094,50.526],[46.321,50.572],[46.47,50.548],[46.472,50.609],[46.561,50.632],[46.576,50.699],[46.708,50.691],[46.832,50.64],[46.804,50.587],[46.929,50.493],[47.194,50.51],[47.24,50.379],[47.434,50.377]],[[42.873,51.231],[42.715,51.239],[42.573,51.169],[42.283,51.133],[41.977,51.203],[41.855,51.189],[41.724,51.018],[41.444,50.917],[41.37,50.831],[41.168,50.781],[41.33,50.717],[41.409,50.619],[41.526,50.599],[41.419,50.502],[41.509,50.392],[41.362,50.226]],[[38.292,51.292],[38.42,51.275],[38.501,51.189],[38.369,51.146],[38.403,51.071],[38.618,50.998],[38.738,51.074],[38.846,51.036],[38.872,50.901],[38.733,50.9],[38.724,50.79],[38.794,50.784],[38.818,50.712],[39.119,50.611],[39.067,50.598],[39.098,50.506],[38.99,50.433],[39.085,50.349],[39.056,50.312],[39.108,50.275],[39.099,50.165],[39.272,50.06],[39.181,49.859]],[[38.292,51.292],[38.04,51.356],[38.042,51.421],[37.818,51.419],[37.667,51.366],[37.369,51.386],[37.249,51.331],[37.137,51.341],[37.125,51.233],[37.054,51.247],[36.611,51.078],[36.506,51.123],[36.476,51.086],[35.995,51.161],[35.94,51.116],[35.999,51.053],[35.804,50.938],[35.731,50.971],[35.711,50.931],[35.546,50.906],[35.455,50.963],[35.282,50.961]],[[41.713,45.996],[41.162,45.954]],[[41.713,45.996],[42.111,45.929],[42.157,45.96],[42.177,46.099],[42.325,46.126],[42.32,45.976],[42.517,45.99],[42.916,46.241],[43.393,46.016],[43.878,45.945],[44.08,45.796],[44.207,45.61],[44.421,45.527],[44.738,45.497],[45.586,45.158],[45.706,44.976]],[[41.713,45.996],[41.659,46.178],[41.737,46.213],[41.857,46.155],[41.963,46.289],[42.206,46.317],[42.173,46.386],[42.088,46.418],[42.034,46.543],[42.169,46.579],[42.409,46.525],[42.61,46.408],[42.777,46.388],[42.928,46.436],[43.356,46.172],[43.619,46.197],[43.773,46.408],[43.862,46.292],[43.966,46.34],[43.918,46.416],[43.926,46.528],[43.817,46.589],[44.073,46.828],[44.262,46.9],[44.328,47.111],[44.334,47.475],[44.251,47.509],[44.239,47.573],[44.121,47.542],[44.116,47.418],[43.974,47.393],[43.927,47.267],[43.796,47.285],[43.799,47.371],[43.732,47.477]],[[41.162,45.954],[41.171,45.89],[41.261,45.872],[41.233,45.82],[41.281,45.804],[41.274,45.754],[41.179,45.75],[41.133,45.683],[40.857,45.69],[40.843,45.527],[41.008,45.385],[41.026,45.22],[41.293,45.243],[41.36,45.212],[41.353,45.106],[41.464,44.989],[41.653,44.973],[41.587,44.788],[41.414,44.687],[41.729,44.459]],[[41.362,50.226],[41.281,50.165],[41.35,50.084],[41.11,49.972],[41.029,49.794],[40.885,49.69],[40.49,49.595],[40.198,49.627],[40.119,49.588]],[[41.362,50.226],[41.492,50.084],[41.591,50.051],[41.617,49.962],[41.876,49.9],[42.175,49.692],[42.053,49.402],[42.092,49.289],[42.035,49.255],[42.075,49.147],[42.344,49.152],[42.393,49.053],[42.663,48.967],[42.66,48.9],[42.745,48.805],[42.653,48.71],[42.701,48.618],[42.629,48.548],[42.277,48.498],[42.078,48.411],[42.147,48.287],[42.049,48.26],[42.1,48.17],[42.024,48.033],[42.492,48.014],[42.731,47.852],[42.955,47.51],[43.081,47.578],[43.153,47.567],[43.156,47.495],[43.226,47.45],[43.732,47.477]],[[41.729,44.459],[41.905,44.495],[41.953,44.395],[42.038,44.364],[42.287,44.328],[42.352,44.27],[42.557,44.289],[42.561,44.249],[42.308,44.135],[42.295,44.091],[42.391,43.968],[42.5,43.973],[42.487,44.026],[42.591,44.04],[42.56,43.982],[42.65,43.965],[42.612,43.934],[42.664,43.911],[42.683,43.807]],[[41.729,44.459],[41.6,44.373],[41.7,44.316],[41.699,44.211],[41.449,43.994],[41.288,44.002],[41.274,44.077],[40.851,44.117],[40.953,43.981],[40.777,43.923],[40.69,43.523]],[[42.683,43.807],[42.852,43.817],[43.195,43.951],[43.327,43.805],[43.459,43.868],[43.739,43.841],[43.797,43.936],[43.906,43.994],[44.259,43.925],[44.42,43.999],[44.417,43.946],[44.299,43.89],[44.285,43.819]],[[42.683,43.807],[42.662,43.681],[42.457,43.611],[42.479,43.5],[42.363,43.235]],[[33.501,54.016],[33.436,53.962],[33.248,53.954],[33.284,53.816],[32.924,53.591],[32.857,53.438],[32.718,53.431]],[[31.467,55.729],[31.206,55.718],[31.047,55.769],[30.907,55.578]],[[34.897,52.353],[34.916,52.316],[34.842,52.2],[34.675,52.2],[34.71,52.134],[34.684,52.072],[34.588,52.034],[34.521,52.069],[34.385,51.996],[34.336,51.935],[34.436,51.903],[34.371,51.827]],[[45.706,44.976],[45.622,44.903],[45.65,44.817],[45.614,44.766],[45.43,44.615],[45.262,44.577],[45.226,44.466],[45.41,44.439],[45.447,44.392],[45.404,44.318],[45.131,44.268],[45.105,44.216],[45.512,44.189],[45.509,44.015]],[[45.706,44.976],[45.854,45.001],[46.434,44.937],[46.888,44.752]],[[43.732,47.477],[43.634,47.57],[43.705,47.683],[43.974,47.767],[44.059,47.9],[44.389,47.868],[44.465,48.039],[44.328,48.064],[44.311,48.258],[44.535,48.205],[44.569,48.057],[44.83,48.072],[44.941,48.144],[44.955,48.208],[45.129,48.114],[45.301,48.098]],[[44.839,43.661],[44.803,43.802],[44.285,43.819]],[[44.839,43.661],[44.961,43.671],[45.004,43.758],[45.077,43.781],[45.076,43.95],[45.204,43.948],[45.221,43.883],[45.443,43.88],[45.453,43.994],[45.509,44.015]],[[44.839,43.661],[44.839,43.584]],[[44.285,43.819],[44.312,43.675],[44.433,43.654],[44.399,43.424],[44.32,43.431],[44.177,43.356],[44.108,43.431],[44.036,43.365],[44.084,43.274],[44.023,43.209],[44.014,43.253],[43.898,43.254],[43.848,43.31],[43.735,43.11],[43.566,42.939],[43.459,42.96],[43.386,42.887]],[[45.509,44.015],[46.045,43.934],[46.015,43.881],[46.057,43.82],[46.089,43.858],[46.2,43.848],[46.246,43.943],[46.419,44],[46.462,43.962],[46.455,43.881],[46.676,43.815],[46.486,43.676],[46.439,43.541],[46.327,43.435],[46.428,43.306],[46.409,43.217],[46.448,43.181],[46.403,43.114],[46.535,43.08],[46.489,43.008],[46.537,42.941],[46.393,42.872],[46.196,42.904],[46.121,42.838],[46.163,42.723],[46.047,42.69],[46.013,42.592],[45.968,42.619],[45.829,42.491],[45.74,42.471]],[[44.839,43.584],[44.768,43.62],[44.701,43.61],[44.684,43.558],[44.611,43.551],[44.621,43.61],[44.522,43.564],[44.498,43.397],[44.572,43.392],[44.575,43.24],[44.66,43.209],[44.672,43.252],[44.809,43.172],[44.923,43.061],[44.944,42.954],[44.852,42.836],[44.628,42.883],[44.639,42.74]],[[44.839,43.584],[45.047,43.494],[45.167,43.138],[45.137,42.835],[45.179,42.804],[45.076,42.691]],[[45.301,48.098],[45.261,48.162],[45.165,48.185],[45.156,48.236],[44.984,48.273],[45.034,48.389],[45.194,48.484],[45.323,48.43],[45.372,48.459],[45.223,48.509],[45.247,48.556],[45.618,48.596],[46.032,48.869],[46.298,48.84],[46.62,48.67]],[[29.418,60.169],[29.504,60.242],[29.633,60.266],[30.39,60.123],[30.35,60.063],[30.527,59.97],[30.512,59.862],[30.756,59.777],[30.748,59.726],[30.556,59.686],[30.469,59.62],[30.259,59.61],[29.85,59.828],[29.68,59.869],[29.697,59.95]],[[21.523,53.444],[21.656,53.138],[21.847,53.052],[21.835,53.008],[21.978,52.862],[22.175,52.879],[22.264,52.767],[22.378,52.794],[22.412,52.601],[22.518,52.529],[22.563,52.404],[22.952,52.367],[23.087,52.292]],[[21.523,53.444],[21.937,53.499],[22.543,53.774],[22.622,53.925],[22.348,54.179],[22.442,54.257],[22.732,54.302],[22.811,54.393]],[[21.523,53.444],[21.174,53.38],[21.098,53.326],[20.704,53.276],[20.316,53.106],[19.877,53.151],[19.748,53.093]],[[23.087,52.292],[23.176,52.285]],[[23.087,52.292],[22.898,52.102],[22.701,52.136],[22.6,52.062],[21.841,51.958],[21.947,51.782],[21.853,51.728],[21.897,51.657],[21.646,51.611],[21.821,51.563],[21.863,51.478],[21.772,51.151],[21.815,51.055]],[[19.748,53.093],[19.649,53.055],[19.646,52.931],[19.458,52.898],[19.44,52.787],[19.498,52.672],[19.361,52.512],[19.38,52.443],[19.296,52.334]],[[19.748,53.093],[19.681,53.263],[19.285,53.365],[19.128,53.556]],[[19.296,52.334],[19.641,52.219],[19.918,52.268],[20.064,52.192],[20.1,52.104],[20.252,52.058],[20.208,51.996],[20.273,51.898],[20.482,51.88],[20.613,51.796],[20.658,51.617],[20.448,51.643],[20.422,51.587],[20.522,51.444],[20.432,51.29]],[[19.296,52.334],[19.04,52.278]],[[20.432,51.29],[20.752,51.117],[21.012,51.115],[21.106,51.171],[21.253,51.05],[21.496,51.013],[21.815,51.055]],[[20.432,51.29],[20.199,51.156],[20.025,51.152],[19.976,51.072],[20.052,51.012],[20.054,50.946],[19.864,50.986],[19.837,50.861],[19.751,50.804]],[[19.128,53.556],[19.276,53.719],[19.49,53.769],[19.55,53.849],[19.554,53.882],[19.37,53.896],[19.389,53.935],[19.23,54.009],[19.209,54.072],[19.296,54.147],[19.25,54.265],[19.386,54.277],[19.365,54.228],[19.758,54.434]],[[19.128,53.556],[18.96,53.538],[18.759,53.625],[18.583,53.605],[18.256,53.694],[17.924,53.696],[17.756,53.606],[17.746,53.557],[17.508,53.562],[17.397,53.434]],[[19.04,52.278],[19.079,52.209],[18.917,52.146],[18.897,52.055],[18.714,52.01],[18.719,51.846],[18.671,51.793],[18.431,51.757],[18.359,51.627],[18.338,51.405],[18.186,51.391],[18.071,51.325],[18.058,51.27],[18.15,51.136]],[[19.04,52.278],[18.945,52.323],[18.769,52.291],[18.546,52.434],[18.425,52.426],[18.352,52.487],[18.26,52.435],[18.159,52.452],[17.617,52.667],[17.518,52.654],[17.447,52.718],[17.537,52.839],[17.488,52.904],[17.331,52.956],[17.39,53.081],[17.351,53.159],[17.442,53.205],[17.297,53.34],[17.397,53.434]],[[18.15,51.136],[18.426,51.06],[18.53,51.083],[18.656,50.995]],[[18.15,51.136],[17.917,51.066],[17.715,51.15]],[[17.397,53.434],[17.299,53.483],[17.096,53.488],[16.948,53.588]],[[21.815,51.055],[21.798,50.935],[21.844,50.83]],[[19.751,50.804],[19.508,50.842],[19.354,50.971],[19.108,50.969],[18.911,51.037],[18.656,50.995]],[[19.751,50.804],[19.853,50.766],[19.742,50.706],[19.954,50.578],[19.825,50.51],[19.956,50.484]],[[16.371,51.749],[16.612,51.715],[16.676,51.61],[16.943,51.513],[17.15,51.535],[17.229,51.594],[17.557,51.535],[17.501,51.407],[17.718,51.345],[17.715,51.15]],[[16.371,51.749],[16.275,51.868],[16.113,51.865],[16.11,51.965],[16.039,51.968],[15.857,52.104],[15.899,52.348],[15.837,52.424],[15.885,52.463],[15.831,52.693],[15.967,52.727],[15.925,52.81],[16.022,52.885],[16.039,53.007]],[[16.371,51.749],[16.182,51.656],[16.097,51.752],[15.945,51.77],[15.615,51.48],[15.403,51.518],[15.246,51.423],[15.129,51.456],[14.951,51.397]],[[17.715,51.15],[17.554,51.109],[17.463,50.944],[17.133,50.579],[17.02,50.547],[16.944,50.42]],[[21.844,50.83],[21.822,50.706],[21.613,50.534],[21.295,50.411]],[[21.844,50.83],[21.976,50.773],[22.195,50.792],[22.262,50.76],[22.222,50.66],[22.612,50.568],[22.658,50.479],[22.527,50.423],[22.595,50.362],[22.734,50.38],[22.721,50.342],[23.083,50.312],[23.389,50.427],[23.659,50.327]],[[21.295,50.411],[21.181,50.336],[20.784,50.298],[20.634,50.174],[20.502,50.177],[20.429,50.205],[20.285,50.399],[19.956,50.484]],[[21.295,50.411],[21.216,50.238],[21.228,49.948],[21.345,49.864],[21.229,49.789],[21.426,49.7],[21.514,49.417]],[[16.948,53.588],[16.837,53.585],[16.765,53.461],[16.529,53.442],[16.545,53.366],[16.752,53.282],[16.704,53.206],[16.456,53.125],[16.279,52.993],[16.039,53.007]],[[19.956,50.484],[19.966,50.445],[19.839,50.394],[19.502,50.361],[19.404,50.26],[19.305,50.25],[19.405,50.175],[19.124,49.954],[19.112,49.92],[19.299,49.748],[19.436,49.71],[19.407,49.64],[19.449,49.6]],[[18.656,50.995],[18.614,50.817],[18.535,50.785],[18.467,50.646],[18.589,50.511],[18.414,50.507],[18.357,50.419],[18.363,50.211],[18.08,50.136],[18.019,50.044]],[[16.039,53.007],[16.03,53.103],[15.926,53.105],[15.733,52.989],[15.301,52.952],[15.348,52.933],[15.249,52.846],[15.03,52.875],[14.932,52.843],[14.79,52.691],[14.654,52.67],[14.608,52.596]],[[120.526,16.232],[120.401,16.21]],[[120.526,16.232],[120.472,16.464],[120.595,16.653]],[[120.526,16.232],[120.757,16.201]],[[120.957,18.447],[120.995,18.606]],[[120.957,18.447],[120.954,18.291],[120.909,18.241],[120.982,18.17],[120.938,17.967]],[[120.957,18.447],[121.073,18.536],[121.479,18.27],[121.462,18.098],[121.318,17.843],[121.429,17.718]],[[122.038,16.508],[121.872,16.282],[121.448,15.924]],[[122.038,16.508],[121.752,16.396],[121.57,16.611]],[[121.653,17.518],[121.429,17.718]],[[121.653,17.518],[121.571,17.25]],[[121.446,15.208],[121.33,15.032]],[[121.33,15.032],[121.303,15.181]],[[121.33,15.032],[121.342,14.889]],[[120.381,15.169],[120.363,15.114],[120.46,14.942]],[[120.381,15.169],[120.556,15.254],[120.776,15.26]],[[120.381,15.169],[120.308,15.274],[120.164,15.343],[120.144,15.406],[120.247,15.614]],[[120.46,14.942],[120.545,14.827]],[[120.46,14.942],[120.455,14.914]],[[120.247,15.614],[120.138,15.821],[120.008,15.853],[119.889,15.801]],[[120.247,15.614],[120.395,15.753],[120.491,15.716],[120.537,15.743],[120.601,15.87],[120.627,15.819]],[[121.014,14.397],[120.961,14.495]],[[121.014,14.397],[121.015,14.359]],[[121.014,14.397],[121.033,14.439]],[[121.015,14.359],[121.143,14.388],[121.135,14.454]],[[121.015,14.359],[121.075,14.316],[121.033,14.144]],[[120.938,15.221],[120.905,15.015],[120.727,14.894],[120.664,14.779]],[[120.938,15.221],[120.845,15.167],[120.776,15.26]],[[120.938,15.221],[121.118,15.26],[121.303,15.181]],[[121.303,15.181],[121.368,15.471],[121.267,15.778]],[[121.342,14.889],[121.355,14.747],[121.461,14.572]],[[121.342,14.889],[121.154,14.758]],[[120.934,14.693],[120.916,14.694]],[[120.934,14.693],[120.953,14.689]],[[120.934,14.693],[120.969,14.636]],[[121.009,14.739],[121.116,14.753]],[[121.009,14.739],[120.932,14.721],[120.953,14.689]],[[121.009,14.739],[121.026,14.695]],[[121.116,14.753],[121.154,14.758]],[[121.116,14.753],[121.026,14.695]],[[120.953,14.689],[121.004,14.665]],[[121.154,14.758],[121.126,14.663]],[[120.455,14.914],[120.279,14.934],[120.209,14.88]],[[120.776,15.26],[120.733,15.552],[120.763,15.611],[120.662,15.658],[120.627,15.819]],[[121.267,15.778],[121.448,15.924]],[[121.267,15.778],[121.168,16.081],[121.014,16.136],[120.887,16.101]],[[120.887,16.101],[120.926,15.978],[120.839,15.805],[120.768,15.844],[120.627,15.819]],[[120.887,16.101],[120.864,16.163],[120.757,16.201]],[[121.264,13.962],[121.455,13.819]],[[121.264,13.962],[121.504,14.075],[121.594,14.219],[121.461,14.572]],[[121.264,13.962],[121.181,14.139],[121.033,14.144]],[[120.539,17.704],[120.54,17.867],[120.426,17.894]],[[120.539,17.704],[120.618,17.819],[120.938,17.967]],[[120.539,17.704],[120.467,17.499],[120.586,17.48],[120.536,17.338],[120.675,17.262],[120.73,17.156],[120.813,17.212],[120.874,17.182]],[[120.595,16.653],[120.638,16.86],[120.774,16.921]],[[121.461,14.572],[121.367,14.501],[121.388,14.345],[121.309,14.291],[121.323,14.466],[121.247,14.502],[121.242,14.302],[121.172,14.502],[121.125,14.525]],[[121.135,14.454],[121.125,14.525]],[[121.135,14.454],[121.056,14.465]],[[121.125,14.525],[121.118,14.609]],[[121.125,14.525],[121.092,14.543]],[[121.126,14.663],[121.118,14.609]],[[121.126,14.663],[121.092,14.609]],[[121.118,14.609],[121.092,14.609]],[[121.448,15.924],[121.322,16.106],[121.288,16.26],[121.422,16.346],[121.431,16.403],[121.358,16.433],[121.4,16.651]],[[121.4,16.651],[121.488,16.629]],[[121.4,16.651],[121.39,16.694]],[[121.488,16.629],[121.57,16.611]],[[121.488,16.629],[121.476,16.723],[121.39,16.694]],[[121.57,16.611],[121.608,16.714],[121.479,16.831]],[[122.816,13.994],[122.48,14.151],[122.31,14.096]],[[123.935,13.119],[123.908,13.054],[123.657,13.045],[123.496,12.974]],[[120.757,16.201],[120.777,16.291],[120.891,16.39],[120.903,16.597]],[[121.39,16.694],[121.335,16.764]],[[121.335,16.764],[121.479,16.831]],[[121.335,16.764],[121.28,16.665],[120.903,16.597]],[[120.774,16.921],[120.791,17.106],[120.874,17.182]],[[120.774,16.921],[120.851,16.846]],[[120.903,16.597],[120.851,16.846]],[[121.479,16.831],[121.571,16.911],[121.563,17.087]],[[121.563,17.087],[121.571,17.25]],[[121.563,17.087],[121.053,17.005],[120.936,16.856],[120.851,16.846]],[[121.571,17.25],[121.424,17.298],[121.194,17.168],[120.915,17.249]],[[120.874,17.182],[120.915,17.249]],[[120.938,17.967],[121.026,17.839],[121.103,17.816],[121.127,17.684]],[[121.429,17.718],[121.127,17.684]],[[120.915,17.249],[121.008,17.49],[121.104,17.546],[121.127,17.684]],[[125.729,9.313],[125.745,9.359],[125.678,9.437],[125.465,9.445]],[[125.729,9.313],[125.934,9.492]],[[125.141,6.435],[125.075,6.342],[125.137,6.321]],[[121.248,12.22],[121.248,13.031],[120.779,13.255],[120.892,13.403],[120.893,13.505]],[[125.162,12.316],[125.107,12.13],[125.123,11.998],[125.204,12.015],[125.243,11.967],[125.28,11.56],[125.349,11.414],[125.241,11.094]],[[123.366,10.393],[123.219,10.445],[123.144,10.422],[123.176,10.272],[123.013,9.964],[122.597,9.438]],[[122.18,11.321],[122.24,11.157]],[[122.18,11.321],[122.124,11.483],[122.146,11.755],[121.981,11.831],[121.854,11.769]],[[122.18,11.321],[122.332,11.344],[122.384,11.461],[122.514,11.462],[122.592,11.554]],[[122.24,11.157],[122.319,11.078],[122.318,11],[122.179,10.77],[122.035,10.637],[122.033,10.461]],[[122.24,11.157],[122.315,11.216],[122.505,11.184],[122.587,11.236],[122.878,11.198],[122.887,11.27],[123.032,11.394],[123.086,11.528]],[[125.137,6.321],[125.272,6.266],[125.24,6.094]],[[125.137,6.321],[125.119,6.191],[125.036,6.196],[125.048,6.005]],[[125.048,6.005],[125.053,5.958],[125.112,5.953]],[[-79.075,9.562],[-79.079,9.451],[-79.247,9.331]],[[-79.247,9.331],[-79.272,9.28],[-79.143,9.31],[-79.057,9.276],[-78.871,9.359],[-78.71,9.374],[-78.61,9.318],[-78.513,9.35],[-78.409,9.244],[-78.296,9.257],[-78.257,9.191],[-78.159,9.203],[-78.159,9.14],[-78.043,9.073]],[[-79.247,9.331],[-79.267,9.407],[-79.396,9.396],[-79.371,9.433],[-79.441,9.479],[-79.523,9.454],[-79.569,9.224],[-79.67,9.128],[-79.778,9.114],[-79.906,9.191],[-79.956,8.997],[-80.137,8.949]],[[-80.137,8.949],[-80.192,9.047],[-80.342,8.877],[-80.524,8.925],[-80.542,8.791],[-80.652,8.767],[-80.739,8.615]],[[-80.739,8.615],[-80.734,8.745],[-80.863,8.885]],[[-80.739,8.615],[-80.822,8.538],[-80.693,8.309],[-80.738,8.181],[-80.687,8.133]],[[-80.687,8.133],[-80.854,8.06],[-80.85,7.981],[-80.943,7.901],[-80.943,7.766],[-80.72,7.53]],[[-78.043,9.073],[-77.695,8.786]],[[-78.043,9.073],[-78.084,8.934],[-78.175,8.872],[-78.309,8.807],[-78.379,8.845],[-78.451,8.82],[-78.458,8.56],[-78.41,8.353]],[[-77.469,8.538],[-77.692,8.767]],[[-77.692,8.767],[-77.693,8.772]],[[-77.692,8.767],[-77.693,8.772]],[[-77.695,8.786],[-77.693,8.772]],[[-77.695,8.786],[-77.693,8.772]],[[-77.693,8.772],[-77.822,8.733],[-77.909,8.622],[-77.732,8.258],[-77.539,8.082],[-77.269,8.168]],[[-81.216,8.792],[-81.211,8.586],[-81.156,8.496],[-81.489,8.597],[-81.527,8.429]],[[-82.363,8.809],[-82.72,8.92]],[[-82.363,8.809],[-82.155,8.763]],[[-81.519,8.342],[-81.522,8.379]],[[-81.519,8.342],[-81.522,8.379]],[[-82.155,8.763],[-82.153,8.763]],[[-82.155,8.763],[-82.153,8.763]],[[-81.527,8.429],[-81.522,8.379]],[[-81.527,8.429],[-81.522,8.379]],[[-82.153,8.763],[-82.18,8.458],[-82.064,8.461],[-81.997,8.34],[-81.732,8.262],[-81.522,8.379]],[[58.082,21.711],[58.29,21.096]],[[58.082,21.711],[57.834,22.523],[57.933,22.714],[58.162,22.882],[58.541,23.022]],[[58.082,21.711],[59.051,22.039],[59.391,22.21],[59.44,22.33],[59.429,22.565],[59.484,22.619]],[[58.29,21.096],[56.326,22.015]],[[58.541,23.022],[58.588,23.249],[58.335,23.489],[58.118,23.462]],[[58.541,23.022],[58.841,22.834],[59.17,22.794],[59.259,22.89]],[[56.326,22.015],[56.524,22.254],[56.683,22.697],[56.875,23.491]],[[56.326,22.015],[55.6,21.866]],[[58.118,23.462],[57.87,23.234],[57.614,23.196],[57.46,23.225],[57.164,23.504]],[[57.164,23.504],[56.875,23.491]],[[57.164,23.504],[57.417,23.643],[57.533,23.83]],[[56.875,23.491],[56.765,23.836],[56.468,24.077],[56.313,24.14]],[[56.313,24.14],[56.279,24.041],[55.958,23.978],[55.958,23.895],[55.854,23.818],[55.889,23.672],[55.583,23.54],[55.445,23.552]],[[7.364,6.021],[7.25,5.926]],[[7.364,6.021],[7.534,5.973]],[[7.364,6.021],[7.243,6.067],[7.182,6.231],[7.127,6.238],[7.106,6.391],[7.022,6.44],[7.1,6.668],[6.914,6.716],[6.906,6.776]],[[8.785,10.336],[8.697,10.424],[8.741,10.549]],[[8.785,10.336],[8.66,10.169],[8.632,9.739],[8.559,9.627],[8.559,9.485],[8.685,9.323],[8.66,9.205]],[[5.536,8.07],[5.518,7.999],[5.67,8.007],[5.618,7.936],[5.625,7.85],[5.811,7.756]],[[5.536,8.07],[5.393,8.055],[5.354,7.974],[5.294,7.967],[5.064,8.031]],[[5.536,8.07],[5.529,8.129],[5.349,8.315],[5.471,8.49],[5.516,8.531],[5.706,8.428],[6.087,8.38],[6.216,8.73]],[[5.811,7.756],[5.624,7.62],[5.538,7.368],[5.432,7.28],[5.376,7.302],[5.331,7.42],[4.991,7.415]],[[5.811,7.756],[5.922,7.757],[6.028,7.573]],[[8.66,9.205],[8.523,9.004],[8.264,9.153],[8.1,9.005],[8.063,9.219],[7.951,9.346],[7.817,9.251],[7.626,9.311]],[[6.978,8.412],[6.835,8.407]],[[6.978,8.412],[7.263,8.471],[7.436,8.583],[7.514,8.759],[7.626,9.311]],[[8.741,10.549],[8.815,10.664],[8.734,10.863],[8.768,11.085],[8.863,11.104],[9.032,11.296],[9.225,11.342]],[[8.741,10.549],[8.481,10.671],[8.558,10.747],[8.542,11.082],[8.44,11.19],[8.134,11.34],[8.139,11.479],[7.776,11.359]],[[7.626,9.311],[7.54,9.351],[7.486,9.292],[7.311,9.297]],[[9.225,11.342],[9.534,11.305],[9.624,11.238],[9.81,11.261],[9.876,11.161],[9.891,10.977],[10.207,10.95],[10.216,11.054],[10.361,11.117],[10.39,11.178],[10.001,11.262],[9.863,11.46],[9.793,11.482],[9.831,11.575],[9.799,11.715],[9.625,11.729],[9.7,11.851],[10.155,12.009],[10.287,12.424],[10.477,12.416],[10.61,12.502]],[[9.225,11.342],[9.253,11.454],[9.351,11.555],[9.227,11.694],[9.13,11.716],[9.205,11.908],[9.181,12.03],[9.037,12.012],[9.029,12.062],[8.937,12.062],[8.946,12.222],[8.785,12.299],[8.678,12.539],[8.471,12.563],[8.362,12.425],[8.283,12.57]],[[7.776,11.359],[7.661,11.275],[7.467,11.369],[7.354,11.25],[7.242,11.263],[7.244,11.156],[7.186,11.112],[6.993,11.21],[7.026,11.321],[6.882,11.366]],[[7.776,11.359],[7.692,11.467],[7.715,11.564],[7.894,11.651],[7.833,11.914],[7.841,12.266],[8.094,12.383],[8.187,12.556],[8.283,12.57]],[[7.311,9.297],[7.262,9.295],[7.218,9.417],[7.338,9.587],[7.217,9.741],[7.296,9.781],[7.279,9.978],[7.008,10.017],[6.892,10.105],[7.065,10.265],[6.945,10.367],[6.956,10.482],[6.85,10.522],[6.835,10.623],[6.768,10.638],[6.718,10.569],[6.569,10.535],[6.498,10.589],[6.427,10.574],[6.174,10.361],[6.093,10.483],[6.114,10.806],[6.162,10.863]],[[7.311,9.297],[7.164,9.098],[6.963,9.232],[6.754,9.214],[6.759,8.472],[6.835,8.407]],[[6.835,8.407],[6.691,8.207],[6.465,8.432],[6.37,8.681],[6.216,8.73]],[[4.991,7.415],[4.912,7.627],[4.926,7.843],[5.064,8.031]],[[5.064,8.031],[4.899,8.081],[4.556,8.034]],[[6.882,11.366],[6.754,11.248],[6.686,11.076],[6.474,11.009],[6.323,11.032],[6.162,10.863]],[[6.882,11.366],[6.913,11.766],[7.066,11.779],[7.172,11.892],[7.233,11.895],[7.113,12.038],[7.158,12.154],[7.078,12.478],[7.063,12.995]],[[6.162,10.863],[6.027,11.111]],[[6.754,13.175],[6.626,13.092],[6.294,13.163],[6.262,13.058],[6.062,13.022],[6.039,12.769],[5.74,12.722],[5.553,12.527],[5.571,12.31],[5.521,12.258],[5.068,12.269],[5.023,11.681]],[[5.023,11.681],[4.875,11.692],[4.606,11.538],[4.529,11.589],[4.616,11.934],[4.609,12.319],[4.645,12.381],[4.83,12.399],[4.826,12.783],[4.77,12.901],[4.818,13.107],[4.672,13.055],[4.341,13.228],[4.12,13.211]],[[5.023,11.681],[5.142,11.655],[5.262,11.72],[5.385,11.718],[5.57,11.62],[5.866,11.618],[5.913,11.573],[5.883,11.43],[6.018,11.264],[6.027,11.111]],[[8.283,12.57],[8.249,12.622],[8.117,12.656],[8.137,12.814],[8.535,12.83],[8.599,12.715],[8.768,12.678],[8.914,12.75],[8.978,12.843]],[[10.61,12.502],[10.539,12.773],[10.263,12.808],[10.201,12.971],[9.902,12.895],[9.77,12.793],[9.648,12.831]],[[6.216,8.73],[5.79,8.746],[5.538,8.929],[5.21,9.008],[5.15,9.113],[5.006,9.197],[4.771,9.149],[4.743,9.275],[4.625,9.325],[4.614,9.422],[4.454,9.425],[4.416,9.703],[4.35,9.725],[4.014,10.118],[3.665,10.129]],[[4.556,8.034],[4.359,8.311],[4.201,8.693],[4.2,8.815],[4.331,8.954],[4.314,8.993],[4.237,8.962],[4.045,9.021],[3.866,9.178],[3.773,9.14],[3.696,8.989],[3.244,8.748],[3.145,8.769],[2.919,8.595],[2.742,8.527]],[[6.027,11.111],[5.961,11.129],[5.885,11.053],[5.477,10.957],[5.426,11.151],[5.285,11.344],[4.779,11.227],[4.763,11.164],[4.827,11.117],[5.054,11.033],[5.078,10.924],[5.03,10.864],[5.093,10.748],[4.827,10.673],[4.817,10.463],[4.894,10.335],[4.841,10.248],[4.655,10.201],[4.632,10.099],[4.539,10.124],[4.561,10.271],[4.498,10.348],[4.501,10.46],[4.689,10.646],[4.722,10.904],[4.435,11.029],[4.005,11.012],[3.804,11.118],[3.706,11.121]],[[169.672,-43.976],[169.668,-44.056],[169.547,-44.203],[169.553,-44.446],[169.663,-44.585],[169.903,-44.665],[170.075,-44.913],[170.304,-44.917],[170.39,-45.06],[170.718,-44.899],[170.842,-44.882],[171.173,-44.953]],[[169.672,-43.976],[169.599,-43.966],[169.367,-44.102],[169.025,-44.116],[168.844,-44.251],[168.743,-44.394],[168.329,-44.49]],[[169.672,-43.976],[170.205,-43.532],[170.596,-43.423],[171.328,-42.965],[171.717,-42.9],[171.765,-42.797],[172.435,-42.379],[172.485,-42.286]],[[172.706,-42.116],[172.643,-42.116],[172.596,-42.219],[172.485,-42.286]],[[172.706,-42.116],[172.818,-42.181],[172.846,-42.288],[172.985,-42.394],[172.977,-42.436],[173.064,-42.471],[173.733,-41.916],[173.785,-41.951],[173.947,-41.917],[174.082,-41.969]],[[172.706,-42.116],[172.938,-41.748],[173.173,-41.534],[173.262,-41.514],[173.285,-41.389]],[[173.285,-41.389],[173.185,-41.31]],[[168.329,-44.49],[168.205,-44.597],[168.126,-44.863],[168.161,-44.964],[168.273,-45.028],[168.239,-45.132],[168.308,-45.3],[168.463,-45.316],[168.638,-45.258],[168.778,-45.417],[168.851,-45.431],[169.05,-45.287],[169.195,-45.416],[169.022,-45.662],[169,-45.765],[169.188,-46.21],[169.157,-46.359],[169.225,-46.517],[169.193,-46.618]],[[174.511,-36.228],[174.656,-36.133]],[[175.959,-37.369],[175.875,-37.453],[175.891,-37.499],[175.809,-37.508],[175.975,-37.979],[176.086,-38.057],[176.1,-38.157],[176.206,-38.191],[176.508,-38.427],[176.255,-38.808],[176.267,-38.907],[176.215,-38.987],[176.082,-39.128],[176.021,-39.085],[175.853,-39.282],[175.594,-39.275],[175.666,-38.982],[175.565,-38.968],[175.573,-38.804],[175.526,-38.758],[175.628,-38.574],[175.607,-38.516],[175.517,-38.48],[175.224,-38.634],[174.971,-38.669],[174.941,-38.75],[174.868,-38.777]],[[174.868,-38.777],[174.618,-38.707]],[[178.077,-37.551],[177.978,-37.616],[177.977,-37.741],[178.059,-37.761],[177.844,-38.107],[177.689,-38.021],[177.653,-38.157],[177.497,-38.224],[177.432,-38.353],[177.244,-38.43],[177.255,-38.498],[177.166,-38.58],[176.984,-38.705],[176.873,-38.673],[176.733,-38.718],[176.702,-38.85],[176.53,-38.807],[176.447,-38.995],[176.267,-38.907]],[[126.387,38.931],[126.23,39.157],[126.045,39.234],[125.897,39.229],[125.861,39.161],[125.717,39.282],[125.62,39.235],[125.666,39.123],[125.577,39.062],[125.604,38.938],[125.522,38.846],[125.575,38.781]],[[126.387,38.931],[126.485,38.912],[126.507,39.001],[126.66,38.986],[126.561,39.12],[126.577,39.166],[126.982,39.069]],[[126.387,38.931],[126.135,38.974],[126.118,38.913],[126.219,38.783],[126.1,38.709],[125.801,38.838],[125.575,38.781]],[[125.575,38.781],[125.63,38.659]],[[127.025,39.204],[127.063,39.161],[126.982,39.069]],[[127.025,39.204],[126.929,39.215],[126.909,39.285],[126.709,39.309],[126.738,39.464],[126.673,39.529],[126.782,39.84],[126.935,39.866],[127.008,39.826],[127.111,39.879],[127.059,40.02],[127.178,40.148],[127.057,40.321],[126.912,40.335]],[[127.025,39.204],[127.139,39.408],[127.438,39.405]],[[126.982,39.069],[127,38.935],[126.882,38.889],[126.8,38.686],[126.678,38.618],[126.707,38.479],[126.789,38.355],[126.884,38.335],[126.873,38.226],[126.94,38.174]],[[126.36,40.017],[126.353,39.889],[126.101,39.82],[126.015,39.859],[125.767,39.661],[125.451,39.573]],[[126.36,40.017],[126.426,39.991],[126.546,40.036],[126.59,40.104],[126.8,40.201],[126.912,40.335]],[[126.36,40.017],[126.144,40.074],[125.969,40.22],[125.807,40.224],[125.657,40.302],[125.577,40.418],[125.591,40.571],[125.415,40.653]],[[126.912,40.335],[126.992,40.548],[127.166,40.614],[127.22,40.718],[127.372,40.789],[127.299,40.905],[127.392,41.071]],[[127,41.752],[126.96,41.573],[126.826,41.513],[126.821,41.458],[126.929,41.448],[127.065,41.145],[127.218,41.103],[127.356,41.176],[127.392,41.071]],[[127.392,41.071],[127.494,41.067],[127.558,41.154],[127.675,41.105],[127.655,41.009],[127.585,40.99],[127.618,40.922],[127.517,40.841],[127.695,40.596],[127.772,40.58],[127.741,40.402],[127.973,40.567],[128.202,40.572],[128.354,40.769],[128.359,40.992],[128.508,41.018],[128.62,41.101],[128.63,41.172],[128.923,41.088]],[[128.883,42.03],[128.769,41.921],[128.705,41.919],[128.734,41.811],[128.783,41.807],[128.781,41.621],[128.914,41.545],[128.828,41.42],[128.939,41.254],[128.923,41.088]],[[16.447,-22.374],[16.359,-22.423],[16.337,-22.511],[16.159,-22.606],[16.071,-22.589],[15.961,-22.695],[16.06,-22.704],[16.06,-22.836],[15.895,-22.904],[15.871,-23.146],[15.924,-23.213],[15.826,-23.247],[15.85,-23.38],[15.793,-23.394],[15.752,-23.478],[15.849,-23.535],[15.846,-23.788],[15.742,-23.814]],[[16.447,-22.374],[16.732,-22.346],[16.681,-22.302],[16.734,-22.231],[16.837,-22.297],[17.098,-22.198],[17.142,-22.237],[17.251,-22.184],[17.298,-22.089],[17.321,-22.136],[17.396,-22.07],[17.453,-22.089],[17.45,-21.969],[17.615,-21.835],[17.807,-21.824],[18.118,-21.705]],[[16.447,-22.374],[16.391,-22.199],[16.468,-22.144],[16.428,-22.081],[16.469,-22.065],[16.479,-21.935],[16.393,-21.728],[16.441,-21.515],[16.533,-21.416],[16.515,-21.172],[16.401,-21.156],[16.255,-20.986],[16.193,-21.04],[16.092,-20.996],[15.832,-20.84],[15.72,-20.7],[15.606,-20.693],[15.601,-20.563]],[[15.742,-23.814],[15.751,-23.945],[15.812,-23.973],[16.262,-23.858],[16.203,-23.96],[16.32,-24.025],[16.302,-23.913],[16.505,-23.85],[16.272,-23.78],[16.288,-23.707],[16.348,-23.605],[16.379,-23.685],[16.454,-23.688],[16.577,-23.586],[16.57,-23.528],[16.487,-23.48],[16.621,-23.235],[16.819,-23.272],[17.077,-23.181],[17.179,-23.203],[17.211,-23.308],[17.478,-23.285],[17.391,-23.425],[17.45,-23.61],[17.86,-23.574],[17.981,-23.647],[18.209,-23.591],[18.392,-23.464],[18.443,-23.504]],[[15.742,-23.814],[15.338,-23.665],[15.095,-23.653],[15.047,-23.602],[14.484,-23.551]],[[18.118,-21.705],[18.068,-21.862],[18.128,-21.952],[18.066,-22.091],[17.979,-22.116],[17.966,-22.229],[18.032,-22.338],[18.178,-22.439],[18.136,-22.475],[18.216,-22.474],[18.299,-22.95],[18.395,-22.93],[18.324,-23.019],[18.45,-23.158],[18.349,-23.217],[18.505,-23.345],[18.443,-23.504]],[[18.118,-21.705],[18.245,-21.609],[18.278,-21.374],[18.266,-21.325],[18.209,-21.325],[18.212,-21.253],[18.372,-21.261],[18.351,-21.199],[18.418,-21.122],[18.361,-21.116],[18.376,-21.039],[18.508,-21.037],[18.579,-20.812],[18.831,-20.471],[19.422,-20.243],[20.72,-20.387],[20.979,-20.351]],[[15.601,-20.563],[15.384,-20.487],[15.12,-20.764],[14.737,-20.997],[14.19,-20.959],[13.904,-21.037],[13.628,-21.188]],[[15.601,-20.563],[15.767,-20.583],[16.039,-20.415],[16.309,-20.378],[16.313,-20.219],[16.548,-20.122],[16.533,-20],[16.711,-19.955],[16.703,-19.491]],[[18.443,-23.504],[18.534,-23.684],[18.582,-23.658],[18.69,-23.735],[18.785,-23.749],[18.98,-23.678],[19.152,-23.72],[19.233,-23.654],[19.271,-23.676],[19.275,-23.854],[19.98,-23.864]],[[18,-17.389],[18,-17.766]],[[18,-17.766],[16.75,-17.769],[16.39,-17.915],[16.308,-17.884]],[[18,-17.766],[18.009,-18.749],[18.195,-18.76]],[[18.195,-18.76],[19.236,-18.815],[19.235,-19.189],[20.976,-19.172]],[[18.195,-18.76],[18.172,-18.951],[18.021,-19.037],[18.005,-19.258],[17.89,-19.359],[17.939,-19.474],[17.875,-19.517],[17.555,-19.444],[17.404,-19.358],[17.423,-19.232],[17.337,-19.275],[17.317,-19.199],[17.199,-19.149],[17.127,-19.166],[16.99,-19.341],[16.703,-19.491]],[[20.986,-17.966],[20.993,-18.319]],[[14.829,-25],[15.759,-25.006],[15.865,-25.59],[15.965,-25.59],[16.191,-25.86],[16.341,-25.854],[16.289,-25.586],[16.382,-25.565],[16.416,-25.66],[16.524,-25.52],[16.581,-25.587],[16.925,-25.666],[16.977,-25.732],[17.154,-25.692],[17.335,-25.758],[17.338,-25.584],[17.414,-25.549],[17.768,-25.566],[18.475,-25.445],[18.641,-25.529],[19.078,-25.564],[19.222,-25.487],[19.343,-25.631],[19.468,-25.595],[19.754,-25.675],[19.982,-25.619]],[[15.647,-17.679],[15.666,-17.739],[15.999,-17.695]],[[15.647,-17.679],[15.559,-17.389]],[[15.647,-17.679],[15.288,-18.025],[15.5,-18.151],[15.563,-18.623],[15.512,-18.724],[15.562,-18.887],[15.514,-18.983],[15.603,-19.064],[15.317,-19.191]],[[15.999,-17.695],[15.999,-17.696]],[[15.999,-17.695],[15.999,-17.696]],[[15.317,-19.191],[15.314,-19.246],[15.577,-19.245],[15.94,-19.331]],[[15.317,-19.191],[14.536,-19.247],[14.538,-19.329],[14.594,-19.327],[14.574,-19.418],[14.449,-19.415],[14.477,-19.298],[14.364,-19.098],[14.389,-18.893],[14.304,-18.662],[14.29,-18.079],[14.151,-17.721],[14.186,-17.64],[14.137,-17.567],[14.219,-17.388]],[[16.703,-19.491],[15.94,-19.331]],[[16.308,-17.884],[15.999,-17.696]],[[16.308,-17.884],[15.999,-17.696]],[[15.94,-19.331],[15.919,-19.185],[15.962,-19.133],[15.851,-18.968],[15.841,-18.866],[15.898,-18.755],[16.036,-18.652],[15.949,-18.475],[15.944,-18.358],[16.038,-18.141],[15.999,-17.696]],[[108.521,49.124],[108.57,49.326]],[[108.521,49.124],[108.738,48.974],[108.855,48.816],[109.039,48.321],[108.883,48.076],[108.485,47.914]],[[108.521,49.124],[108.301,49.107],[108.089,49.009],[107.908,49.074],[107.675,49.055],[107.532,48.976],[107.732,48.835],[107.646,48.64],[107.253,48.558],[107.114,48.618],[106.874,48.6],[106.697,48.517],[106.572,48.53],[106.171,48.687],[106.017,48.669],[106.014,48.814],[105.835,48.865],[105.512,48.791],[105.445,48.757],[105.495,48.644],[105.06,48.507],[104.528,48.626]],[[108.429,47.556],[108.401,47.498],[108.547,47.352],[108.694,47.098],[108.828,47.012]],[[108.429,47.556],[108.41,47.619],[108.493,47.759],[108.485,47.914]],[[108.429,47.556],[108.262,47.59],[108.202,47.751],[108.353,47.918],[108.485,47.914]],[[108.828,47.012],[108.949,46.974],[108.984,46.813],[109.102,46.856],[109.117,46.753],[109.008,46.578],[109.009,46.499],[109.218,46.269],[109.392,46.179],[109.741,46.189],[109.99,46.311],[110.071,46.479],[110.043,46.62],[110.096,46.636],[110.206,46.604],[110.454,46.389],[110.552,46.24],[110.849,46.093],[110.972,46.074],[111.231,46.23]],[[108.828,47.012],[108.711,46.861],[108.48,46.78],[108.115,46.811],[107.957,46.774]],[[104.528,48.626],[104.542,48.79],[104.378,48.899]],[[104.528,48.626],[104.516,48.375],[104.288,48.144],[104.393,47.988],[104.704,47.945],[104.76,47.662],[104.528,47.653],[104.487,47.6],[104.156,47.525],[104.069,47.468],[104.172,47.357],[104.147,47.298]],[[104.378,48.899],[104.563,48.997],[104.52,49.106]],[[104.378,48.899],[104.001,48.987],[104.001,49.041],[104.103,49.121],[104.283,49.081],[104.377,49.13],[104.52,49.106]],[[104.52,49.106],[104.663,49.486],[104.673,49.646],[104.733,49.686],[104.523,49.875],[104.516,49.982],[104.617,50.009],[104.523,50.15],[104.35,50.272]],[[104.147,47.298],[104.179,47.149],[104.354,46.998],[104.347,46.906],[104.234,46.852],[104.382,46.692],[104.406,46.528],[104.604,46.42]],[[104.147,47.298],[103.678,47.251]],[[101.654,49],[101.715,48.915],[101.903,48.85],[101.977,48.776],[102.131,48.81],[102.229,48.495],[102.343,48.413],[102.369,48.332],[102.68,48.22],[102.808,48.078],[102.854,47.904],[103.014,47.843],[103.09,47.723],[103.207,47.699],[103.401,47.495],[103.66,47.338],[103.678,47.251]],[[101.654,49],[101.635,49.114],[101.726,49.234],[101.978,49.373],[102.345,49.453],[102.52,49.633],[102.785,49.691],[102.103,49.946],[102.359,50.185],[102.418,50.3],[102.62,50.399]],[[101.654,49],[101.341,48.976],[100.713,49.214],[100.59,49.078],[100.419,49.065],[100.421,49.017],[100.571,48.945],[100.358,48.795],[100.347,48.634],[100.456,48.558],[100.205,48.493],[100.188,48.412],[99.784,48.482],[99.73,48.451],[99.681,48.316],[99.352,48.322],[99.238,48.261],[99.097,48.338]],[[103.678,47.251],[103.525,47.196],[103.193,47.206],[103.03,47.351],[102.656,47.432],[102.636,47.388],[102.731,47.287],[102.543,47.099],[102.511,46.973],[102.432,46.962],[102.27,47.055],[101.944,46.98],[101.801,46.901],[101.264,46.818]],[[99.097,48.338],[98.697,48.227],[98.561,48.118],[98.201,48.068],[98.161,48.003],[98.221,47.856],[98.173,47.697],[98.391,47.65]],[[99.097,48.338],[99.018,48.635],[99.155,48.855],[99.072,49.144],[98.742,49.134],[98.641,49.016],[98.52,48.984],[98.186,49.06],[97.917,49.031],[97.532,49.202],[97.158,49.227],[96.858,49.437],[96.901,49.561],[97.15,49.714],[97.085,49.806]],[[107.957,46.774],[107.856,46.761],[107.797,46.571],[107.341,46.414],[107.102,46.404],[106.8,46.559],[106.164,46.575],[105.802,46.734],[105.66,46.71],[105.397,46.439],[104.967,46.59],[104.653,46.38],[104.604,46.42]],[[107.957,46.774],[108.021,46.693],[108.211,46.672],[108.074,46.573],[108.315,46.334],[108.302,46.002],[108.419,45.9],[108.592,45.933],[108.508,45.637],[108.622,45.033],[108.483,44.993],[108.308,44.851],[107.852,44.806],[107.79,44.587],[107.708,44.511]],[[104.604,46.42],[104.42,46.161],[104.171,46.111],[104.108,45.801],[104.059,45.744],[103.769,45.718],[103.625,45.622],[103.631,45.497],[103.812,45.332],[103.772,45.188]],[[101.264,46.818],[101.179,46.868],[100.713,46.841],[100.626,46.952],[100.489,47.001],[100.401,47.185],[99.872,47.106],[99.832,47.404],[99.673,47.53],[99.653,47.664],[99.165,47.479],[99.012,47.479],[98.811,47.563],[98.755,47.704],[98.694,47.733],[98.391,47.65]],[[101.264,46.818],[101.519,46.596],[101.561,46.453],[101.45,46.329],[101.5,46.151],[101.298,46.008],[101.267,45.588],[101.11,45.412],[101.141,45.152],[101.205,45.011],[101.568,44.852],[101.498,44.701],[101.755,44.057]],[[103.772,45.188],[104.101,45.184],[104.112,44.927],[104.203,44.83],[105.477,44.7],[105.69,44.459],[105.763,44.306],[106.027,44.197],[106.475,44.253],[107.28,44.496],[107.446,44.464],[107.708,44.511]],[[103.772,45.188],[103.636,45.014],[103.23,44.804],[102.931,44.352],[103,44.154],[102.124,44.148],[101.755,44.057]],[[107.708,44.511],[107.67,44.32],[107.977,43.707],[108.052,43.115],[108.018,42.918],[108.05,42.439]],[[101.755,44.057],[101.21,43.824],[100.327,43.816],[99.815,44.17],[99.487,44.114],[99.518,43.201],[99.622,42.597]],[[111.231,46.23],[111.316,46.39],[111.267,46.64],[111.47,46.921],[111.591,47.271],[111.809,47.401],[112.09,47.382],[112.072,47.568],[112.132,47.662],[112.688,47.81]],[[111.231,46.23],[111.619,46.097],[111.771,45.805],[111.754,45.508],[111.971,45.285],[111.985,45.087]],[[112.688,47.81],[112.539,48.077],[112.541,48.472],[112.214,48.949],[112.249,49.04],[112.17,49.321],[112.207,49.36],[112.126,49.44]],[[112.688,47.81],[112.687,47.599],[112.95,47.671],[113.804,47.511],[114.435,47.197],[114.479,47.146],[114.456,46.838],[114.704,46.73],[114.912,46.492],[115.17,46.569],[116.244,46.621],[116.582,46.298]],[[98.391,47.65],[98.371,47.558],[98.266,47.453],[98.265,47.362],[98.154,47.239],[97.859,47.175],[97.639,46.605]],[[-98.641,19.462],[-98.646,19.024]],[[-98.641,19.462],[-98.709,19.583],[-98.659,19.586]],[[-98.641,19.462],[-98.466,19.438],[-98.343,19.229],[-98.193,19.106],[-98.05,19.209],[-97.884,19.166],[-97.847,19.212],[-97.883,19.267],[-97.828,19.311],[-97.668,19.284],[-97.62,19.319],[-97.621,19.365],[-97.759,19.448],[-97.844,19.436],[-97.882,19.501],[-97.843,19.543],[-98.035,19.636],[-98.044,19.719],[-98.143,19.673]],[[-98.646,19.024],[-98.658,18.891],[-98.733,18.812],[-98.666,18.692],[-98.75,18.692],[-98.677,18.428],[-98.826,18.494],[-99.05,18.35]],[[-98.646,19.024],[-98.72,18.965],[-98.804,18.966],[-98.84,19.045],[-98.964,19.089]],[[-99.05,18.35],[-99.155,18.549],[-99.216,18.546],[-99.245,18.454],[-99.331,18.453],[-99.507,18.624],[-99.495,18.674]],[[-99.05,18.35],[-99.031,18.238],[-98.83,18.116],[-98.751,18.008],[-98.427,17.964],[-98.348,17.892]],[[-99.043,21.268],[-99.042,21.176],[-99.228,21.119],[-99.303,21.147],[-99.38,21.096],[-99.354,21.028],[-99.398,20.914],[-99.492,20.834],[-99.521,20.735],[-99.49,20.661],[-99.82,20.512],[-99.844,20.309]],[[-99.043,21.268],[-98.939,21.291],[-98.906,21.216],[-98.807,21.174],[-98.592,21.212],[-98.59,21.372],[-98.515,21.399]],[[-99.043,21.268],[-99.112,21.29],[-99.099,21.382],[-99.198,21.646],[-99.381,21.433],[-99.582,21.394],[-99.72,21.515],[-99.791,21.419]],[[-99.844,20.309],[-99.938,20.252],[-99.888,20.19],[-99.951,20.171],[-100.123,19.938]],[[-99.844,20.309],[-99.658,20.136],[-99.549,20.158],[-99.486,20.061],[-99.512,19.935],[-99.432,19.897],[-99.387,19.756],[-99.223,19.897],[-99.202,19.979],[-99.001,20.04],[-98.93,19.931],[-98.959,19.809],[-98.835,19.886],[-98.642,19.795],[-98.596,19.721],[-98.659,19.586]],[[-100.123,19.938],[-100.215,19.565],[-100.146,19.436],[-100.33,19.323],[-100.299,19.259],[-100.624,18.871]],[[-100.123,19.938],[-100.177,19.978],[-100.198,20.144],[-100.286,20.213]],[[-99.791,21.419],[-99.793,21.291],[-99.714,21.234],[-99.827,21.158],[-100.036,21.179],[-100.106,20.917],[-100.162,20.879],[-100.235,20.931],[-100.342,20.897],[-100.439,20.97],[-100.51,20.896],[-100.558,20.658],[-100.469,20.402],[-100.286,20.213]],[[-99.791,21.419],[-100.404,21.678],[-100.463,21.637],[-100.499,21.514],[-100.627,21.492],[-100.961,21.75],[-101.236,21.758],[-101.326,21.873],[-101.449,21.822],[-101.521,21.841]],[[-100.286,20.213],[-100.391,20.113],[-100.379,19.975],[-100.518,19.909],[-100.561,19.947],[-100.775,19.91],[-100.83,19.976],[-100.931,19.924],[-101.04,19.968],[-100.983,20.043],[-101.021,20.097],[-101.163,20.102],[-101.213,20.03],[-101.42,20.054],[-101.434,20.225],[-101.377,20.27],[-101.461,20.335],[-101.615,20.318],[-101.673,20.191],[-101.893,20.199],[-101.949,20.366],[-102.006,20.335],[-101.996,20.403],[-102.1,20.387]],[[-100.828,24.565],[-100.618,24.311],[-100.597,23.974],[-100.48,23.789],[-100.439,23.229],[-100.34,23.19],[-100.327,23.254],[-100.057,23.241]],[[-100.828,24.565],[-101.227,24.003],[-101.828,23.581],[-102.034,23.376],[-102.114,23.345],[-102.138,23.406],[-102.19,23.404],[-102.231,23.278],[-102.299,23.25],[-102.228,23.101],[-102.251,22.984],[-102.154,22.796],[-101.953,22.648],[-101.813,22.465],[-101.63,22.498],[-101.554,22.603],[-101.352,22.59],[-101.299,22.46],[-101.379,22.382],[-101.325,22.088],[-101.521,21.841]],[[-100.828,24.565],[-100.767,24.776],[-100.796,24.893],[-100.732,24.962],[-100.835,25.041],[-100.794,25.122],[-100.596,25.229],[-100.274,25.203],[-100.199,25.276],[-100.303,25.345],[-100.468,25.343],[-100.696,25.506],[-100.572,25.524],[-100.782,25.678],[-100.846,25.785],[-100.848,25.957],[-101.216,26.373],[-100.753,26.732],[-100.711,26.617],[-100.609,26.716],[-100.552,26.887],[-100.56,27.053],[-100.665,27.1],[-100.754,27.013],[-100.813,27.199],[-100.628,27.328],[-100.455,27.354],[-100.358,27.674],[-100.182,27.794],[-99.976,27.638],[-99.807,27.771]],[[-100.828,24.565],[-101.097,24.641],[-101.231,24.818],[-101.344,24.838],[-101.442,24.752],[-101.617,24.757],[-101.654,24.826],[-101.574,24.807],[-101.604,24.892],[-101.768,24.938],[-101.861,25.076],[-102.173,25.163],[-102.613,25.122],[-102.668,25.079]],[[-100.057,23.241],[-100.055,23.314],[-100.126,23.356],[-100.043,23.415],[-99.906,23.375],[-99.95,23.539],[-99.84,23.741],[-99.6,23.767],[-99.502,23.89],[-99.452,23.892],[-99.464,23.957],[-99.609,24.092],[-99.574,24.362],[-99.606,24.513],[-99.71,24.472],[-99.737,24.57],[-99.294,24.827],[-99.164,24.776],[-99.193,24.878],[-99.142,24.946],[-99.188,25.007],[-99.145,25.052],[-99.034,25.12],[-98.981,25.071],[-98.887,25.086],[-98.446,25.425],[-98.45,25.469],[-98.561,25.503],[-98.569,25.997],[-98.83,26.059],[-98.889,25.971],[-99.037,26.101],[-99.133,26.057],[-99.18,26.289],[-99.254,26.295],[-99.333,26.395],[-99.392,26.366],[-99.42,26.399],[-99.391,26.598],[-99.558,26.685],[-99.653,26.684],[-99.563,26.835],[-99.732,26.932],[-99.676,27.154],[-99.756,27.45],[-99.915,27.534],[-99.711,27.67]],[[-100.057,23.241],[-100.089,23.121],[-100.006,23.165],[-99.908,22.984],[-100.037,22.88],[-100,22.783],[-99.537,22.617],[-99.548,22.728],[-99.432,22.636],[-99.379,22.683],[-99.206,22.438],[-98.831,22.358],[-98.656,22.443],[-98.616,22.419]],[[-101.521,21.841],[-101.664,21.957],[-101.845,22.017]],[[-101.521,21.841],[-101.586,21.755],[-101.538,21.637],[-101.64,21.553],[-101.573,21.348],[-101.855,21.148],[-102.088,20.791],[-101.968,20.587],[-102.1,20.387]],[[-98.515,21.399],[-98.443,21.354],[-98.492,21.256],[-98.41,21.178],[-98.359,21.155],[-98.286,21.246],[-98.278,21.124],[-98.212,21.151],[-98.13,21.072],[-98.232,20.938],[-98.23,20.831],[-98.424,20.869],[-98.419,20.788],[-98.495,20.757],[-98.417,20.745],[-98.419,20.709],[-98.508,20.625],[-98.569,20.472],[-98.468,20.354],[-98.079,20.697],[-98.022,20.661],[-98,20.484]],[[-98.515,21.399],[-98.53,21.525],[-98.642,21.609],[-98.624,21.685],[-98.456,21.797],[-98.562,21.882],[-98.528,21.959],[-98.59,21.98],[-98.452,21.98],[-98.348,22.222],[-98.616,22.419]],[[-96.728,18.41],[-96.79,18.284],[-96.995,18.123],[-97.256,18.168],[-97.453,17.978],[-97.64,18.171],[-97.606,18.36],[-97.725,18.302],[-97.812,18.155],[-97.733,18.015],[-97.796,17.943],[-97.874,17.917],[-97.925,18.036],[-98.149,18.026],[-98.243,17.914],[-98.348,17.892]],[[-96.728,18.41],[-96.8,18.551],[-97.101,18.485],[-97.136,18.65],[-97.287,18.663],[-97.339,18.752],[-97.226,18.892],[-97.264,19.16],[-97.109,19.179],[-96.982,19.281],[-97.209,19.33],[-97.408,19.446],[-97.321,19.481],[-97.392,19.576],[-97.308,19.748],[-97.309,19.897],[-97.136,20.122],[-97.403,20.26],[-97.579,20.119],[-97.605,20.187],[-97.678,20.179],[-97.774,20.273],[-97.778,20.43],[-97.693,20.466],[-97.622,20.421],[-97.559,20.504],[-97.589,20.582],[-97.722,20.611],[-97.779,20.814],[-97.887,20.82],[-97.966,20.682],[-97.946,20.57],[-98,20.484]],[[-96.728,18.41],[-96.634,18.536],[-96.664,18.669],[-96.411,18.539],[-96.357,18.387],[-96.16,18.15],[-95.966,18.166],[-95.838,18.12],[-95.775,17.995],[-95.909,17.756],[-95.77,17.516],[-95.6,17.518],[-95.208,17.732],[-95.255,17.583],[-94.999,17.36],[-94.938,17.217],[-93.873,17.15]],[[-98.348,17.892],[-98.389,17.641],[-98.325,17.317],[-98.228,17.223],[-98.15,17.215],[-98.002,17.015],[-98.079,16.766],[-98.24,16.703],[-98.234,16.581],[-98.346,16.547],[-98.343,16.41],[-98.555,16.318]],[[-101.845,22.017],[-102.049,21.866],[-102.08,21.768],[-102.231,21.678],[-102.468,21.695],[-102.661,21.778],[-102.76,21.749]],[[-101.845,22.017],[-101.98,22.123],[-101.999,22.275],[-102.166,22.374],[-102.211,22.355],[-102.292,22.465],[-102.478,22.315],[-102.676,22.261],[-102.652,22.187],[-102.854,21.893],[-102.847,21.812],[-102.76,21.749]],[[-102.76,21.749],[-102.776,21.608],[-102.641,21.568],[-102.647,21.487],[-102.787,21.295],[-102.815,21.341],[-102.915,21.282],[-103.045,21.288],[-103.06,21.045],[-103.611,21.198],[-103.653,21.265],[-103.747,21.228],[-103.704,21.384],[-103.734,21.525],[-103.644,21.487],[-103.519,21.6],[-103.542,21.79],[-103.401,21.929],[-103.156,21.998],[-103.085,22.086],[-103.131,22.163],[-103.044,22.302],[-103.189,22.322],[-103.185,22.38],[-103.373,22.517],[-103.427,22.41],[-103.359,22.349],[-103.489,22.135],[-103.658,22.117],[-103.683,22.322],[-103.608,22.524],[-103.645,22.589],[-103.728,22.606],[-103.852,22.179],[-103.887,22.467],[-103.779,22.735],[-103.983,22.772],[-103.992,22.574],[-103.927,22.507],[-103.952,22.37],[-104.33,22.264]],[[-104.33,22.264],[-104.311,22.319]],[[-104.33,22.264],[-104.393,22.07],[-104.098,21.784],[-104.21,21.519],[-103.945,21.375],[-104.04,21.22],[-104.224,21.169],[-104.208,20.993],[-104.286,20.708],[-104.523,20.907],[-104.778,21.021],[-104.924,20.931],[-105.095,20.918],[-105.291,20.685]],[[-102.1,20.387],[-102.421,20.343],[-102.65,20.223],[-103.078,20.105],[-103.036,19.97],[-102.763,19.952],[-102.707,19.862],[-102.817,19.79],[-102.739,19.598],[-102.746,19.476],[-102.607,19.49],[-102.549,19.387],[-102.658,19.231],[-102.751,19.259],[-102.884,19.203],[-102.967,19.074],[-103.149,18.954],[-103.282,19.053],[-103.348,18.978],[-103.478,18.966]],[[-100.624,18.871],[-100.448,18.839],[-100.43,18.637],[-100.303,18.39],[-100.148,18.491],[-100.071,18.61],[-99.85,18.663],[-99.785,18.622],[-99.66,18.764],[-99.495,18.674]],[[-100.624,18.871],[-100.685,18.794],[-100.735,18.857],[-100.789,18.801],[-100.745,18.734],[-100.742,18.524],[-100.6,18.4],[-100.632,18.337],[-100.689,18.326],[-100.7,18.441],[-100.818,18.498],[-100.953,18.466],[-101.024,18.539],[-101.257,18.537],[-101.515,18.478],[-101.645,18.58],[-101.802,18.588],[-101.881,18.523],[-101.876,18.295],[-101.931,18.208],[-102.164,18.154],[-102.169,17.921]],[[-99.495,18.674],[-99.472,18.8],[-99.308,18.935],[-99.332,19.089],[-99.285,19.142]],[[-103.478,18.966],[-103.525,19.093],[-103.491,19.311],[-103.649,19.501],[-103.833,19.398],[-104.056,19.537],[-104.215,19.32],[-104.421,19.288],[-104.475,19.23],[-104.536,19.249],[-104.593,19.15]],[[-93.873,17.15],[-93.59,17.376]],[[-93.59,17.376],[-93.414,17.638],[-93.271,17.994],[-93.088,17.9],[-92.998,17.933],[-92.983,17.542],[-92.91,17.526],[-92.755,17.364],[-92.383,17.623],[-92.343,17.713],[-92.081,17.787],[-91.996,17.905],[-91.943,17.854],[-91.819,17.885],[-91.794,17.729],[-91.698,17.714],[-91.645,17.525],[-91.501,17.464],[-91.492,17.401],[-91.387,17.333],[-91.433,17.255]],[[-106.937,25.642],[-107.255,25.863],[-107.361,26.107],[-107.776,26.201],[-107.835,26.6],[-108,26.815],[-108.021,26.92],[-108.374,27.077],[-108.473,26.99]],[[-106.937,25.642],[-107.083,25.465],[-107.126,25.237],[-107.036,24.92],[-106.932,24.8],[-106.756,24.704],[-106.606,24.381],[-106.525,24.306],[-106.405,24.29],[-106.309,24.374],[-106.196,24.39],[-106.035,24.261],[-105.948,24.073],[-105.862,24.064],[-105.922,23.902],[-105.853,23.601],[-105.726,23.487],[-105.688,23.297],[-105.622,23.228],[-105.515,23.146],[-105.392,23.15],[-105.389,23.033]],[[-106.937,25.642],[-106.74,25.622],[-106.544,25.78],[-106.512,26.022],[-106.41,26.051],[-106.378,26.132],[-106.432,26.362],[-106.196,26.445],[-106.225,26.56],[-106.166,26.621],[-106.158,26.742],[-106.092,26.735],[-106.028,26.839],[-105.808,26.693],[-105.68,26.699],[-105.578,26.587],[-105.327,26.459],[-105.117,26.552],[-105.026,26.459],[-104.988,26.504],[-104.833,26.487],[-104.557,26.341],[-104.155,26.768],[-103.988,26.775],[-103.627,26.644]],[[-105.389,23.033],[-105.179,23.032],[-104.945,22.916],[-104.889,22.79],[-104.989,22.692],[-104.997,22.543],[-104.754,22.674],[-104.659,22.617],[-104.614,22.481],[-104.533,22.427],[-104.335,22.475],[-104.311,22.319]],[[-105.389,23.033],[-105.452,23.024],[-105.445,22.914],[-105.577,22.77],[-105.487,22.684],[-105.443,22.515],[-105.677,22.535],[-105.679,22.449],[-105.724,22.51]],[[97.639,46.605],[97.692,46.327],[97.982,46.101],[98.15,46.053],[98.377,45.836],[98.479,45.451],[98.348,45.079],[98.225,44.947],[98.217,44.569],[97.943,44.372],[97.978,43.996],[97.941,43.6],[97.798,43.279],[97.85,42.723]],[[97.639,46.605],[97.394,46.673],[97.239,46.588],[96.987,46.61],[96.835,46.893],[96.68,46.941],[96.385,46.887],[96.32,47.08],[96.18,47.257],[95.47,47.574],[95.11,47.562],[94.968,47.676],[94.51,47.687],[94.146,47.778],[93.732,47.65],[93.488,47.631]],[[93.488,47.631],[93.279,47.849],[93.191,48.089],[93.466,48.266],[93.503,48.363],[93.456,48.398]],[[93.488,47.631],[93.54,47.505],[94.034,47.243],[94.083,47.078],[94.264,46.828],[93.783,46.586],[93.534,46.571],[93.63,46.35],[93.404,46.011],[93.409,45.924],[93.118,45.702],[93.129,45.328],[93.076,45.005]],[[93.456,48.398],[93.516,48.504],[93.715,48.658],[94.13,48.803],[94.794,48.687],[95.095,48.724],[95.365,48.841],[95.522,48.858],[95.573,48.943],[95.599,49.194],[95.69,49.362],[95.518,49.495],[95.462,49.606],[95.477,49.894]],[[93.456,48.398],[93.256,48.5],[93.21,48.603],[93.075,48.663],[92.954,48.658],[92.768,48.56],[92.294,48.636],[92.209,48.605],[92.084,48.76],[91.979,48.762],[91.857,48.974],[91.642,48.922],[91.347,48.701]],[[91.347,48.701],[91.098,48.702],[90.686,48.583],[90.795,48.526],[90.845,48.432],[90.791,48.311],[90.834,48.129],[90.964,48.032],[91.185,47.656],[91.258,47.497],[91.242,47.389],[91.469,47.178],[91.418,46.975],[91.887,46.664],[91.84,46.623],[91.505,46.642],[91.417,46.56],[91.269,46.66],[91.014,46.69]],[[91.347,48.701],[91.296,48.873],[91.085,48.987],[90.913,49.207],[90.899,49.298],[90.683,49.324],[90.636,49.427],[90.307,49.57],[90.098,49.957],[89.997,50.004]],[[-103.627,26.644],[-103.963,27.919],[-103.312,29.026]],[[-103.627,26.644],[-103.326,26.409],[-103.27,26.313],[-103.35,26.074],[-103.32,25.699],[-103.488,25.541],[-103.424,25.417],[-103.506,25.281],[-103.275,25.072],[-103.226,24.887],[-102.843,24.728],[-102.839,24.899],[-102.668,25.079]],[[-102.668,25.079],[-102.492,24.824],[-102.493,24.46],[-102.801,24.41],[-103.282,24.483],[-103.398,24.425],[-103.413,24.36],[-103.516,24.341],[-103.67,24.162],[-103.847,24.071],[-103.839,23.945],[-103.905,23.925],[-103.81,23.671],[-103.833,23.63],[-103.918,23.653],[-103.952,23.551],[-104.104,23.45],[-104.134,23.187],[-104.189,23.118],[-104.209,22.644],[-104.311,22.319]],[[-98.143,19.673],[-98.252,19.72],[-98.346,19.595],[-98.487,19.644],[-98.659,19.586]],[[-98.143,19.673],[-98.251,19.849],[-98.101,20.102],[-98.135,20.21],[-98.246,20.202],[-98.276,20.242],[-98,20.484]],[[-98.964,19.089],[-98.967,19.303],[-99.059,19.377],[-99.039,19.427],[-99.124,19.571],[-99.26,19.361],[-99.309,19.363],[-99.335,19.247],[-99.285,19.142]],[[-98.964,19.089],[-99.043,19.058],[-99.285,19.142]],[[-98.616,22.419],[-98.309,22.4],[-98.29,22.467],[-98.198,22.481],[-98.093,22.373],[-97.909,22.319],[-97.863,22.22],[-97.782,22.273]],[[-108.473,26.99],[-108.574,27.043],[-108.687,27.204],[-108.637,27.314],[-108.66,27.525],[-108.779,27.622],[-108.763,27.675],[-108.906,27.836],[-109.013,27.894],[-109.154,28.199],[-109.051,28.284],[-108.64,28.239],[-108.54,28.32],[-108.646,28.608],[-108.61,28.743],[-108.708,29.401],[-108.613,29.408],[-108.537,30.039],[-108.583,30.507],[-109.04,30.814],[-108.968,31.327]],[[-89.415,19.651],[-89.135,19.405],[-89.014,19.218],[-89.109,18.691],[-89.045,18.492],[-89.036,18.203],[-89.154,18.031],[-89.146,17.951]],[[-92.479,18.65],[-92.368,18.461],[-92.149,18.462],[-92.156,18.169],[-91.891,17.967],[-91.633,17.951],[-91.589,18.098],[-91.477,18.102],[-90.992,17.968],[-90.991,17.802]],[[-14.173,21.144],[-15.84,21.151],[-15.578,20.737],[-16.326,19.455]],[[-14.173,21.144],[-14.296,21.333]],[[-14.173,21.144],[-14.222,19.001]],[[-14.222,19.001],[-16.21,18.996]],[[-14.222,19.001],[-13.244,19.001],[-12.669,18.557]],[[-16.06,18.391],[-15.781,18.393],[-15.781,17.887],[-16.032,17.886]],[[-12.669,18.557],[-12.342,18.9],[-11.678,19.32],[-11.451,19.203],[-11.423,19.409],[-11.035,19.711],[-7.988,19.725]],[[-12.669,18.557],[-13.734,17.8],[-13.959,17.604],[-14.32,17.088],[-14.949,16.671]],[[-12.669,18.557],[-12.479,18.274],[-12.545,17.492],[-12.31,17.275]],[[-6.506,24.276],[-10.788,21.52],[-12.378,21.352],[-13.032,21.582]],[[-7.988,19.725],[-6.372,23.124]],[[-7.988,19.725],[-9.15,17.282]],[[-11.079,17.723],[-10.333,17.518],[-9.723,17.556],[-9.15,17.282]],[[-11.079,17.723],[-10.971,18.311],[-11.136,18.241],[-11.212,18.096],[-11.486,18.078],[-11.581,17.985],[-11.415,17.633],[-11.515,17.557],[-11.469,17.51],[-11.509,17.493],[-11.527,17.177],[-11.57,17.124],[-11.753,17.139],[-11.91,17.086],[-12.214,17.187],[-12.31,17.275]],[[-11.079,17.723],[-10.987,17.356],[-10.99,16.816],[-10.883,16.724],[-10.839,16.614],[-10.7,16.595],[-10.872,16.465],[-10.81,16.423],[-10.845,16.302],[-10.76,16.185],[-10.779,16.045],[-10.667,15.938],[-10.585,15.428]],[[-9.15,17.282],[-8.598,17.351],[-8.289,17.023],[-8.894,16.392],[-8.869,16.322],[-9.067,16.062],[-8.97,15.857],[-8.959,15.539],[-9.003,15.496]],[[-12.31,17.275],[-12.518,17.121],[-12.728,17.047],[-12.823,16.858]],[[-12.823,16.858],[-12.832,16.674],[-12.736,16.553],[-12.762,16.459],[-12.658,16.485],[-12.429,16.443],[-12.428,16.205],[-12.256,16.237],[-12.222,16.122],[-12.01,16.052],[-12.005,15.939]],[[-12.823,16.858],[-12.932,16.616],[-13.11,16.576],[-13.182,16.414],[-13.632,16.29],[-13.649,16.206],[-13.718,16.159]],[[-12.005,15.939],[-11.834,15.909],[-11.813,16.055],[-11.5,15.969],[-11.651,15.726],[-11.702,15.537]],[[-12.005,15.939],[-12.238,15.881],[-12.463,15.659],[-12.675,15.337],[-12.747,15.131]],[[-4.464,12.717],[-4.612,12.703],[-4.629,12.756],[-4.776,12.623],[-5.065,12.575],[-5.145,12.744],[-5.269,12.796],[-5.434,12.607],[-5.579,12.817],[-5.896,12.652],[-5.981,12.673],[-6.261,12.555]],[[-6.261,12.555],[-6.211,12.401],[-6.07,12.308],[-5.951,12.3],[-5.945,12.212],[-5.982,12.122],[-6.145,12.093],[-6.153,12.013],[-6.252,12.077],[-6.347,12.027],[-6.334,11.905],[-6.469,11.653],[-6.543,11.67],[-6.553,11.746],[-6.947,11.862],[-6.968,11.978],[-7.079,12.012],[-7.05,12.173],[-7.116,12.433],[-7.289,12.306],[-7.319,12.227],[-7.48,12.148],[-7.576,11.981],[-8.071,11.686],[-8.206,11.705],[-8.431,11.642],[-8.539,11.456]],[[-6.261,12.555],[-6.354,12.592],[-6.39,12.7],[-6.469,12.681],[-6.512,12.766],[-6.625,12.809],[-6.881,12.765],[-6.886,12.908],[-7.019,12.945],[-7.081,13.016],[-6.971,13.301],[-6.743,13.383],[-6.717,13.452],[-6.783,13.624],[-6.9,13.749],[-6.9,13.998],[-6.617,14.47],[-6.459,14.446],[-6.382,14.536],[-6.436,14.781],[-6.545,14.944],[-6.405,15.168],[-6.32,15.495]],[[-9.141,15.496],[-8.804,15.245],[-8.741,15.026],[-8.507,14.963],[-8.485,14.733],[-8.15,14.488],[-8.132,14.34],[-8.472,14.301],[-8.571,14.413],[-8.65,14.314],[-8.809,14.288],[-8.758,14.137],[-8.819,14.106],[-8.847,13.969],[-8.704,13.85],[-8.618,13.837],[-8.566,13.946],[-8.465,13.923],[-8.458,13.823],[-8.555,13.683],[-8.541,13.569],[-8.449,13.423],[-8.561,13.197],[-8.571,13.007],[-8.634,12.885],[-8.598,12.807],[-8.891,12.65],[-9.003,12.523],[-9.028,12.405]],[[-0.885,18.955],[0.065,18.708],[0.57,18.134],[1.204,17.629],[1.798,17.757],[1.976,17.975],[4.232,17.975]],[[-0.885,18.955],[-0.964,19.064],[-2.043,19.916],[-1.321,20.282],[-0.222,21.153],[0.004,21.849]],[[-0.885,18.955],[-0.935,17.886],[-1.707,17.515],[-1.609,17.036],[-0.683,16.933],[-0.694,16.047],[-0.5,15.08]],[[-5.509,15.507],[-5.357,15.553]],[[-5.357,15.553],[-5.343,15.499],[-5.184,15.471],[-5.1,15.196],[-5.272,14.973],[-5.546,14.931],[-5.664,14.532],[-5.283,14.299],[-5.187,14.171],[-5.208,13.99],[-5.051,13.946],[-4.854,13.969],[-4.855,13.589],[-4.683,13.635],[-4.603,13.575],[-4.387,13.647],[-4.283,13.836],[-4.114,13.938],[-3.958,13.598],[-3.965,13.489]],[[-5.357,15.553],[-5.23,15.674],[-5.151,15.609],[-4.688,15.581],[-4.239,15.719],[-4.135,15.81],[-3.983,15.825],[-3.955,15.735],[-3.869,15.672],[-3.845,15.494],[-3.642,15.491],[-3.49,15.6],[-3.482,15.733],[-3.33,15.771],[-3.202,15.895],[-3.156,15.833],[-2.924,15.854],[-2.772,15.717],[-2.597,15.369],[-2.532,15.322],[-2.45,15.304],[-1.989,15.428],[-1.686,15.431],[-1.386,15.322],[-1.214,15.179],[-0.771,15.057]],[[21.02,41.953],[21.071,41.857],[21.184,41.839]],[[21.02,41.953],[20.958,41.953]],[[21.02,41.953],[21.031,42.007]],[[21.184,41.839],[21.079,41.777]],[[21.184,41.839],[21.234,41.817]],[[21.079,41.777],[20.956,41.849]],[[21.079,41.777],[21.03,41.728],[21.053,41.648]],[[21.234,41.817],[21.217,41.878]],[[21.234,41.817],[21.346,41.728]],[[21.053,41.648],[21.101,41.58]],[[21.053,41.648],[20.985,41.624]],[[21.101,41.58],[21.148,41.528],[21.076,41.467]],[[21.101,41.58],[21.005,41.504]],[[21.217,41.878],[21.138,41.99]],[[21.217,41.878],[21.36,41.948]],[[21.346,41.728],[21.395,41.664]],[[21.346,41.728],[21.333,41.8],[21.38,41.855],[21.337,41.885],[21.44,41.888],[21.447,41.925]],[[21.36,41.948],[21.428,41.945]],[[21.36,41.948],[21.359,41.985]],[[21.428,41.945],[21.447,41.925]],[[21.428,41.945],[21.428,41.955]],[[21.423,42.032],[21.389,42.029]],[[21.423,42.032],[21.486,42.142]],[[21.423,42.032],[21.389,42.029]],[[21.446,41.997],[21.428,42.003]],[[21.446,41.997],[21.511,42.102]],[[21.446,41.997],[21.444,41.983]],[[21.438,41.983],[21.427,41.987]],[[21.438,41.983],[21.434,41.972]],[[21.438,41.983],[21.444,41.983]],[[21.427,41.987],[21.428,42.003]],[[21.427,41.987],[21.428,41.955]],[[21.428,42.003],[21.382,42.022]],[[20.967,41.55],[20.985,41.624]],[[20.967,41.55],[21.005,41.504]],[[20.967,41.55],[20.897,41.521]],[[20.985,41.624],[20.897,41.665]],[[21.374,41.593],[21.328,41.49],[21.26,41.472]],[[21.374,41.593],[21.395,41.664]],[[21.374,41.593],[21.603,41.444]],[[21.26,41.472],[21.195,41.429]],[[21.26,41.472],[21.31,41.375]],[[21.31,41.375],[21.41,41.351]],[[21.31,41.375],[21.335,41.263]],[[21.41,41.351],[21.603,41.444]],[[21.41,41.351],[21.414,41.271],[21.365,41.246]],[[21.365,41.246],[21.335,41.263]],[[21.365,41.246],[21.599,41.155]],[[21.335,41.263],[21.314,41.21]],[[21.395,41.664],[21.483,41.745]],[[21.603,41.444],[21.722,41.474],[21.772,41.441]],[[21.816,41.488],[21.81,41.457]],[[21.816,41.488],[21.983,41.553]],[[21.816,41.488],[21.773,41.602]],[[21.81,41.457],[21.949,41.441],[21.984,41.503]],[[21.81,41.457],[21.772,41.441]],[[21.983,41.553],[21.984,41.503]],[[21.983,41.553],[22.025,41.546],[22.031,41.597],[21.979,41.599],[22.011,41.653]],[[21.984,41.503],[22.044,41.496],[22.085,41.349]],[[20.81,41.615],[20.897,41.521]],[[20.81,41.615],[20.897,41.665]],[[20.81,41.615],[20.804,41.507],[20.729,41.479]],[[20.897,41.521],[20.975,41.469]],[[20.687,41.423],[20.889,41.422],[20.956,41.324]],[[20.687,41.423],[20.685,41.425]],[[20.687,41.423],[20.76,41.274],[20.741,41.171],[20.654,41.075]],[[20.956,41.324],[21.139,41.385]],[[20.956,41.324],[21.032,41.225]],[[21.511,42.102],[21.486,42.142]],[[21.511,42.102],[21.541,42.07]],[[21.444,41.983],[21.554,41.928]],[[21.195,41.429],[21.144,41.481],[21.076,41.467]],[[21.195,41.429],[21.134,41.405]],[[21.314,41.21],[21.364,41.086],[21.43,41.084]],[[21.314,41.21],[21.29,41.219]],[[21.134,41.405],[21.139,41.385]],[[21.134,41.405],[21.071,41.429]],[[21.139,41.385],[21.269,41.296],[21.29,41.219]],[[21.032,41.225],[20.828,41.244],[20.664,41.059]],[[21.032,41.225],[21.039,41.212]],[[21.29,41.219],[21.097,41.126]],[[21.434,41.972],[21.428,41.955]],[[21.434,41.972],[21.536,41.919]],[[21.554,41.928],[21.572,41.91]],[[21.554,41.928],[21.536,41.919]],[[21.447,41.925],[21.502,41.89],[21.536,41.919]],[[21.483,41.745],[21.571,41.74]],[[21.483,41.745],[21.473,41.824],[21.586,41.895]],[[21.572,41.91],[21.583,41.92]],[[21.572,41.91],[21.586,41.895]],[[22.256,41.948],[22.188,41.891],[22.225,41.849]],[[22.256,41.948],[22.337,42.026]],[[22.256,41.948],[22.33,41.917],[22.356,41.847]],[[22.225,41.849],[22.147,41.86]],[[22.225,41.849],[22.391,41.792]],[[21.54,41.987],[21.541,42.07]],[[21.54,41.987],[21.583,41.92]],[[21.54,41.987],[21.634,42.04]],[[21.541,42.07],[21.604,42.059]],[[21.571,41.74],[21.773,41.602]],[[21.571,41.74],[21.627,41.82]],[[21.586,41.895],[21.637,41.883],[21.627,41.82]],[[21.005,41.504],[20.975,41.469]],[[20.975,41.469],[21.005,41.412],[21.071,41.429]],[[21.076,41.467],[21.04,41.465],[21.071,41.429]],[[21.583,41.92],[21.674,41.934],[21.687,41.984]],[[21.627,41.82],[21.721,41.805],[21.737,41.887],[21.803,41.912]],[[21.849,41.835],[22.014,41.733]],[[21.849,41.835],[21.816,41.801],[21.861,41.712]],[[21.849,41.835],[21.803,41.912]],[[22.014,41.733],[21.941,41.705],[21.961,41.664]],[[22.014,41.733],[22.046,41.721],[22.099,41.868]],[[22.099,41.868],[22.025,42]],[[22.099,41.868],[22.147,41.86]],[[22.025,42],[22.238,42.012],[22.249,42.051],[22.337,42.026]],[[22.025,42],[21.986,42]],[[21.803,41.912],[21.813,41.942]],[[21.813,41.942],[21.687,41.984]],[[21.813,41.942],[21.867,41.997],[21.986,42]],[[21.773,41.602],[21.861,41.712]],[[22.011,41.653],[22.26,41.544]],[[22.011,41.653],[21.961,41.664]],[[21.861,41.712],[21.9,41.652],[21.961,41.664]],[[22.337,42.026],[22.347,42.094]],[[21.986,42],[21.923,42.052],[21.946,42.097]],[[21.634,42.04],[21.604,42.059]],[[21.634,42.04],[21.687,41.984]],[[22.147,41.86],[22.141,41.781],[22.401,41.713]],[[22.391,41.792],[22.356,41.847]],[[22.391,41.792],[22.447,41.789]],[[22.26,41.544],[22.3,41.489]],[[22.26,41.544],[22.323,41.599]],[[22.401,41.713],[22.446,41.77]],[[22.401,41.713],[22.295,41.666],[22.323,41.599]],[[22.356,41.847],[22.435,41.869]],[[22.347,42.094],[22.203,42.12]],[[22.347,42.094],[22.417,42.1]],[[22.447,41.789],[22.446,41.77]],[[22.447,41.789],[22.435,41.869]],[[22.435,41.869],[22.454,41.951],[22.518,41.945]],[[21.772,41.441],[21.817,41.429],[21.822,41.287],[21.883,41.265],[21.926,41.107]],[[22.085,41.349],[22.134,41.351],[22.187,41.473],[22.3,41.489]],[[22.085,41.349],[22.188,41.279],[22.282,41.306]],[[21.039,41.212],[21.097,41.126]],[[21.039,41.212],[20.904,41.122],[20.837,40.924]],[[21.43,41.084],[21.541,41.093],[21.599,41.155]],[[21.43,41.084],[21.506,40.901]],[[21.097,41.126],[21.074,41.047],[21.245,40.942],[21.246,40.863]],[[21.599,41.155],[21.896,41.065]],[[20.729,41.479],[20.685,41.425]],[[20.729,41.479],[20.535,41.587]],[[20.685,41.425],[20.678,41.425]],[[20.482,41.468],[20.61,41.523],[20.678,41.425]],[[20.678,41.425],[20.539,41.403]],[[20.897,41.665],[20.794,41.773],[20.669,41.755],[20.55,41.8]],[[22.786,41.397],[22.797,41.337]],[[22.786,41.397],[22.858,41.517]],[[22.786,41.397],[22.686,41.421],[22.674,41.473]],[[22.944,41.523],[22.858,41.517]],[[22.858,41.517],[22.728,41.569]],[[22.3,41.489],[22.33,41.425]],[[22.282,41.306],[22.302,41.256],[22.214,41.161]],[[22.282,41.306],[22.347,41.327],[22.337,41.378]],[[22.762,41.323],[22.536,41.33],[22.532,41.4],[22.446,41.446]],[[22.566,41.241],[22.657,41.177]],[[22.566,41.241],[22.742,41.287]],[[22.566,41.241],[22.505,41.213]],[[22.446,41.446],[22.509,41.467]],[[22.446,41.446],[22.33,41.425]],[[22.33,41.425],[22.337,41.378]],[[22.337,41.378],[22.468,41.313],[22.505,41.213]],[[22.505,41.213],[22.518,41.151],[22.587,41.124]],[[22.758,41.789],[22.786,41.728],[22.985,41.677]],[[22.758,41.789],[22.674,41.807]],[[22.758,41.789],[22.882,41.872]],[[22.417,42.1],[22.518,41.945]],[[22.417,42.1],[22.507,42.149]],[[22.518,41.945],[22.606,41.982]],[[22.674,41.807],[22.621,41.727]],[[22.674,41.807],[22.713,41.898],[22.609,41.927],[22.606,41.982]],[[22.606,41.982],[22.627,42.079]],[[22.024,42.164],[21.946,42.097]],[[22.024,42.164],[22.142,42.089],[22.203,42.12]],[[22.024,42.164],[22.045,42.302]],[[21.946,42.097],[21.785,42.104],[21.782,42.232],[21.72,42.261]],[[22.203,42.12],[22.192,42.267],[22.138,42.319]],[[22.446,41.77],[22.621,41.727]],[[22.621,41.727],[22.629,41.634]],[[21.604,42.059],[21.686,42.167],[21.677,42.235]],[[22.674,41.473],[22.509,41.467]],[[22.674,41.473],[22.728,41.569]],[[22.728,41.569],[22.629,41.634]],[[20.956,41.849],[20.948,41.873]],[[20.956,41.849],[20.847,41.804],[20.714,41.859]],[[22.323,41.599],[22.504,41.507]],[[22.629,41.634],[22.578,41.603],[22.6,41.527],[22.535,41.55],[22.504,41.507]],[[22.509,41.467],[22.504,41.507]],[[20.958,41.953],[20.987,41.921],[20.948,41.873]],[[20.958,41.953],[20.847,41.988],[20.751,41.94]],[[21.031,42.007],[21.138,41.99]],[[21.031,42.007],[21.029,42.014]],[[20.948,41.873],[20.751,41.91]],[[20.904,42.117],[21.029,42.014]],[[21.029,42.014],[21.131,42.085],[21.041,42.16]],[[21.138,41.99],[21.189,42.051],[21.15,42.078],[21.229,42.104]],[[21.359,41.985],[21.359,42.029]],[[21.359,41.985],[21.246,42.096]],[[21.486,42.142],[21.516,42.181],[21.472,42.239]],[[21.382,42.022],[21.389,42.029]],[[21.382,42.022],[21.359,42.029]],[[21.359,42.029],[21.301,42.098]],[[13.251,32.317],[12.82,32.26]],[[13.251,32.317],[13.363,32.202],[13.398,32.051]],[[13.251,32.317],[13.236,32.334]],[[12.82,32.26],[12.649,32.233],[12.402,32.304],[11.863,32.308]],[[12.82,32.26],[12.823,32.407],[12.898,32.56],[12.969,32.669],[13.076,32.721]],[[14.42,29.209],[14.752,29.405],[14.737,29.683],[14.854,29.862]],[[14.42,29.209],[14.422,29.264],[14.287,29.401],[13.911,29.568],[13.659,29.422],[13.208,28.843],[12.79,28.563],[12.688,28.43],[12.502,28.466],[12.492,28.543],[11.983,28.647],[11.952,28.595]],[[14.42,29.209],[14.423,28.878],[14.527,28.719],[14.959,28.408],[15.018,28.145],[15.249,28.141],[15.38,28.207],[15.59,28.215],[15.792,28.156],[15.879,28.079],[15.894,27.996],[15.796,27.721]],[[14.854,29.862],[14.98,30.017],[14.95,30.409],[14.212,30.721],[13.934,31.243],[13.798,31.323],[13.632,31.508],[13.398,32.051]],[[14.854,29.862],[15.052,29.702],[15.567,29.587],[15.741,29.394],[15.88,29.377],[16.136,29.5],[16.419,29.409]],[[16.419,29.409],[16.981,29.431],[17.088,29.347],[17.334,29.283],[17.505,29.394],[17.58,29.395],[17.898,28.985],[17.982,28.733],[18.225,28.555],[18.499,28.502]],[[16.419,29.409],[16.531,29.633],[16.116,31.049],[16.137,31.261]],[[18.499,28.502],[18.514,29.165],[18.58,29.369],[18.699,29.517],[18.79,30.371]],[[18.499,28.502],[19.172,28.347],[19.17,27.013]],[[13.398,32.051],[13.834,32.101],[13.992,32.074],[14.122,32.143],[14.365,31.977],[14.667,31.968],[14.755,32.179],[14.722,32.345],[14.756,32.45]],[[13.236,32.334],[13.188,32.39],[13.163,32.649],[13.076,32.721]],[[13.236,32.334],[13.385,32.383],[13.451,32.529],[13.809,32.621],[13.954,32.758]],[[22.112,31.12],[21.918,31.282],[22.001,31.788],[21.959,32.319],[22.033,32.553],[21.969,32.756],[21.986,32.913]],[[22.112,31.12],[21.717,31.066]],[[22.112,31.12],[22.259,31.145],[22.619,30.829],[22.969,30.799]],[[22.969,30.799],[22.985,31.404],[23.071,31.512],[23.118,31.848],[23.251,32.217]],[[22.969,30.799],[23.057,30.77],[23.062,28.139],[24.981,28.097]],[[21.717,31.066],[21.319,31.035]],[[15.796,27.721],[16.023,27.306],[16.258,27.152],[16.28,27.075]],[[15.796,27.721],[15.564,27.741],[15.354,27.664],[15.068,27.632],[14.921,27.574],[14.849,27.46],[14.421,27.173],[13.983,27.129]],[[16.28,27.075],[16.278,26.846],[16.52,26.701],[16.621,26.426],[16.94,26.163],[17.41,26.052],[17.778,26.157],[17.954,26.294],[18.204,26.376],[18.321,26.329],[18.515,26.15],[19.168,26.004]],[[16.28,27.075],[14.828,26.758],[14.424,26.376],[14.133,26.268],[13.934,26.247]],[[13.983,27.129],[14.045,26.988],[14.038,26.857],[14.146,26.671],[13.972,26.462],[13.934,26.247]],[[13.983,27.129],[13.191,27.292],[13.012,27.25],[11.375,26.217]],[[13.934,26.247],[13.482,26.118],[13.205,25.877],[12.966,25.861],[12.625,25.721],[12.364,25.732],[12.16,25.576],[11.858,25.548],[11.594,25.652],[11.4,25.551]],[[11.952,28.595],[11.897,28.859],[11.729,29.087],[11.59,30.542],[11.963,31.081],[11.837,31.336],[11.823,31.962],[11.863,32.308]],[[11.952,28.595],[11.898,28.529],[11.725,28.61],[11.492,28.603],[11.324,28.545],[11.016,28.642],[10.91,28.845],[10.441,28.625],[10.138,28.717],[9.827,28.619]],[[11.375,26.217],[11.164,27.326],[11.107,27.436],[10.892,27.531],[10.273,27.667],[9.931,27.819]],[[11.375,26.217],[11.304,25.749],[11.4,25.551]],[[19.168,26.004],[19.17,27.013]],[[19.168,26.004],[19.186,21.864]],[[11.4,25.551],[11.333,25.389],[11.334,24.797],[11.455,24.594],[11.467,24.326]],[[11.863,32.308],[11.643,32.322],[11.526,32.418]],[[19.17,27.013],[24.981,27.049]],[[13.076,32.721],[13.103,32.877]],[[103.138,19.915],[103.169,20.1],[103.114,20.176],[103.236,20.312],[103.245,20.414],[103.177,20.475],[103.214,20.666],[103.389,20.794]],[[103.138,19.915],[103.471,19.868],[103.687,19.93],[103.695,19.992],[103.795,20.028],[103.888,19.95],[103.875,19.846],[103.952,19.783],[104.083,19.864],[104.174,19.849],[104.205,19.902],[104.2,19.699]],[[103.138,19.915],[102.953,19.819],[102.944,19.725],[102.867,19.719],[102.671,19.526],[102.673,19.422],[102.746,19.314]],[[102.926,21.141],[102.814,21.14],[102.787,21.032],[102.509,20.869],[102.309,20.962]],[[102.309,20.962],[102.354,20.721],[102.304,20.639],[102.236,20.63],[102.143,20.409],[102.195,20.145],[101.865,19.957],[101.708,19.931]],[[102.309,20.962],[101.821,21.221]],[[101.708,19.931],[101.772,19.853],[101.747,19.681],[101.824,19.65],[101.821,19.467],[101.906,19.403],[101.824,19.279],[101.81,19.05]],[[101.708,19.931],[101.559,19.823],[101.258,19.821],[101.131,19.889],[101.009,19.834],[100.763,19.871]],[[101.768,21.16],[101.753,21.03],[101.62,20.939],[101.623,20.87],[101.526,20.855],[101.409,20.732],[101.561,20.633],[101.54,20.476],[101.455,20.356],[101.229,20.308]],[[101.229,20.308],[101.044,20.322],[100.966,20.476],[100.832,20.5],[100.789,20.662],[100.608,20.84]],[[101.229,20.308],[101.244,20.136],[101.207,20.089],[101.043,20.112],[100.937,19.997],[100.742,19.957],[100.763,19.871]],[[102.746,19.314],[102.576,19.224],[102.446,19.335],[102.46,19.368],[102.127,19.402],[101.957,19.153],[101.81,19.05]],[[102.746,19.314],[102.905,19.202],[103.092,19.148],[103.508,19.149],[103.582,19.086],[103.861,19.031],[103.885,18.877]],[[103.885,18.877],[103.775,18.827],[103.571,18.95],[103.484,18.93],[103.499,18.669],[103.438,18.59],[103.289,18.533],[102.822,18.511],[102.902,18.393],[102.904,18.294]],[[103.885,18.877],[104.037,18.812],[104.122,18.826],[104.253,18.984],[104.26,19.104]],[[105.592,15.428],[106.073,15.46],[106.075,15.362],[106.161,15.288],[106.373,15.4]],[[106.373,15.4],[106.666,15.222],[106.684,15.138]],[[106.373,15.4],[106.317,15.42],[106.328,15.504],[106.691,15.559],[106.699,15.716],[106.652,15.776],[106.804,15.962],[106.818,16.049],[106.984,16.039],[107.069,16.078],[107.136,16.185]],[[106.684,15.138],[106.761,15.124],[106.822,15.016],[106.819,14.895],[106.756,14.886],[106.691,14.786],[106.505,14.802],[106.502,14.962],[106.432,14.954],[106.371,15.006],[106.173,14.827],[106.191,14.726],[106.341,14.528],[106.34,14.449]],[[106.684,15.138],[106.791,15.255],[106.945,15.229],[107.169,15.276],[107.347,15.166],[107.461,15.181],[107.502,15.044]],[[106.404,17.015],[106.255,17.032],[106.126,17.107],[106.094,17.059],[105.993,17.045],[105.691,17.117],[105.634,17.043],[105.484,17.1],[105.228,17.056],[105.165,17.111],[104.84,17.077],[104.794,16.994],[104.831,16.99],[104.832,16.907],[104.746,16.944]],[[106.752,16.428],[106.792,16.368],[106.665,16.32],[106.63,16.193],[106.315,16.142],[106.304,16.1],[106.251,16.167],[106.164,16.177],[106.121,16.143],[106.14,15.991],[105.983,15.958],[105.893,15.88],[105.423,16.005]],[[100.763,19.871],[100.55,19.786],[100.408,19.794]],[[101.81,19.05],[101.803,18.886],[101.862,18.793],[101.811,18.622],[101.73,18.488],[101.645,18.458],[101.403,18.182],[101.424,17.929],[101.456,17.877],[101.551,17.875],[101.546,17.814]],[[103.091,18.136],[103.09,18.136]],[[105.257,18.247],[105.132,17.991],[105.04,17.941],[104.831,18.004],[104.793,18.076],[104.55,18.23],[104.433,18.185],[104.282,17.861]],[[102.904,18.294],[102.539,18.237],[102.489,18.298],[102.288,18.336],[102.175,18.435],[102.051,18.417],[102.056,18.192]],[[102.904,18.294],[102.996,18.251],[103.005,18.125],[103.068,18.168],[103.088,18.139]],[[66.053,52.402],[66.092,52.728],[66.17,52.779],[66.181,52.854],[66.106,53.01],[66.163,53.079],[66.474,53.139],[66.325,53.256],[66.288,53.48],[66.159,53.495],[66.12,53.58],[66.212,53.64],[66.231,53.744],[66.095,53.811],[66.02,53.994],[66.372,54.102],[66.112,54.266],[66.229,54.297],[66.098,54.637]],[[66.053,52.402],[66.037,52.178],[65.957,52.12],[65.861,51.894],[65.708,51.789],[65.444,51.755],[65.43,51.694],[65.645,51.557],[65.592,51.373],[65.62,51.353],[65.503,51.262],[65.533,51.166],[65.708,50.974],[65.721,50.794],[65.85,50.8],[65.941,50.885],[66.06,50.897],[66.155,50.854],[66.176,50.791],[66.314,50.773],[66.477,50.664],[66.835,50.587],[67.125,50.618],[67.233,50.563],[67.188,50.432],[67.334,50.332],[68.097,50.506]],[[66.053,52.402],[66.235,52.369],[66.31,52.296],[66.641,52.321],[66.691,52.251],[67.148,52.208],[67.453,52.235],[67.466,52.383],[67.573,52.396],[68.026,52.264],[68.047,52.32],[68.225,52.406],[68.147,52.512],[68.46,52.577],[68.575,52.696],[68.854,52.799],[68.815,52.962],[68.892,53.003],[68.923,53.111],[68.822,53.243],[68.718,53.271],[68.582,53.401],[68.775,53.484],[68.735,53.534],[68.899,53.556],[68.861,53.624],[69.122,53.617],[69.23,53.668],[69.403,53.575],[69.437,53.499],[69.496,53.502],[69.456,53.566],[69.502,53.623],[69.838,53.688],[69.929,53.634],[69.97,53.486],[70.201,53.479],[70.113,53.363],[70.305,53.366],[70.536,53.239],[70.672,53.395],[71.06,53.413],[71.098,53.328],[71.313,53.29],[71.608,53.38],[71.825,53.197],[71.731,53.011],[71.787,52.942],[72.239,52.907],[72.443,52.993],[72.84,53.041],[72.895,52.995],[72.963,52.762],[73.476,52.668],[73.657,52.582],[73.968,52.568]],[[68.097,50.506],[68.273,50.412],[68.21,50.331],[68.109,50.265],[67.756,50.189],[67.762,50.03],[67.525,49.834],[66.784,49.362],[66.67,49.332],[66.62,49.234],[66.506,49.211],[66.159,49.002],[65.962,48.985],[65.735,48.862],[64.741,48.841],[64.625,48.657],[64.506,48.654],[64.547,48.502],[64.217,48.402],[64.209,48.299],[63.97,48.151]],[[68.097,50.506],[68.031,50.614],[68.384,50.616],[68.778,50.754],[68.995,50.699],[68.925,50.397],[68.821,50.187],[69.156,50.116],[69.271,50.136],[69.328,50.162],[69.313,50.221],[69.395,50.204],[69.501,50.331],[69.574,50.341],[69.763,50.245],[69.751,50.188],[69.83,50.173],[70.247,50.222],[70.326,50.149],[70.25,50.065],[70.291,49.987],[70.614,50.073],[70.674,50.235],[70.809,50.269],[70.893,50.217],[70.95,50.414],[71.418,50.599],[71.636,50.762],[71.94,50.65],[71.857,50.398],[72.276,50.415],[72.292,50.52],[72.377,50.562],[72.5,50.53],[72.555,50.565],[72.513,50.619],[72.543,50.676],[72.776,50.734],[72.9,50.869],[73.071,50.844],[73.242,50.916],[73.224,50.949],[73.457,51.006],[73.61,51.097],[73.47,51.141],[73.362,51.086],[73.269,51.224],[73.291,51.259],[73.714,51.257]],[[73.968,52.568],[73.763,52.636],[73.736,52.719],[73.908,52.639],[74.032,52.855],[73.955,52.912],[73.841,52.895],[73.767,52.811],[73.645,52.828],[73.684,52.954],[73.541,52.941],[73.769,53.193],[73.654,53.222],[73.486,53.129],[73.453,53.259],[73.576,53.293],[73.451,53.449]],[[73.968,52.568],[74.028,52.468],[74.052,51.907],[73.901,51.827],[73.833,51.721],[73.836,51.623],[74.026,51.636],[74.274,51.537],[73.852,51.41],[73.714,51.257]],[[63.97,48.151],[63.661,48.47],[63.03,48.692],[63.031,48.863],[62.665,48.878],[62.447,49.051],[62.373,49.167],[62.278,49.186],[62.485,49.228],[62.279,49.488],[62.453,49.52],[62.413,49.601],[62.611,49.855],[62.714,49.908],[62.913,49.897],[62.89,50.024],[62.534,50.439],[62.446,50.675],[62.314,50.696],[62.304,50.754],[62.375,50.851],[62.239,50.946],[62.294,51.04],[62.154,51.11],[62.03,51.065],[61.873,51.296],[61.646,51.263]],[[63.97,48.151],[64.204,47.879],[62.842,47.184]],[[73.714,51.257],[74.034,51.178],[74.085,51.083],[73.974,50.644],[74.082,50.577],[74.45,50.639],[74.66,50.574],[74.648,50.494],[74.716,50.446],[74.808,50.499],[75.001,50.39],[75.011,50.329],[75.162,50.228],[74.89,50.089],[74.95,50.022],[75.039,50.003],[75.375,50.15],[76.178,50.224],[76.299,50.191],[76.367,50.268],[76.473,50.291],[76.705,50.268],[76.763,50.489],[76.98,50.635],[77.119,50.63],[77.624,50.461],[77.672,50.23],[77.733,50.203]],[[77.733,50.203],[77.448,49.986],[77.194,49.9],[77.169,49.645],[76.769,49.492],[76.63,49.352],[77.047,49.053],[76.885,48.983],[76.888,48.863],[76.972,48.805],[77.361,48.817],[77.373,48.714],[77.347,48.613],[77.258,48.544],[77.021,48.486],[76.927,48.383],[77.056,48.281],[77.248,48.25],[77.149,48.223],[77.171,48.148],[77.409,48.071],[77.271,48.02],[77.072,47.626],[77.16,47.429],[76.982,47.394],[76.964,47.301],[76.876,47.245],[77.058,47.127],[77.264,47.089],[77.316,47.164],[77.581,47.175]],[[77.733,50.203],[78.473,50.027],[78.671,50.156],[78.82,50.351],[78.718,50.464],[78.688,50.701],[78.282,50.888],[78.107,51.09],[78.362,51.215],[78.494,51.208],[78.758,51.297],[78.807,51.326],[78.817,51.369],[78.772,51.378],[78.817,51.438],[79.041,51.46],[79.108,51.562],[79.25,51.603],[79.304,51.686]],[[53.673,49.184],[53.434,48.995],[52.913,48.985],[52.764,48.862],[52.771,48.743],[52.622,48.588],[52.589,48.426],[52.525,48.406],[52.175,48.483],[51.968,48.465],[51.811,48.505],[51.83,48.615],[51.37,48.663],[51.156,48.63],[50.948,48.482],[50.726,48.421],[49.911,48.041],[49.457,48.014],[49.432,47.938],[48.908,48.06],[47.112,48.242]],[[53.673,49.184],[53.905,49.058],[53.979,49.128],[54.082,48.895],[54.072,48.717],[54.443,48.658],[54.578,48.813],[54.801,48.741],[54.849,48.629],[54.794,48.428],[54.873,48.091],[54.973,48.012],[55.061,47.763],[54.998,47.152],[55.291,46.791],[55.494,46.66],[56.271,46.457],[56.473,46.084]],[[53.673,49.184],[53.713,49.463],[54.006,49.617],[54.293,49.65],[54.453,49.815],[54.551,50.031],[54.424,50.15],[54.392,50.358],[54.546,50.531]],[[77.581,47.175],[77.6,46.676],[77.16,46.547],[77.063,46.636],[76.92,46.637],[76.84,46.691],[76.935,46.56],[76.73,46.631],[76.722,46.684],[76.548,46.661],[76.52,46.614],[76.161,46.681],[75.403,46.679],[74.762,46.4],[74.184,45.956]],[[77.581,47.175],[77.851,47.18],[78.046,47.26],[78.11,47.214],[78.275,47.304],[78.737,47.135],[78.805,47.069],[79.308,47.031],[79.491,46.862],[80.019,46.88],[80.779,46.592],[81.373,46.494],[81.605,46.39],[81.913,46.063],[82.14,45.689],[82.125,45.588],[82.297,45.555]],[[74.184,45.956],[69.171,45.937]],[[74.184,45.956],[74.056,45.777],[74.03,45.536],[74.094,45.269],[73.847,45.258],[73.813,45.172],[73.9,45.078],[74.095,45.06],[74.156,44.908],[74.54,44.655],[74.611,44.413],[74.759,44.313],[75.149,44.221],[75.326,44.078],[75.273,43.877],[75.018,43.563],[75.428,43.468],[75.297,43.298],[75.336,43.195],[75.651,43.017],[75.583,42.98],[75.807,42.937]],[[69.171,45.937],[67.276,45.958]],[[69.171,45.937],[69.516,45.389],[69.805,44.663],[69.911,44.171],[69.917,44.095],[69.642,43.533],[69.531,43.412],[69.62,43.371],[69.674,43.264],[70.103,43.157],[70.256,42.983],[70.268,42.76],[70.323,42.701],[70.437,42.674],[70.889,42.339]],[[56.473,46.084],[55.832,46.235],[55.827,46.332],[55.744,46.388],[55.675,46.358],[55.477,46.48],[55.247,46.346],[53.949,46.188],[53.694,45.972],[53.758,45.921],[53.536,45.826],[53.039,45.738],[52.862,45.767]],[[56.473,46.084],[56.541,45.954],[56.708,45.162]],[[62.842,47.184],[62.652,47.048],[62.95,47.08],[63.21,46.961],[63.601,46.866],[63.788,46.869],[65.1,46.511],[65.553,46.291],[66.979,46.056],[67.248,46.057],[67.276,45.958]],[[62.842,47.184],[62.45,47.248],[62.467,47.292],[62.32,47.446],[62.048,47.571],[61.859,47.776],[61.327,47.733],[60.765,47.1],[60.538,47.112],[60.441,47.046],[60.411,46.924],[60.169,46.885],[59.921,46.76],[59.113,46.066],[59.027,45.818],[59.055,45.324]],[[67.276,45.958],[67.289,45.861],[67.397,45.801],[67.436,45.698],[67.359,45.608],[67.292,45.253],[67.594,45.072],[67.607,44.31],[67.864,44.214],[67.968,44.1],[68.202,43.973],[68.203,43.908],[68.112,43.908],[68.045,43.85],[68.08,43.743],[68.041,43.665],[67.939,43.707],[67.835,43.423],[67.748,43.362],[67.763,43.265],[67.829,43.36],[67.874,43.252],[67.971,43.196],[67.435,42.985],[66.736,42.609],[66.648,42.635],[66.497,42.579],[66.184,42.353],[66.013,42.373]],[[44.505,33.176],[44.287,33.189]],[[44.505,33.176],[44.529,33.408],[44.35,33.433],[44.278,33.379]],[[44.505,33.176],[44.54,33.006]],[[44.287,33.189],[44.222,33.261],[44.278,33.379]],[[44.287,33.189],[44.218,33.134],[43.82,33.202],[44.016,33.089],[44.07,32.928],[44.141,32.876],[44.13,32.781]],[[44.278,33.379],[44.245,33.433]],[[45.198,32.394],[44.818,32.228],[44.75,32.121],[44.63,32.159]],[[45.198,32.394],[45.194,32.447],[45.052,32.498],[44.936,32.725],[44.547,32.826],[44.54,33.006]],[[45.198,32.394],[45.392,32.335],[45.384,32.261],[45.538,32.115],[45.686,32.069],[45.726,31.948]],[[44.63,32.159],[44.5,32.216],[44.374,32.145],[44.313,32.231],[44.347,32.281],[44.319,32.344]],[[44.63,32.159],[44.584,32.099],[44.613,32.058],[44.523,32.018],[44.5,31.953],[44.542,31.641],[44.429,31.585],[44.516,31.486],[44.727,31.407]],[[45.726,31.948],[45.786,31.652]],[[45.726,31.948],[46.317,32.005]],[[45.786,31.652],[45.22,31.73],[45.025,31.679],[45.109,31.601],[44.978,31.263],[44.727,31.407]],[[45.786,31.652],[45.823,31.606],[45.773,31.539],[45.807,31.46],[45.724,31.356],[45.81,31.336],[45.741,31.187],[45.794,31.124],[45.726,31.073],[45.72,30.838],[46.371,30.733],[46.515,30.516],[46.575,30.514]],[[46.317,32.005],[46.354,31.964],[46.311,31.935],[46.433,31.691],[46.599,31.542],[46.605,31.396],[46.73,31.316],[46.75,31.198],[46.846,31.139],[47.126,31.13]],[[46.317,32.005],[46.577,31.984],[46.604,32.134],[46.429,32.25],[46.481,32.601],[46.601,32.823]],[[47.126,31.13],[47.176,31.231],[47.35,31.276],[47.676,31.237]],[[47.126,31.13],[47.088,30.574],[46.901,30.591],[46.575,30.514]],[[44.13,32.781],[44.264,32.742],[44.223,32.57],[44.319,32.344]],[[44.13,32.781],[43.759,32.817],[43.466,32.63],[43.211,32.571],[43.691,32.168]],[[44.319,32.344],[44.296,32.296],[43.691,32.168]],[[43.358,35.458],[43.314,35.427],[43.274,35.467],[43.27,35.411],[43.365,35.345],[43.35,35.28],[43.422,35.265],[43.388,35.214],[43.494,35.111],[44.129,34.822],[44.288,34.705],[44.34,34.73],[44.326,34.786],[44.403,34.905],[44.534,35.016],[44.513,35.084],[44.562,35.129]],[[44.245,33.433],[44.1,33.466],[44.133,33.488],[44.001,33.664],[43.803,33.668],[43.43,33.765],[43.132,34],[43.011,34.181],[42.929,34.496],[42.777,34.443],[42.54,34.595],[42.491,34.973]],[[44.245,33.433],[44.401,33.597],[44.426,33.729],[44.389,33.784],[44.448,33.935],[44.289,34.013],[44.348,34.164],[44.509,34.263],[44.477,34.335],[44.506,34.563],[44.63,34.524],[44.729,34.632],[44.721,34.689],[44.966,34.867]],[[44.54,33.006],[44.612,33.077],[44.699,33.016],[44.835,33.174],[45.492,33.069],[45.715,33.315],[45.909,33.408],[45.964,33.496]],[[44.727,31.407],[44.627,31.007],[44.445,30.793],[44.272,30.676],[44.056,30.167],[43.824,29.814]],[[46.575,30.514],[46.745,30.089],[46.561,29.124]],[[43.691,32.168],[43.796,32.083],[43.79,32.034],[43.438,31.877],[43.254,31.654],[43.102,31.316],[43.045,31.062],[42.783,30.551]],[[42.491,34.973],[42.516,35.07],[43.036,35.103],[42.895,35.365],[42.88,35.481],[43.334,35.723]],[[42.491,34.973],[41.984,34.964],[41.578,35.1],[41.192,35.159]],[[43.828,37.012],[44.099,37.208],[44.069,37.314]],[[45.01,36.516],[44.961,36.469],[44.634,36.443],[44.54,36.369],[44.695,36.214],[44.627,36.127],[44.978,35.899],[44.859,35.895],[44.833,35.853],[44.627,35.886]],[[51.033,34.106],[50.899,33.815],[50.243,33.635],[50.002,33.499]],[[51.033,34.106],[50.984,34.162],[51.063,34.418],[51.789,34.542]],[[51.033,34.106],[50.699,34.205],[50.441,34.225],[50.329,34.318],[50.264,34.466],[50.06,34.577],[50.069,34.629],[50.163,34.672],[50.154,34.781],[50.211,34.819],[50.694,34.916],[50.785,35.218]],[[50.002,33.499],[49.869,33.149],[49.696,33.102],[49.639,33.045],[49.621,32.927],[49.472,32.863],[49.453,32.809]],[[50.002,33.499],[49.831,33.668],[49.747,33.575],[49.574,33.681],[49.59,33.789],[49.464,33.887],[49.314,33.826],[49.28,33.739],[49.181,33.68],[48.974,33.717],[48.91,33.763],[48.971,33.989]],[[51.311,31.164],[51.324,31.276],[51.21,31.648],[51.216,31.702],[51.292,31.739],[51.24,31.832],[51.316,31.94],[51.297,32.044],[50.949,32.327],[50.945,32.478],[50.853,32.626],[50.814,32.655],[50.537,32.607],[50.38,32.538],[50.235,32.544],[50.113,32.615],[49.933,32.596],[49.736,32.506]],[[51.311,31.164],[51.373,30.974],[51.641,30.772]],[[51.311,31.164],[51.108,31.094],[50.959,31.106],[50.587,31.39],[50.258,31.488]],[[49.736,32.506],[49.784,32.609],[49.743,32.656],[49.502,32.708],[49.453,32.809]],[[49.736,32.506],[49.938,32.147],[50.066,32.064],[50.136,31.894],[50.35,31.651],[50.258,31.488]],[[51.641,30.772],[51.745,30.79],[51.742,30.969],[51.872,31.32],[51.843,31.387],[51.671,31.472],[51.651,31.548],[51.823,31.538],[52.142,31.713],[52.231,31.555],[52.453,31.513],[52.871,31.597]],[[51.641,30.772],[51.671,30.6],[51.64,30.568],[51.536,30.53],[51.148,30.668],[51.179,30.301],[50.912,30.166],[50.601,30.145]],[[50.258,31.488],[49.935,31.241],[49.948,30.891],[50.125,30.886],[50.396,30.696],[50.355,30.526],[50.43,30.219]],[[52.871,31.597],[52.824,31.814],[52.905,32.165],[52.884,32.505],[53.261,32.672],[53.651,32.613],[54.815,32.971],[54.908,33.088],[54.986,33.33],[55.275,33.471],[55.36,33.595],[55.375,34.342]],[[52.871,31.597],[53.125,31.514],[53.405,31.262],[53.638,30.755],[54.008,30.263],[54.072,29.984],[54.43,29.793]],[[50.601,30.145],[50.43,30.219]],[[50.601,30.145],[50.628,30.021],[50.74,29.87],[51.155,29.798],[51.346,29.529],[51.579,29.373],[52.028,28.632],[52.222,28.141],[52.375,28.03],[52.511,27.761],[52.643,27.617],[52.971,27.382]],[[55.13,28.951],[54.928,29.39],[54.595,29.455],[54.43,29.793]],[[55.13,28.951],[55.395,28.9],[55.617,28.742],[56.016,28.939],[56.059,28.35],[56.337,28.123],[56.52,28.117],[56.823,28.324],[56.981,28.278],[57.017,28.004],[57.134,27.939],[57.288,27.749],[57.249,27.647],[57.356,27.478],[57.408,27.046],[57.815,26.847],[57.927,26.941],[57.993,26.94],[58.195,26.786],[58.215,26.711],[58.131,26.746],[58.156,26.637],[58.07,26.218],[58.509,26.2],[58.549,26.061],[58.742,26.09],[58.863,26.01]],[[55.13,28.951],[55.187,28.798],[55.16,28.702],[55.487,28.383],[55.42,28.066],[55.557,27.903],[55.534,27.822],[55.195,27.713],[55.123,27.569],[54.941,27.486],[54.674,27.52],[54.055,27.45],[53.986,27.228],[53.855,27.139],[53.433,27.173],[53.295,27.255],[53.072,27.273],[52.971,27.382]],[[54.43,29.793],[54.617,29.848],[54.604,30.297],[54.539,30.351],[54.401,30.675],[54.42,30.798],[54.554,30.958],[55.116,31.043],[55.515,31.047],[55.684,31.111],[55.712,31.495],[55.757,31.576],[56.288,31.815],[56.634,32.049],[57.835,31.637]],[[49.441,35.438],[49.468,35.314],[49.4,35.289],[49.38,35.356],[49.321,35.322],[49.397,35.148],[49.246,35.053],[49.472,34.972],[49.567,34.768],[49.542,34.727],[49.466,34.755],[49.409,34.905],[49.14,34.909],[49.088,34.749],[49.102,34.601],[48.895,34.613],[48.96,34.568],[49.096,34.111],[48.971,33.989]],[[49.441,35.438],[49.616,35.442],[49.688,35.523],[50.286,35.666]],[[49.441,35.438],[49.118,35.493],[49.049,35.535],[49.08,35.573],[49.042,35.612],[48.958,35.651],[48.803,35.636]],[[48.971,33.989],[48.698,34.086],[48.471,34.025],[48.212,34.059],[47.694,34.35]],[[47.694,34.35],[47.748,34.424],[47.99,34.431],[47.969,34.608],[47.815,34.514],[47.775,34.587],[47.59,34.671],[47.595,34.727],[47.727,34.747],[47.851,34.951]],[[47.694,34.35],[47.577,34.34],[47.577,34.208],[47.4,34.161],[47.386,34.038]],[[55.375,34.342],[55.287,34.384],[52.9,34.325],[52.422,34.448],[51.982,34.455],[51.789,34.542]],[[55.375,34.342],[55.741,34.36],[55.851,34.407],[56.21,34.906]],[[57.835,31.637],[58.973,31.198],[59.116,31.106],[59.515,30.607]],[[57.835,31.637],[58.174,32.146],[58.222,32.298],[58.1,32.568],[58.148,32.749]],[[48.226,35.69],[48.304,35.617],[48.691,35.556],[48.803,35.636]],[[48.226,35.69],[48.043,35.747],[48.101,35.63],[47.969,35.575],[47.867,35.66],[47.799,35.587],[47.977,35.306],[48.124,35.19],[48.152,35.098],[48.063,34.953],[48.01,35.027],[47.851,34.951]],[[48.226,35.69],[47.89,35.916],[47.946,35.985],[47.968,36.16],[47.865,36.403],[47.332,36.508]],[[51.789,34.542],[51.893,34.754],[51.882,34.875]],[[50.785,35.218],[50.871,35.447],[50.799,35.605]],[[50.785,35.218],[51.312,35.154],[51.882,34.875]],[[59.515,30.607],[59.301,29.698],[59.41,29.563],[59.445,29.352],[59.411,29.166],[59.313,28.989],[59.367,28.711],[58.888,28.471],[59.043,28.315],[58.897,28.092],[58.89,27.631],[58.775,27.229],[58.821,26.877],[58.949,26.703],[58.893,26.584],[58.942,26.5],[58.885,26.42],[58.947,26.287],[58.863,26.01]],[[59.515,30.607],[60.297,30.803],[60.625,30.647],[60.865,30.392],[61.035,30.408],[61.018,30.992],[61.129,31.27],[61.125,31.449]],[[58.148,32.749],[58.041,32.871],[57.782,32.997],[57.603,33.608],[57.56,33.653],[57.304,33.604],[57.106,33.624],[56.997,33.973],[57.005,34.143],[57.131,34.456],[57.199,34.558],[57.692,34.867],[57.671,34.994],[57.268,35.201],[56.21,34.906]],[[58.148,32.749],[58.388,33.131],[58.702,33.306],[58.832,33.485],[58.61,33.667],[58.67,34.041],[58.64,34.148],[58.955,34.122],[59.505,34.278],[59.657,34.107],[59.788,34.069],[60.488,34.081]],[[50.286,35.666],[50.61,35.575],[50.582,35.65],[50.651,35.676],[50.696,35.551],[50.799,35.605]],[[50.286,35.666],[50.243,35.811],[50.535,35.961],[50.626,36.165],[50.421,36.296],[50.563,36.339],[50.801,36.319]],[[50.799,35.605],[50.97,35.8],[51.059,35.804],[51.075,35.917],[51.136,35.973],[51.354,36.018],[51.357,36.116]],[[50.801,36.319],[51.292,36.178],[51.357,36.116]],[[56.21,34.906],[56.5,35.166],[56.856,35.306],[57.072,35.63],[57.087,35.7],[56.757,35.975],[56.706,36.283],[56.788,36.548],[56.764,36.627],[56.672,36.643]],[[50.43,30.219],[50.218,30.25],[50.051,30.207]],[[52.971,27.382],[52.725,27.364],[52.679,27.322]],[[47.851,34.951],[47.777,34.956],[47.624,35.098],[47.441,35.17],[47.445,35.087],[47.267,35.054],[47.251,34.969],[47.027,34.894],[46.936,34.764],[46.68,34.742],[46.649,34.862],[46.343,35.155],[46.125,35.285]],[[47.386,34.038],[47.175,34.014],[47.217,33.924],[47.182,33.825],[46.856,33.795],[46.036,34.029],[45.822,34.014],[45.725,33.633]],[[47.332,36.508],[47.194,36.757]],[[47.332,36.508],[47.141,36.341],[46.924,36.372],[46.815,36.458],[46.298,36.419],[46.046,36.448],[45.959,36.42],[45.887,36.29],[45.724,36.248],[45.501,36.005]],[[58.863,26.01],[58.832,25.929],[59.071,25.753],[59.276,25.496],[59.251,25.431]],[[56.672,36.643],[56.374,36.65],[56.204,36.744],[56.067,36.882],[56.083,37.09],[56.178,37.143],[56.019,37.194],[55.867,37.354]],[[56.672,36.643],[56.675,36.751],[56.974,36.969],[57.133,36.963],[57.795,36.668],[58.072,36.634],[58.186,36.677],[58.219,36.755],[58.162,36.82],[58.224,36.922],[58.162,36.985],[58.108,36.947],[58.009,37.061],[58.208,37.448],[58.035,37.655],[57.548,37.693],[57.576,37.809],[57.735,37.898]],[[47.194,36.757],[46.859,36.745],[46.793,36.983],[46.639,37.059],[46.39,36.984],[46.293,36.878],[45.924,37.109],[45.687,37.129],[45.357,37.327],[45.354,37.505],[45.235,37.669],[45.199,38.113],[45.089,38.267],[45.366,38.578],[45.327,38.737],[45.356,38.843],[45.495,38.982]],[[55.867,37.354],[55.971,37.481],[56.248,37.573],[56.303,37.634],[56.284,37.695],[56.162,37.77],[56.167,38.081]],[[80.679,21.351],[80.637,21.252],[80.465,21.148],[80.436,21.025],[80.463,20.942],[80.555,20.908],[80.571,20.682],[80.495,20.601],[80.615,20.606],[80.635,20.512],[80.622,20.326],[80.424,20.234],[80.418,20.149],[80.531,20.135],[80.557,20.048],[80.531,19.921],[80.445,19.931],[80.427,19.888],[80.486,19.855],[80.409,19.792],[80.479,19.766],[80.538,19.811],[80.701,19.598],[80.838,19.543],[80.895,19.452],[80.806,19.403],[80.831,19.334],[80.72,19.262],[80.576,19.392],[80.405,19.25],[80.272,18.979],[80.349,18.831],[80.266,18.768],[80.27,18.714]],[[83.97,22.539],[84.067,22.5],[84.179,22.364],[84.311,22.324],[84.421,22.331],[84.517,22.421],[84.908,22.422],[85.066,22.503],[85.105,22.331],[84.986,22.107],[85.098,22.113],[85.22,22.029],[85.437,22.164],[85.679,22.076],[85.792,22.129],[85.785,22.012],[85.897,22.008],[85.988,22.188],[85.987,22.394],[85.938,22.499],[86.04,22.557],[86.366,22.33],[86.497,22.335],[86.687,22.218]],[[83.97,22.539],[83.996,22.441],[83.956,22.379],[83.624,22.213],[83.549,22.113],[83.571,22.058],[83.513,21.973],[83.571,21.923],[83.565,21.854],[83.467,21.8],[83.328,21.499],[83.38,21.339],[83.279,21.359],[83.144,21.121],[82.965,21.179],[82.657,21.153],[82.463,20.855],[82.343,20.867],[82.34,20.542],[82.42,20.452],[82.416,20.067],[82.611,19.988],[82.695,20.001],[82.708,19.843],[82.575,19.768],[82.579,19.843],[82.476,19.872],[82.361,19.884],[82.305,19.823],[82.218,19.973],[82.081,20.058],[82.022,20.012],[81.945,20.106],[81.819,19.966],[81.833,19.904],[82.036,19.767],[82.029,19.518],[82.168,19.405],[82.146,19.225],[82.228,18.934],[82.139,18.747],[82.099,18.771],[81.903,18.634],[81.947,18.568],[81.733,18.35],[81.543,18.262],[81.394,17.807]],[[80.27,18.714],[80.091,18.697],[79.917,18.827],[79.965,18.935],[79.934,19.053],[79.862,19.081],[79.944,19.169],[79.964,19.426],[79.796,19.594],[79.636,19.57],[79.576,19.508],[79.266,19.59],[79.198,19.462],[78.935,19.598],[78.78,19.777],[78.478,19.799],[78.329,19.891],[78.403,19.719],[78.333,19.643],[78.303,19.483],[78.212,19.44],[78.168,19.264],[78.051,19.265],[77.989,19.325],[77.865,19.297],[77.837,19.127],[77.752,19.046],[77.912,18.835],[77.712,18.689],[77.689,18.575],[77.559,18.508],[77.503,18.382],[77.551,18.308]],[[80.27,18.714],[80.352,18.592],[80.503,18.6],[80.665,18.45],[80.774,18.249],[80.743,18.167],[80.828,18.215],[80.874,18.138],[80.959,18.148],[80.938,18.066],[81.015,17.785],[81.157,17.838],[81.394,17.807]],[[87.784,25.214],[87.776,25.097],[87.844,25.042],[87.881,24.916],[87.854,24.79],[87.812,24.776],[87.861,24.751],[87.9,24.621],[87.849,24.58],[87.751,24.593],[87.8,24.501],[87.734,24.335],[87.624,24.26],[87.662,24.186],[87.594,24.178],[87.563,24.112],[87.489,24.132],[87.458,24.02],[87.236,24.04],[87.283,23.928],[87.233,23.846],[87.139,23.873],[87.166,23.81],[86.877,23.913],[86.8,23.726],[86.41,23.617],[86.273,23.454],[86.126,23.492],[86.129,23.578],[86.039,23.607],[86.005,23.514],[85.825,23.479],[85.895,23.416],[85.83,23.261],[85.888,23.163],[86.002,23.165],[86.178,23.006],[86.506,22.988],[86.41,22.936],[86.399,22.785],[86.587,22.681],[86.611,22.604],[86.74,22.558],[86.718,22.469],[86.853,22.302],[86.687,22.218]],[[87.784,25.214],[87.839,25.288],[87.745,25.399],[87.768,25.436],[87.956,25.534],[88.067,25.491],[88.043,25.678],[87.789,25.902],[87.831,26.011],[88.302,26.344],[88.203,26.547],[88.087,26.539]],[[73.701,15.723],[73.826,15.783],[73.964,15.619],[74.101,15.64]],[[74.101,15.64],[74.186,15.766],[74.224,15.726],[74.331,15.762],[74.433,16.019],[74.384,16.069],[74.47,16.11],[74.471,16.236],[74.324,16.283],[74.306,16.377],[74.358,16.401],[74.267,16.496],[74.226,16.486],[74.248,16.545],[74.353,16.544],[74.435,16.647],[74.525,16.624],[74.552,16.552],[74.666,16.606],[74.644,16.652],[74.688,16.713],[74.858,16.758],[74.846,16.861],[74.964,16.954],[75.049,16.953],[75.167,16.868],[75.243,16.902],[75.256,16.959],[75.472,16.963],[75.549,17.015],[75.627,16.977],[75.621,17.242],[75.551,17.389],[75.622,17.476],[75.77,17.377],[75.87,17.416],[75.936,17.326],[76.113,17.382],[76.354,17.357],[76.313,17.61],[76.523,17.777],[76.676,17.707],[76.756,17.826],[76.741,17.898],[76.863,17.904],[76.9,18.157],[77.088,18.197],[77.227,18.322],[77.265,18.453],[77.324,18.449],[77.347,18.352],[77.438,18.282],[77.551,18.308]],[[74.101,15.64],[74.238,15.616],[74.239,15.454],[74.304,15.289],[74.241,15.247],[74.293,15.188],[74.241,14.956],[74.091,14.888]],[[92.298,24.238],[92.22,24.264],[92.258,24.396],[92.228,24.495],[92.15,24.542]],[[92.298,24.238],[92.332,23.995],[92.26,23.703]],[[92.298,24.238],[92.423,24.238],[92.431,24.153],[92.48,24.129],[92.624,24.239],[92.758,24.483],[92.837,24.368],[93.018,24.399]],[[89.809,25.44],[89.883,25.466],[89.903,25.554],[89.998,25.581],[89.945,25.726],[90.136,25.96],[90.397,26.017],[90.545,25.981],[90.535,25.911],[90.61,25.969],[90.644,25.931],[90.975,25.944],[91.031,25.836],[91.196,25.869],[91.222,25.731],[91.361,25.843],[91.527,25.888],[91.472,25.89],[91.592,26.034],[91.638,26.026],[91.632,25.94],[91.672,25.931],[91.807,26.088],[91.922,26.038],[92.255,26.085],[92.176,25.98],[92.215,25.919],[92.167,25.69],[92.382,25.764],[92.593,25.587],[92.678,25.611],[92.585,25.492],[92.79,25.349],[92.812,25.234],[92.561,25.15],[92.385,25.005]],[[93.018,24.399],[93.101,24.577],[93.118,24.797],[93.199,24.817],[93.277,24.973],[93.263,25.036],[93.449,25.302]],[[93.018,24.399],[93.046,24.327],[92.979,24.105],[93.106,24.045],[93.303,24.036]],[[93.449,25.302],[93.444,25.422],[93.338,25.548],[93.706,25.864],[93.685,25.927],[93.796,25.952],[93.779,25.831],[93.948,25.886],[94.008,26.184],[94.17,26.361],[94.27,26.555],[94.345,26.49],[94.487,26.677],[94.765,26.788],[94.917,26.951],[95.018,26.928],[95.176,27.033]],[[93.449,25.302],[93.605,25.206],[93.809,25.446],[93.77,25.532],[94.027,25.554],[94.195,25.497],[94.325,25.512],[94.57,25.688],[94.536,25.514],[94.65,25.447]],[[77.551,18.308],[77.601,18.125],[77.559,18.078],[77.627,17.942],[77.508,17.835],[77.531,17.754],[77.412,17.631],[77.599,17.547],[77.686,17.567],[77.374,17.223],[77.468,17.026],[77.41,16.738],[77.446,16.69],[77.411,16.648],[77.446,16.641],[77.257,16.449],[77.553,16.332],[77.491,16.262],[77.446,15.953]],[[86.687,22.218],[86.987,22.067],[87.031,21.908],[87.121,21.977],[87.191,21.956],[87.252,21.822],[87.424,21.775],[87.477,21.614]],[[88.005,27.249],[88.101,27.143],[88.357,27.085],[88.518,27.176],[88.733,27.149]],[[89.658,26.187],[89.735,26.212],[89.829,26.328],[89.888,26.533],[89.859,26.722]],[[74.854,12.765],[74.941,12.776],[75.008,12.691],[75.1,12.682],[75.11,12.63],[75.271,12.601],[75.251,12.537],[75.368,12.47],[75.34,12.405],[75.389,12.295],[75.553,12.155],[75.761,12.069],[75.846,11.951],[76.08,11.959],[76.086,11.871],[76.382,11.749],[76.416,11.667]],[[76.416,11.667],[76.504,11.719],[76.567,11.634],[76.821,11.626],[76.931,11.812],[77.013,11.822],[77.096,11.75],[77.259,11.817],[77.419,11.796],[77.49,11.926],[77.66,11.963],[77.768,12.11],[77.699,12.198],[77.492,12.205],[77.465,12.249],[77.605,12.406],[77.62,12.481],[77.569,12.56],[77.609,12.673],[77.76,12.714],[77.801,12.857],[77.846,12.872],[77.987,12.804],[78.056,12.846],[78.23,12.76]],[[78.23,12.76],[78.299,12.675],[78.426,12.634],[78.5,12.745],[78.578,12.77],[78.645,12.992],[78.725,13.058],[78.859,13.08],[78.901,13.038],[78.961,13.093],[79.162,13.045],[79.251,13.148],[79.315,13.132],[79.42,13.22],[79.45,13.331],[79.68,13.289],[79.697,13.236],[79.776,13.221],[79.758,13.293],[79.957,13.366],[80.054,13.484],[80.034,13.534],[80.109,13.512],[80.103,13.459],[80.26,13.469]],[[78.23,12.76],[78.244,12.854],[78.326,12.861],[78.346,12.913],[78.468,12.868],[78.412,12.937],[78.565,13.218],[78.559,13.299],[78.387,13.318],[78.354,13.369],[78.373,13.586],[78.068,13.659],[78.061,13.698],[78.105,13.701],[78.091,13.83],[78.033,13.885],[77.921,13.83],[77.937,13.963],[77.879,13.917],[77.783,13.937],[77.789,13.87],[77.669,13.761],[77.605,13.776],[77.494,13.702],[77.443,13.702],[77.384,13.847],[77.156,13.875],[77.144,13.911],[77.1,13.859],[77.128,13.768],[76.969,13.754],[76.955,13.82],[77.01,13.914],[76.875,14.163],[76.967,14.171],[76.995,14.066],[77.112,14.005],[77.289,14.011],[77.332,13.908],[77.387,13.89],[77.328,14.123],[77.465,14.186],[77.464,14.285],[77.374,14.334],[77.367,14.238],[77.257,14.334],[77.133,14.344],[77.073,14.233],[76.908,14.258],[76.922,14.305],[76.858,14.383],[76.93,14.467],[76.826,14.481],[76.741,14.613],[76.822,14.921],[76.719,14.986],[76.764,15.094],[77.034,15.005],[77.131,15.142],[77.105,15.308],[77.026,15.351],[76.967,15.506],[77.008,15.512],[77.011,15.645],[77.085,15.667],[77.028,15.761],[77.034,15.874],[77.163,15.967],[77.446,15.953]],[[81.394,17.807],[81.578,17.797],[81.759,17.909]],[[20.819,47.679],[20.774,47.672]],[[20.819,47.679],[20.977,47.569],[21.028,47.35],[20.995,47.236]],[[20.819,47.679],[21.034,47.78],[21.114,47.961]],[[20.774,47.672],[20.689,47.578],[20.397,47.425],[20.299,47.471],[20.196,47.607],[20.077,47.558],[20.024,47.583],[20,47.662],[19.675,47.596]],[[20.774,47.672],[20.609,47.701],[20.448,47.881]],[[20.096,48.141],[20.038,48.177]],[[20.096,48.141],[20.221,48.093],[20.355,48.095],[20.418,48.151],[20.473,48.113]],[[20.096,48.141],[19.985,48.094],[20.028,48.012],[19.957,47.946],[19.763,47.879],[19.581,47.737]],[[18.177,46.953],[18.227,47.134],[18.107,47.254],[18.136,47.315],[18.103,47.359]],[[18.177,46.953],[18.073,46.972],[17.662,46.809],[17.299,46.733],[17.22,46.665]],[[18.177,46.953],[18.218,46.791]],[[18.103,47.359],[17.966,47.346],[17.879,47.399],[17.882,47.455]],[[18.103,47.359],[18.128,47.44],[18.213,47.463],[18.356,47.416],[18.348,47.452],[18.462,47.505]],[[18.927,46.848],[18.66,46.702],[18.56,46.784],[18.482,46.745],[18.329,46.803],[18.218,46.791]],[[18.927,46.848],[19.002,46.708],[18.858,46.615],[18.92,46.499],[18.914,46.246],[18.824,46.217],[18.854,46.193],[18.786,46.1]],[[18.927,46.848],[18.955,46.995]],[[18.927,46.848],[18.828,46.922],[18.897,47.016],[18.955,46.995]],[[18.218,46.791],[18.126,46.74],[18.038,46.516],[18.098,46.371]],[[19.675,47.596],[19.684,47.539],[19.999,47.329],[20.022,47.249]],[[19.675,47.596],[19.581,47.737]],[[20.022,47.249],[20.083,47.197],[20.056,47.152]],[[20.022,47.249],[20.132,47.341],[20.261,47.253],[20.287,47.219],[20.249,47.191],[20.304,47.152],[20.221,47.098],[20.056,47.152]],[[20.146,46.979],[20.202,47.008],[20.083,47.058],[20.056,47.152]],[[20.146,46.979],[20.106,46.954],[20.136,46.912],[20.086,46.926],[20.092,46.882],[20.006,46.853],[20.002,46.811],[20.061,46.801]],[[20.146,46.979],[20.076,47.02],[19.819,46.946]],[[18.955,47.404],[18.93,47.574],[19.041,47.605],[19.327,47.486],[19.143,47.36],[18.949,47.369]],[[18.955,47.404],[18.949,47.369]],[[18.955,47.404],[18.838,47.454],[18.862,47.387],[18.819,47.356]],[[18.949,47.369],[18.903,47.304]],[[18.934,48.054],[18.959,47.919],[19.083,47.86],[19.416,47.822],[19.459,47.706],[19.581,47.737]],[[18.819,47.356],[18.685,47.562]],[[18.819,47.356],[18.903,47.304]],[[18.685,47.562],[18.516,47.555]],[[18.685,47.562],[18.759,47.665],[18.864,47.666],[18.853,47.717],[18.935,47.732],[18.815,47.832]],[[18.968,47.033],[18.879,47.149],[18.903,47.304]],[[18.968,47.033],[18.955,46.995]],[[18.968,47.033],[19.265,47.152],[19.33,47.124],[19.323,47.02],[19.462,47.123],[19.647,47.012]],[[20.473,48.113],[20.492,48.055]],[[20.473,48.113],[20.711,48.223],[20.827,48.187],[20.903,48.041],[20.779,48.003],[20.64,48.081],[20.492,48.055]],[[20.492,48.055],[20.422,47.969]],[[20.422,47.969],[20.448,47.881]],[[20.422,47.969],[20.338,48.046],[20.297,48.001],[20.303,47.849],[20.369,47.811],[20.448,47.881]],[[18.098,46.371],[18.334,46.408],[18.408,46.227],[18.489,46.263],[18.578,46.239],[18.683,46.13],[18.786,46.1]],[[18.098,46.371],[17.691,46.176],[17.676,46.083],[17.617,46.062],[17.708,45.888],[17.655,45.852]],[[18.786,46.1],[18.852,46.011],[18.822,45.906]],[[20.995,47.236],[20.745,47.078],[20.706,46.924],[20.458,46.889],[20.423,46.803]],[[20.995,47.236],[21.271,47.145],[21.288,47.016],[21.354,46.946],[21.634,47.019]],[[20.423,46.803],[20.323,46.764],[20.061,46.801]],[[20.423,46.803],[20.586,46.754],[20.579,46.568],[20.624,46.539],[20.586,46.448]],[[20.061,46.801],[19.969,46.729],[19.979,46.59],[19.819,46.555],[19.88,46.445],[19.85,46.379],[19.67,46.351],[19.653,46.255],[19.712,46.159]],[[20.586,46.448],[20.599,46.385]],[[20.586,46.448],[20.462,46.533],[20.297,46.521],[20.238,46.415],[20.198,46.467],[20.217,46.317]],[[20.599,46.385],[20.731,46.384],[20.787,46.263]],[[20.599,46.385],[20.472,46.246],[20.269,46.259]],[[21.114,47.961],[21.237,48.047],[21.407,48.034],[21.476,48.177],[21.69,48.167],[21.929,48.24],[22.158,48.402]],[[21.114,47.961],[21.269,47.91],[21.546,47.938],[21.54,47.807],[21.65,47.742],[21.841,47.683],[21.93,47.746],[22.049,47.642],[22.095,47.676],[22.154,47.582]],[[19.647,47.012],[19.819,46.946]],[[19.647,47.012],[19.576,47.015],[19.556,46.974],[19.69,46.785],[19.819,46.946]],[[17.098,47.047],[17.153,47.01],[17.136,46.681],[17.22,46.665]],[[17.098,47.047],[17.22,47.067],[17.196,47.248],[17.302,47.334],[17.202,47.398]],[[17.098,47.047],[16.613,46.921],[16.501,46.806],[16.411,46.786],[16.366,46.696]],[[17.22,46.665],[17.181,46.442],[17.069,46.423]],[[17.202,47.398],[17.816,47.493],[17.882,47.455]],[[17.202,47.398],[17.153,47.437],[17.058,47.403],[17.051,47.454],[16.734,47.4],[16.627,47.446]],[[17.882,47.455],[17.887,47.532],[17.929,47.55],[17.884,47.753]],[[17.069,46.423],[16.995,46.562],[16.953,46.56],[16.923,46.402],[17.054,46.39]],[[17.069,46.423],[17.054,46.39]],[[17.069,46.423],[17.054,46.39]],[[17.054,46.39],[17.047,46.325],[16.879,46.312]],[[18.516,47.555],[18.462,47.505]],[[18.516,47.555],[18.491,47.609],[18.373,47.601],[18.462,47.505]],[[20.74,40.309],[20.844,40.327],[20.921,40.225],[20.961,40.138],[20.932,40.087],[20.988,40.007],[21.043,40.011],[21.014,39.941],[21.078,39.832],[21.225,39.848],[21.291,39.805]],[[21.291,39.805],[21.205,39.768],[21.216,39.669],[21.11,39.659],[21.179,39.419],[21.385,39.28],[21.333,39.201],[21.362,39.154]],[[21.291,39.805],[21.465,39.864],[21.876,39.833],[21.846,39.927],[22.095,40.167]],[[21.757,40.923],[21.81,40.849],[21.693,40.814],[21.769,40.731],[21.746,40.673],[21.88,40.652],[21.871,40.513],[21.994,40.413],[22.066,40.412],[22.171,40.281],[22.095,40.167]],[[23.767,38.342],[23.645,38.287],[23.615,38.165],[23.552,38.122],[23.366,38.209],[23.353,38.26],[23.262,38.174],[23.172,38.18],[23.213,38.16]],[[22.357,38.163],[22.337,38.012],[22.226,37.95],[22.229,37.835],[22.011,37.779],[21.831,37.854],[21.774,37.779],[21.791,37.58],[21.979,37.485],[21.834,37.373],[21.682,37.379]],[[23.076,38.06],[23.159,37.941]],[[24.002,40.32],[24.004,40.387]],[[44.479,41.748],[44.495,41.829],[44.573,41.879],[44.493,42.006],[44.353,42.033],[44.294,41.997],[44.262,42.034],[44.284,42.171],[44.363,42.24],[44.287,42.429],[44.334,42.495],[44.186,42.627]],[[44.479,41.748],[43.886,41.734]],[[44.479,41.748],[44.628,41.686],[44.681,41.705]],[[44.892,41.77],[44.805,41.795],[44.681,41.705]],[[44.892,41.77],[44.945,41.838],[45.066,41.837]],[[44.892,41.77],[44.861,41.732],[44.891,41.683],[45,41.69],[44.981,41.634],[44.681,41.705]],[[43.587,42.395],[43.827,42.458],[43.908,42.566]],[[43.587,42.395],[43.294,42.42],[43.05,42.34],[42.837,42.47],[42.632,42.435],[42.614,42.524]],[[43.587,42.395],[43.75,42.394],[43.76,42.309],[43.616,42.258],[43.608,42.17],[43.489,42.057],[43.426,41.917]],[[41.551,42.406],[41.938,42.618],[41.885,42.965],[42.057,43.017],[42.155,43.218]],[[42.229,42.097],[42.269,42.101],[42.298,42.226],[42.496,42.494],[42.614,42.524]],[[42.229,42.097],[42.23,42.044],[42.381,42.046],[42.413,41.993],[42.632,41.927],[42.65,41.833]],[[42.614,42.524],[42.538,42.636],[42.565,42.678],[42.353,42.794],[42.377,42.828],[42.492,42.887],[43.066,42.822],[43.175,42.934]],[[45.302,42.56],[45.215,42.306],[45.124,42.258],[45.055,42.104],[45.082,41.948],[45.213,41.898],[45.078,41.917],[45.021,41.881],[45.066,41.837]],[[45.066,41.837],[45.185,41.767],[45.23,41.654],[45.208,41.549],[45.29,41.531],[45.333,41.444]],[[43.426,41.917],[43.886,41.734]],[[43.426,41.917],[43.127,41.825],[42.65,41.833]],[[43.886,41.734],[43.733,41.699],[43.673,41.519],[43.874,41.501],[43.978,41.165]],[[42.65,41.833],[42.482,41.799]],[[26.872,64.033],[27.745,63.908],[28.261,63.679],[28.358,63.753]],[[26.872,64.033],[26.694,64.005],[26.238,63.807],[26.286,63.589],[26.199,63.553],[26.138,63.456]],[[26.872,64.033],[26.788,64.077],[26.76,64.264],[26.475,64.351],[26.466,64.394],[26.296,64.48],[26.55,64.564],[26.646,64.647],[26.809,64.659],[26.993,64.794],[27.36,64.818],[27.405,64.932],[27.281,65.016],[27.363,65.086],[27.883,65.092],[28.023,65.231],[28.614,65.297],[28.574,65.319],[28.649,65.385],[29.116,65.455],[29.247,65.522],[29.732,65.497]],[[28.358,63.753],[28.607,63.673],[28.615,63.595],[28.675,63.549],[28.617,63.514],[28.761,63.377],[28.618,63.209],[29.057,62.982],[28.933,62.928],[29.081,62.838],[28.924,62.782],[28.77,62.826],[28.646,62.744],[28.702,62.692],[28.658,62.653]],[[28.358,63.753],[28.465,63.871],[28.572,63.883],[28.935,63.842],[29.656,63.873],[29.759,63.716],[29.998,63.747]],[[26.138,63.456],[26.163,63.43],[26.087,63.368],[26.184,63.228],[26.161,63.151],[26.314,63.039],[26.234,63.032],[26.324,62.969],[26.052,62.921],[26.36,62.758],[26.507,62.749],[26.595,62.594],[26.488,62.512],[26.712,62.451]],[[26.138,63.456],[25.912,63.439],[25.736,63.518],[25.232,63.601],[25.029,63.458]],[[25.029,63.458],[24.63,63.659],[24.408,63.834],[24.243,63.884],[24.094,64.048],[23.706,64.168]],[[25.029,63.458],[24.783,63.352],[24.8,63.276],[24.759,63.263],[24.736,63.137],[24.528,63.159],[24.363,63.119]],[[29.546,66.432],[29.169,66.419],[28.689,66.473],[28.669,66.415],[28.554,66.368],[28.548,66.311],[28.764,66.239],[28.711,66.137],[28.609,66.118],[28.756,66.021],[28.389,66.003],[28.376,65.97],[28.515,65.875],[28.423,65.829],[27.765,65.829],[27.638,65.954],[27.431,65.952],[27.102,65.751],[26.842,65.705],[26.188,65.719],[26.128,65.814],[25.388,65.736],[25.093,65.592]],[[28.658,62.653],[28.616,62.596],[28.479,62.581],[28.535,62.559],[28.413,62.577],[28.387,62.461],[28.283,62.465],[28.258,62.423],[28.325,62.366],[27.967,62.26],[27.838,62.279],[27.743,62.34],[27.764,62.364],[27.381,62.517],[27.203,62.464],[26.712,62.451]],[[28.658,62.653],[28.827,62.625],[29.107,62.491],[29.112,62.392],[29.209,62.418],[29.281,62.383],[29.413,62.245],[29.459,62.099],[29.656,61.973],[29.617,61.924],[29.694,61.825],[29.564,61.724]],[[26.712,62.451],[26.694,62.393],[26.766,62.362],[26.627,62.296],[26.657,62.23],[26.52,62.256],[26.245,62.137],[26.39,61.99],[26.334,61.884],[26.379,61.875],[26.378,61.812],[26.529,61.702],[26.515,61.638],[26.395,61.656],[26.319,61.608]],[[24.363,63.119],[24.178,63.152],[24.225,63.175],[24.043,63.263],[23.799,63.302],[23.699,63.381]],[[24.363,63.119],[24.266,63.06],[24.347,62.934],[24.444,62.896],[24.365,62.843],[24.571,62.661],[24.515,62.619],[24.582,62.612],[24.502,62.498],[24.198,62.469],[24.02,62.364]],[[26.319,61.608],[26.26,61.502],[26.257,61.439],[26.319,61.397],[26.294,61.371],[26.515,61.274]],[[26.319,61.608],[26.304,61.65],[26.078,61.652],[26.065,61.719],[25.925,61.784],[25.875,61.76],[25.862,61.798],[25.764,61.693],[25.516,61.678],[25.426,61.49],[24.958,61.456]],[[23.699,63.381],[23.64,63.532],[23.567,63.592],[23.444,63.607],[23.483,63.665],[23.546,63.635],[23.715,63.689],[23.503,63.767],[23.246,63.72],[22.991,63.788]],[[23.699,63.381],[23.394,63.49],[23.298,63.475],[23.157,63.367],[22.736,63.356],[22.568,63.261],[22.582,63.183],[22.677,63.172],[22.632,63.081],[22.498,63.028],[22.394,62.858],[22.289,62.794],[21.991,62.782],[21.768,62.852],[21.728,62.774],[21.771,62.683],[21.591,62.601],[21.612,62.544],[21.532,62.379],[21.685,62.352],[21.681,62.27],[21.766,62.231],[21.675,62.195],[21.7,62.159],[21.652,62.142],[21.647,62.021]],[[24.02,62.364],[24.054,62.296],[24.246,62.255],[24.333,62.175],[24.53,62.193],[24.669,62.109],[24.685,62.049],[24.888,62.039],[24.947,61.918],[24.938,61.801],[24.996,61.732],[24.923,61.709],[24.958,61.638],[24.83,61.653],[24.79,61.615],[24.829,61.568],[24.907,61.58],[24.958,61.456]],[[24.02,62.364],[23.834,62.488],[23.506,62.409],[23.505,62.373],[23.316,62.419],[23.167,62.318],[22.838,62.271]],[[24.958,61.456],[24.86,61.465],[24.918,61.322]],[[22.838,62.271],[22.587,62.302],[22.508,62.211],[22.018,61.993],[21.647,62.021]],[[22.838,62.271],[22.855,62.173],[22.769,62.151],[22.773,62.068],[22.549,62.003],[22.823,61.823],[22.694,61.731],[22.654,61.675],[22.722,61.648],[22.602,61.553],[22.729,61.437],[22.572,61.395],[22.57,61.333],[22.661,61.245],[22.924,61.211],[22.969,61.114],[22.929,61.079],[23.001,61.079],[22.97,61.046]],[[24.918,61.322],[24.804,61.267],[24.737,61.31],[24.688,61.274],[24.518,61.291],[24.279,61.237],[24.282,61.184],[24.14,61.125],[23.779,61.068],[23.796,61.028],[23.878,61.027],[23.825,61],[23.852,60.946],[23.707,61.007],[23.469,60.964],[23.197,61]],[[24.918,61.322],[25.261,61.181],[25.241,61.121],[25.287,61.076],[25.209,61.011],[25.254,60.977],[25.142,60.909],[25.109,60.82]],[[23.197,61],[23.295,60.936],[23.138,60.871],[23.216,60.82],[23.176,60.764],[23.308,60.723],[23.477,60.747],[23.705,60.661],[23.897,60.649]],[[23.197,61],[22.97,61.046]],[[26.515,61.274],[26.635,61.283],[26.664,61.21],[26.872,61.283],[26.944,61.171],[27.213,61.162]],[[26.515,61.274],[26.301,61.155],[26.052,61.108],[26.137,61.025],[26.043,60.955],[26.159,60.92],[26.083,60.838],[26.18,60.816],[26.215,60.755]],[[25.109,60.82],[25.156,60.772],[25.06,60.721],[25.182,60.724],[25.093,60.698],[25.108,60.667],[24.612,60.661],[24.525,60.559],[23.897,60.649]],[[25.109,60.82],[25.207,60.827],[25.33,60.757],[25.474,60.792],[25.572,60.689],[25.888,60.734],[26.173,60.697],[26.215,60.755]],[[27.213,61.162],[27.39,61.204],[27.226,61.316],[27.256,61.324],[26.969,61.36],[27.25,61.404],[27.54,61.36],[28.181,61.373],[28.469,61.509],[28.653,61.47],[28.809,61.498],[28.821,61.538],[29.246,61.56],[29.564,61.724]],[[27.213,61.162],[27.188,61.113],[27.229,61.097],[27.145,61.014],[27.239,60.962],[27.143,60.947],[27.511,60.798],[27.853,60.756],[28.004,60.664]],[[29.564,61.724],[30.146,61.85]],[[35.248,11.958],[35.411,11.784],[35.544,11.807],[35.759,12.033],[35.838,12.034],[35.959,11.987],[36.152,11.681],[36.334,11.808],[36.341,11.642],[36.446,11.494],[36.406,11.437],[36.507,11.346],[36.461,11.23],[36.489,11.078],[36.312,10.823],[36.312,10.746],[36.393,10.771],[36.328,10.624],[36.35,10.526],[36.416,10.454],[36.512,10.473],[36.554,10.379],[37.046,10.303]],[[37.046,10.303],[36.993,10.21],[36.735,10.308],[36.59,10.206],[36.534,10.229],[36.571,10.338],[36.502,10.335],[36.325,10.133],[36.128,10.051],[36.118,9.68],[36.27,9.48],[36.23,9.328],[36.084,9.139],[35.927,9.335],[35.804,9.346],[35.759,9.488],[35.704,9.482],[35.279,9.922],[35.035,9.935],[35.019,10.011],[34.875,10.026],[34.902,9.963],[34.844,9.782],[34.693,9.591],[34.566,9.657],[34.464,9.639],[34.364,9.204],[34.083,9.205]],[[37.046,10.303],[37.196,10.254],[37.186,10.134],[37.289,10.095],[37.315,10.022],[37.368,10.062],[37.531,10.007],[37.703,9.843],[38.192,10.055],[38.246,10.116],[38.419,10.142],[38.498,10.371],[38.847,10.363],[38.821,10.111],[38.666,10.031],[38.797,9.94],[38.858,9.749],[39.22,9.631],[39.336,9.456],[39.447,9.432],[39.508,9.339],[39.252,9.291],[39.277,9.193],[39.372,9.15],[39.276,8.949],[39.311,8.791],[39.43,8.835],[39.522,8.756],[39.759,8.871],[39.766,9.103],[39.811,9.139]],[[39.78,12.325],[39.762,12.243],[39.883,11.919],[39.883,11.775],[39.988,11.654],[40.197,11.076],[40.129,10.941],[40.165,10.887],[40.115,10.762],[40.178,10.489],[40.132,10.104],[39.99,10.066],[40.086,9.957],[40.015,9.728],[39.852,9.741],[39.888,9.505],[39.795,9.377],[39.895,9.315],[39.894,9.268],[39.811,9.139]],[[39.78,12.325],[39.539,12.251],[39.534,12.328],[39.273,12.313],[39.185,12.632],[39.264,12.798],[39.224,13.016],[39.014,13.015],[38.996,13.127],[38.705,13.394],[38.675,13.492],[38.455,13.468],[38.464,13.587],[38.38,13.526],[38.137,13.525],[38.058,13.469],[37.742,13.566],[37.67,13.444],[37.516,13.367],[37.299,13.37],[37.193,13.432],[37.032,13.373],[36.896,13.397],[36.706,13.558],[36.538,13.599],[36.44,13.776]],[[39.78,12.325],[39.793,12.525],[39.892,12.761],[39.86,12.833],[39.755,12.894],[39.808,13.088],[39.723,13.253],[39.724,13.482],[39.756,13.571],[39.823,13.572],[39.82,13.93],[39.785,14.08],[39.724,14.101],[39.761,14.145],[39.69,14.165],[39.768,14.295],[39.668,14.325],[39.804,14.387],[39.964,14.368],[40,14.455]],[[39.811,9.139],[39.911,9.134],[39.95,9.006],[40.044,8.979],[40.039,8.843],[40.237,9.006],[40.464,9.343],[40.695,9.444]],[[35.264,7.54],[35.366,7.405],[35.33,7.132],[35.157,7.115],[35.065,7.164],[34.662,7.013],[34.476,7.081],[34.326,7.046],[34.196,7.098]],[[35.264,7.54],[35.197,7.464],[35.104,7.483],[35.147,7.548],[35.018,7.607],[34.871,7.83],[34.956,8.021],[34.892,8.058],[35.09,8.165],[34.818,8.192],[34.302,8.592],[34.161,8.562],[34.107,8.602]],[[35.264,7.54],[35.243,7.677],[35.357,7.842],[35.533,7.883],[35.609,7.813],[35.742,7.869],[35.803,7.936],[35.729,8.027],[35.835,8.083],[35.905,7.958],[35.859,7.839],[36,7.744],[36.047,7.571],[36.612,7.374],[36.827,7.241],[37.139,7.241],[37.395,7.404],[37.438,7.902],[37.395,7.997],[37.487,8.018],[37.548,7.955],[37.617,7.964],[37.604,8.23],[37.467,8.311],[37.517,8.419],[37.561,8.428],[37.607,8.364],[37.834,8.337],[38.24,8.415],[38.361,8.264],[38.433,8.302],[38.504,8.447],[38.659,8.392],[38.686,8.114],[38.604,8.253],[38.545,8.234],[38.619,8.02],[38.426,7.691],[38.43,7.527],[38.343,7.475],[38.26,7.309],[38.095,7.199],[38.07,7.096],[38.154,7.036],[38.245,7.057],[38.331,7.161],[38.612,7.078],[38.666,6.973],[38.648,6.776],[38.937,6.661],[39.093,6.523],[39.129,6.37],[39.095,6.242],[39.135,6.162],[38.993,6.152],[38.765,6.412],[38.488,6.432],[38.433,6.378],[38.436,6.214],[38.294,6.012],[38.392,5.918],[38.234,5.865],[38.089,6.154],[38.177,6.169],[38.195,6.312],[38.271,6.351],[38.294,6.429],[38.168,6.457],[38.021,6.575],[37.884,6.59],[37.802,6.467],[37.857,6.348],[37.78,6.146],[37.787,6.023],[37.972,5.942],[38.092,5.731],[37.944,5.637],[37.901,5.249],[37.686,5.313],[37.404,5.165],[37.229,5.204],[36.972,5.186],[36.874,4.959],[36.903,4.778],[36.721,4.473],[36.649,4.431]],[[40.695,9.444],[40.737,9.624],[41.022,9.951],[40.943,10.047],[41.083,10.679],[41.25,10.94],[41.767,10.989]],[[40.695,9.444],[40.915,9.429],[40.911,9.396],[40.798,9.395],[40.846,9.307],[41.27,9.506],[41.493,9.46],[41.615,9.518],[41.737,9.474]],[[42.341,9.72],[42.134,9.617],[42.147,9.542],[42.077,9.475],[41.99,9.505],[41.737,9.474]],[[42.341,9.72],[42.203,9.774],[42.04,9.629],[41.892,9.684],[41.763,9.64],[41.737,9.474]],[[42.341,9.72],[42.381,9.708],[42.387,9.568],[42.552,9.352],[42.644,9.08],[42.857,8.84],[42.833,8.707],[42.913,8.511],[42.897,8.412],[42.77,8.365],[42.668,8.141],[42.58,8.231],[42.504,8.493],[42.327,8.539],[42.274,8.623],[42.032,8.434],[41.931,8.116],[41.953,7.751],[41.875,7.511],[41.901,7.412],[42.207,7.293],[42.227,7.223],[42.024,6.662],[41.932,6.552],[41.764,6.541],[41.622,6.364],[41.416,6.557],[41.122,6.693],[41.028,6.656],[40.859,6.42],[40.88,5.812],[40.922,5.699],[40.529,5.416],[40.187,5.355],[40.015,5.383],[39.82,5.015],[39.742,4.657],[39.541,4.234],[39.47,3.918],[39.301,3.643],[39.09,3.518]],[[30.078,-2.781],[29.978,-2.655],[29.904,-2.638]],[[30.078,-2.781],[30.416,-2.577],[30.426,-2.457],[30.349,-2.322]],[[30.078,-2.781],[30.119,-2.82],[30.082,-2.883],[30.16,-2.862],[30.187,-2.898]],[[30.187,-2.898],[29.908,-3.087]],[[30.187,-2.898],[30.288,-2.96],[30.244,-3.109],[30.338,-3.145]],[[29.637,-2.792],[29.605,-2.869],[29.782,-2.905],[29.878,-3.058]],[[29.878,-3.058],[29.908,-3.087]],[[29.878,-3.058],[29.815,-3.179]],[[29.908,-3.087],[29.898,-3.17],[29.961,-3.16],[30.015,-3.232],[29.986,-3.355],[30.038,-3.347]],[[29.815,-3.179],[29.74,-3.2],[29.559,-3.091]],[[29.815,-3.179],[29.866,-3.233],[29.797,-3.29],[29.843,-3.356]],[[29.559,-3.091],[29.495,-2.911]],[[29.559,-3.091],[29.523,-3.28]],[[29.843,-3.356],[29.887,-3.403],[29.869,-3.476],[29.77,-3.544],[29.809,-3.62],[29.726,-3.64]],[[29.843,-3.356],[29.593,-3.399]],[[29.726,-3.64],[29.782,-3.65],[29.773,-3.819],[29.842,-3.727],[29.854,-3.789],[29.928,-3.82]],[[29.726,-3.64],[29.675,-3.716],[29.584,-3.546]],[[30.338,-3.145],[30.488,-2.943]],[[30.338,-3.145],[30.289,-3.185]],[[30.038,-3.347],[30.104,-3.636]],[[30.038,-3.347],[30.156,-3.317],[30.289,-3.185]],[[29.495,-2.911],[29.445,-2.807]],[[29.495,-2.911],[29.372,-2.951],[29.289,-3.021],[29.317,-3.072],[29.242,-3.104]],[[30.104,-3.636],[29.928,-3.82]],[[30.104,-3.636],[30.373,-3.704]],[[30.289,-3.185],[30.44,-3.231],[30.61,-3.376]],[[29.928,-3.82],[29.882,-4.059]],[[30.176,-4.04],[29.953,-4.136],[29.882,-4.059]],[[29.882,-4.059],[29.836,-4.07],[29.817,-3.943],[29.64,-4.124],[29.367,-4.189]],[[29.523,-3.28],[29.593,-3.399]],[[29.523,-3.28],[29.379,-3.259],[29.294,-3.311],[29.236,-3.271]],[[29.593,-3.399],[29.584,-3.546]],[[29.584,-3.546],[29.488,-3.717],[29.217,-3.709]],[[-2.919,12.053],[-2.831,11.881],[-2.915,11.78],[-2.773,11.753],[-2.68,11.61]],[[-2.919,12.053],[-2.896,12.104],[-2.808,12.064],[-2.793,12.109],[-2.887,12.278],[-2.841,12.367]],[[-2.919,12.053],[-3.226,12.081],[-3.181,11.969],[-3.104,11.938],[-3.094,11.89],[-3.135,11.875],[-3.272,11.887],[-3.357,11.988],[-3.49,11.977],[-3.495,11.924],[-3.595,11.86],[-3.587,11.757]],[[-2.68,11.61],[-2.593,11.612],[-2.512,11.809],[-2.253,11.902]],[[-2.68,11.61],[-2.666,11.516],[-2.525,11.389],[-2.624,11.323],[-2.743,11.325],[-2.804,11.233]],[[-3.587,11.757],[-3.396,11.678],[-3.42,11.6],[-3.31,11.546],[-3.277,11.459],[-3.05,11.574],[-2.849,11.533],[-2.859,11.288]],[[-3.587,11.757],[-3.773,11.724],[-3.949,11.851]],[[-2.859,11.288],[-2.878,11.251],[-2.804,11.233]],[[-2.859,11.288],[-3.157,11.35],[-3.27,11.265],[-3.303,11.171]],[[-3.303,11.171],[-3.503,11.125],[-3.593,11.036],[-3.586,10.972]],[[-3.303,11.171],[-3.119,11.179],[-3.191,10.784],[-3.088,10.788],[-3.053,10.741]],[[-3.586,10.972],[-3.726,10.827]],[[-3.586,10.972],[-3.876,11.164],[-3.849,11.359],[-3.991,11.638],[-3.949,11.851]],[[-2.841,12.367],[-2.72,12.512],[-2.748,12.622],[-2.637,12.736]],[[-2.841,12.367],[-2.886,12.393],[-2.957,12.348],[-3.085,12.41],[-3.159,12.509],[-3.248,12.53],[-3.258,12.686],[-3.365,12.635],[-3.429,12.75]],[[-3.949,11.851],[-3.981,11.933]],[[-0.464,11.987],[-0.423,12.154],[-0.477,12.206],[-0.528,12.417],[-0.614,12.506]],[[-0.464,11.987],[-0.597,11.973],[-0.695,11.857],[-0.799,11.838]],[[-0.464,11.987],[-0.429,11.856],[-0.279,11.796],[-0.11,11.923]],[[-0.614,12.506],[-0.673,12.676]],[[-0.614,12.506],[-0.389,12.469],[-0.207,12.56]],[[-0.888,11.886],[-0.799,11.838]],[[-0.888,11.886],[-1.062,12.184]],[[-0.888,11.886],[-1.125,11.91],[-1.226,11.832],[-1.348,11.584]],[[-0.799,11.838],[-0.924,11.669],[-0.868,11.586],[-0.745,11.521],[-0.626,11.521],[-0.533,11.448],[-0.547,11.367],[-0.735,11.273],[-0.777,11.196]],[[-1.314,11.535],[-1.348,11.584]],[[-1.314,11.535],[-1.066,11.342],[-0.984,11.331],[-0.879,11.195],[-0.777,11.196]],[[-1.314,11.535],[-1.588,11.322]],[[-1.348,11.584],[-1.789,11.926],[-1.969,11.905],[-2.042,11.982]],[[-2.31,12.648],[-2.281,12.591],[-2.222,12.612],[-2.259,12.533],[-2.424,12.426],[-2.396,12.225],[-2.476,12.156],[-2.432,12.108],[-2.481,12.039],[-2.346,11.939],[-2.24,11.965],[-2.253,11.902]],[[-2.31,12.648],[-2.451,12.618],[-2.411,12.697],[-2.507,12.705],[-2.51,12.813],[-2.637,12.736]],[[-2.31,12.648],[-2.058,12.708],[-1.941,12.677]],[[-2.253,11.902],[-2.24,11.91]],[[-2.042,11.982],[-2.24,11.91]],[[-2.042,11.982],[-1.87,12.145]],[[-2.24,11.91],[-2.223,11.726],[-2.34,11.72],[-2.336,11.545],[-2.191,11.504],[-2.021,11.294],[-1.918,11.359],[-1.831,11.291],[-1.696,11.367],[-1.588,11.322]],[[-1.062,12.184],[-1.098,12.26]],[[-1.062,12.184],[-1.412,12.109],[-1.442,12.181],[-1.516,12.192],[-1.715,12.057],[-1.87,12.145]],[[-1.098,12.26],[-1.08,12.484],[-0.979,12.524],[-0.878,12.47],[-0.84,12.524]],[[-1.098,12.26],[-1.27,12.335],[-1.27,12.486],[-1.472,12.46],[-1.454,12.532],[-1.484,12.565],[-1.565,12.54],[-1.596,12.673]],[[-1.821,12.343],[-1.793,12.239],[-1.87,12.145]],[[-1.821,12.343],[-2.026,12.268],[-2.078,12.298],[-1.986,12.461],[-1.872,12.435],[-1.79,12.473],[-1.806,12.559],[-1.923,12.621],[-1.941,12.677]],[[-1.821,12.343],[-1.681,12.398],[-1.721,12.563],[-1.621,12.593],[-1.596,12.673]],[[-0.84,12.524],[-0.744,12.593],[-0.735,12.675],[-0.673,12.676]],[[-0.84,12.524],[-1.03,12.666],[-1.112,12.673],[-1.144,12.632],[-1.134,12.686],[-1.218,12.777],[-1.553,12.904]],[[-1.596,12.673],[-1.664,12.865],[-1.732,12.901]],[[-0.085,12.231],[0.031,12.098],[-0.083,12.049],[-0.11,11.923]],[[-0.085,12.231],[-0.184,12.273],[-0.145,12.388],[-0.224,12.437],[-0.207,12.56]],[[-0.085,12.231],[0.009,12.328],[0.253,12.373],[0.349,12.444]],[[-0.11,11.923],[0.015,11.844],[0.05,11.75]],[[-0.207,12.56],[-0.199,12.788],[-0.305,12.855],[-0.366,12.991],[-0.28,13.317],[-0.294,13.416],[-0.226,13.497]],[[0.349,12.444],[0.479,12.513],[0.677,12.316],[0.881,12.591],[1.012,12.67],[1.104,12.656],[1.156,12.75],[1.269,12.774]],[[0.349,12.444],[0.301,12.734],[0.247,12.81],[0.279,12.901],[0.474,12.863],[0.574,12.954]],[[-1.941,12.677],[-1.941,12.797],[-1.732,12.901]],[[-1.732,12.901],[-1.553,12.904]],[[-2.637,12.736],[-2.711,12.808],[-2.69,12.927]],[[-3.429,12.75],[-3.541,12.704],[-3.514,12.675],[-3.564,12.482]],[[-3.429,12.75],[-3.426,12.786]],[[-1.553,12.904],[-1.502,12.994]],[[-2.69,12.927],[-2.858,12.897],[-2.97,12.954],[-3.147,12.947],[-3.192,12.999],[-3.298,12.963],[-3.426,12.786]],[[-2.69,12.927],[-2.686,12.97]],[[-2.129,13.064],[-2.236,13.091],[-2.446,12.97],[-2.686,12.97]],[[-2.129,13.064],[-2.018,13.029],[-1.87,13.141],[-1.829,13.098],[-1.742,13.122]],[[-2.129,13.064],[-2.066,13.263],[-2.09,13.336],[-2.401,13.388],[-2.591,13.293]],[[-2.686,12.97],[-2.683,13.086],[-2.549,13.091],[-2.443,13.253],[-2.591,13.293]],[[-0.673,12.676],[-0.811,12.982],[-0.681,12.986],[-0.65,13.255],[-0.75,13.642],[-0.608,13.923]],[[-0.226,13.497],[-0.172,13.571],[-0.058,13.542],[0.062,13.578]],[[-0.226,13.497],[-0.22,13.617],[-0.368,13.651],[-0.466,13.818],[-0.608,13.923]],[[-1.502,12.994],[-1.644,13.029],[-1.742,13.122]],[[-1.502,12.994],[-1.488,13.11],[-1.299,13.135],[-1.277,13.287],[-1.358,13.423],[-1.289,13.65],[-1.333,13.739]],[[-0.608,13.923],[-0.642,13.971]],[[-1.742,13.122],[-1.721,13.202],[-1.84,13.341],[-1.878,13.542]],[[-1.333,13.739],[-0.852,13.851],[-0.642,13.971]],[[-1.333,13.739],[-1.473,13.792],[-1.535,13.903],[-1.697,13.826],[-1.747,13.729]],[[-1.878,13.542],[-1.868,13.606],[-1.731,13.682],[-1.747,13.729]],[[-1.878,13.542],[-2.116,13.528],[-2.199,13.865],[-2.271,13.97],[-2.386,14.043],[-2.568,13.991],[-2.676,14.142]],[[-1.747,13.729],[-1.871,13.898],[-1.864,13.994],[-2.085,14.16]],[[-2.804,11.233],[-2.789,11.139],[-2.714,11.184],[-2.637,11.11],[-2.729,10.986]],[[-1.588,11.322],[-1.639,11.141],[-1.414,11.014]],[[-3.053,10.741],[-3.318,10.593],[-3.396,10.647],[-3.694,10.644]],[[-3.053,10.741],[-2.92,10.711]],[[-3.694,10.644],[-3.794,10.707],[-3.689,10.747],[-3.726,10.827]],[[-3.694,10.644],[-3.698,10.468],[-3.777,10.351],[-3.756,10.22],[-3.817,10.124],[-3.968,10.1],[-3.987,10.052],[-3.892,9.894]],[[-3.726,10.827],[-3.912,10.689],[-4.09,10.778],[-4.278,10.7],[-4.402,10.754],[-4.485,10.868],[-4.682,10.776],[-4.794,10.871]],[[-0.777,11.196],[-0.697,11.079],[-0.703,10.994]],[[0.529,11.66],[0.697,11.737],[0.723,11.81],[0.864,11.918],[1.103,11.834],[1.23,11.716]],[[0.529,11.66],[0.173,11.777],[0.05,11.75]],[[0.529,11.66],[0.576,11.384],[0.534,11.321],[0.555,11.208],[0.488,11.081],[0.43,11.127],[0.375,11.026]],[[1.23,11.716],[1.294,11.844],[1.33,12.108],[1.201,12.23],[1.2,12.471],[1.269,12.774]],[[1.23,11.716],[1.262,11.573],[1.423,11.454]],[[1.269,12.774],[1.305,12.839]],[[-5.062,10.832],[-4.949,10.783],[-4.947,10.671],[-4.985,10.586],[-5.136,10.558],[-5.077,10.378],[-5.12,10.294]],[[-5.062,10.832],[-4.965,10.888],[-4.794,10.871]],[[-5.062,10.832],[-5.187,10.81],[-5.379,11.025],[-5.506,11.048]],[[0.05,11.75],[-0.071,11.688],[-0.146,11.566],[-0.166,11.349],[0.006,11.323],[-0.115,11.125]],[[0.574,12.954],[0.585,13.002],[0.433,13.168],[0.257,13.247],[0.07,13.5],[0.062,13.578]],[[0.574,12.954],[0.754,12.963],[0.972,13.086]],[[-4.794,10.871],[-4.758,10.993],[-4.646,11.073],[-4.788,11.231],[-4.756,11.363],[-4.66,11.447],[-4.603,11.417],[-4.547,11.52],[-4.591,11.685],[-4.671,11.705],[-4.626,11.76],[-4.638,11.983],[-4.732,12.037]],[[0.062,13.578],[0.5,13.851]],[[-0.642,13.971],[-0.571,14.009],[-0.567,14.143]],[[0.202,14.436],[-0.001,14.185],[-0.567,14.143]],[[-0.567,14.143],[-0.612,14.176],[-0.635,14.325],[-1.043,14.818]],[[-2.591,13.293],[-2.64,13.458],[-2.86,13.558],[-2.93,13.639]],[[-3.981,11.933],[-3.822,12.148],[-3.813,12.26],[-3.696,12.401],[-3.578,12.402],[-3.564,12.482]],[[-3.981,11.933],[-4.211,11.925],[-4.308,11.742],[-4.468,11.719],[-4.432,11.984],[-4.466,12.064],[-4.653,12.072]],[[-3.564,12.482],[-3.911,12.541],[-4.009,12.402],[-4.088,12.383],[-4.177,12.546],[-4.156,12.679],[-4.245,12.729]],[[12.657,-3.528],[12.618,-3.576],[12.645,-3.759],[12.607,-3.817],[12.852,-4.076],[12.999,-4.333],[13.255,-4.412],[13.393,-4.629],[13.563,-4.727],[13.58,-4.783]],[[12.657,-3.528],[12.796,-3.562],[12.9,-3.832],[13.023,-3.923],[13.347,-3.928],[13.375,-4.033],[13.443,-4.052],[13.508,-4.029],[13.598,-3.832],[13.569,-3.768],[13.717,-3.733],[13.86,-3.538]],[[12.657,-3.528],[12.603,-3.426],[12.678,-3.325],[12.918,-3.294],[12.923,-3.251],[13.015,-3.233],[13.108,-3.14],[13.13,-2.989],[12.999,-2.869],[13.076,-2.815],[13.051,-2.377],[12.994,-2.36]],[[11.841,-3.71],[12.213,-3.947],[12.384,-3.995],[12.552,-4.171],[12.591,-4.32],[12.706,-4.334],[12.783,-4.4]],[[13.86,-3.538],[14.032,-3.572],[14.144,-3.456],[14.243,-3.5],[14.307,-3.632],[14.213,-3.691],[14.377,-3.951],[14.322,-4.007],[14.239,-3.986],[14.144,-4.095],[14.151,-4.17],[13.969,-4.274],[13.905,-4.49]],[[13.86,-3.538],[14.085,-3.25],[14.169,-3.039],[14.261,-2.981]],[[16.427,2.726],[16.565,2.5],[16.672,2.49],[16.741,2.362],[16.758,1.806],[16.699,1.474],[16.798,1.182],[16.778,1.066],[16.696,1],[16.699,0.859],[17.05,0.394]],[[17.05,0.394],[16.341,0.042],[16.228,0.117],[16.13,0.121],[16.08,0.302],[15.875,0.443],[15.662,0.455],[15.527,0.354],[15.285,0.411]],[[17.05,0.394],[17.204,0.207],[17.146,0.058],[17.187,-0.173],[17.135,-0.339],[17.18,-0.367],[17.152,-0.464],[17.225,-0.492],[17.208,-0.688],[17.262,-0.743],[17.546,-0.756]],[[14.261,-2.981],[14.343,-2.876],[14.281,-2.76],[14.301,-2.702],[14.141,-2.675],[14.189,-2.611],[14.126,-2.585],[14.153,-2.555],[14.101,-2.478]],[[14.261,-2.981],[14.52,-3.081],[14.893,-2.717],[14.939,-2.894],[15.115,-2.894],[15.155,-2.978],[15.243,-3.02],[15.474,-3.006],[15.823,-2.825],[16.005,-2.942],[16.184,-2.94]],[[15.285,0.411],[15.09,0.532],[15.07,0.888],[15.149,0.947],[15.138,1.001],[14.95,1.06],[14.783,1.179],[14.565,1.23],[14.5,1.39],[14.22,1.355]],[[15.285,0.411],[15.134,0.301],[15.228,0.197],[15.243,0.129],[15.193,0.075],[14.898,0.033],[14.888,-0.004],[14.95,-0.226],[15.104,-0.295],[15.143,-0.508],[15.01,-0.688],[15.185,-0.858],[15.146,-0.935],[14.992,-1.094],[14.688,-1.109],[14.439,-1.186]],[[16.656,-1.59],[16.544,-1.527],[16.441,-1.542],[16.343,-1.474],[16.262,-1.309],[15.748,-1.057],[15.709,-0.959],[15.58,-0.938],[15.443,-0.978],[15.229,-1.153],[15.022,-1.533],[14.763,-1.662],[14.565,-1.951],[14.411,-2.024],[14.369,-1.922]],[[94.129,23.854],[94.17,23.695],[94.143,23.499],[94.05,23.499],[94.049,23.348],[94,23.331],[94.007,22.678]],[[94.007,22.678],[94.054,21.952],[94.007,21.79],[94.13,21.573],[94.028,21.266],[94.106,21.209],[94.119,21.111],[94.039,20.917],[94.138,20.693],[94.023,20.652],[93.905,20.702]],[[94.007,22.678],[94.113,22.708],[94.29,22.422],[94.256,22.145],[94.406,22.056],[94.409,21.804],[94.49,21.767],[94.602,21.82],[95.128,21.83],[95.248,21.661],[95.342,21.609]],[[92.641,21.309],[92.855,21.043],[92.94,21.08],[93.133,21.044],[93.177,20.889],[93.413,20.701],[93.602,20.663],[93.672,20.698],[93.689,20.892],[93.905,20.702]],[[93.905,20.702],[93.904,20.581],[94.012,20.518],[94.341,19.933],[94.328,19.818],[94.43,19.451],[94.556,19.264],[94.56,19.115],[94.682,19.025],[94.805,18.837],[94.72,18.784],[94.792,18.697],[94.744,18.624],[94.764,18.466],[94.837,18.358]],[[94.837,18.358],[94.89,18.237],[94.883,17.73],[94.81,17.624],[94.754,17.372],[94.568,17.463]],[[94.837,18.358],[94.936,18.418],[95.065,18.36],[95.153,18.471]],[[95.342,21.609],[95.38,21.707],[95.523,21.745],[95.657,21.627],[95.772,21.626],[95.884,21.851],[96.041,21.923],[95.988,22.216],[96.013,22.332],[95.964,22.392],[95.99,22.529],[95.901,22.707],[95.965,22.769],[95.975,23.154],[95.909,23.379],[96.082,23.629],[96.125,23.623],[96.139,23.52],[96.321,23.507]],[[95.342,21.609],[95.33,21.464],[95.142,21.314],[95.022,21.311],[94.975,21.244],[94.819,21.204],[94.815,20.953],[95.082,20.83],[95.063,20.61],[95.109,20.532],[95.186,20.635],[95.484,20.761],[95.62,20.732],[95.831,20.131],[95.765,19.975],[95.816,19.833],[95.725,19.609],[95.739,19.507],[95.8,19.464]],[[97.059,27.092],[96.965,26.991],[96.239,26.959],[96.293,26.916],[96.275,26.858],[96.047,26.666],[96.152,26.499],[96.007,26.418],[96.155,26.142],[96.164,26.031],[96.078,25.873],[96.182,25.672],[96.061,25.539],[95.99,25.567],[95.969,25.516],[95.977,25.241],[96.073,25.078],[96.068,24.986],[96.016,24.963],[96.022,25.056],[95.84,24.965],[95.948,24.69],[96.104,24.637],[96.235,24.459],[96.425,24.501],[96.656,24.417],[96.607,24.25],[96.674,24.142]],[[96.674,24.142],[96.389,24.029],[96.41,23.983],[96.508,24.011],[96.56,23.849],[96.321,23.507]],[[96.674,24.142],[96.73,24.028],[96.833,23.965],[96.886,23.99],[96.912,23.928],[96.893,23.823],[96.783,23.751],[96.995,23.708],[97.02,23.647],[97.31,23.705],[97.617,23.817],[97.647,23.869]],[[96.321,23.507],[96.307,23.43],[96.19,23.348],[96.158,23.158],[96.204,23.061],[96.347,23.018],[96.519,23.059],[96.717,22.934],[96.635,22.82],[96.204,22.74],[96.333,22.488],[96.324,22.374],[96.427,22.337],[96.484,22.16],[96.736,22.077],[96.889,21.76],[96.705,21.717],[96.576,21.594],[96.34,21.538],[96.288,21.46],[96.374,21.171],[96.24,21.15],[96.21,21.06],[96.258,20.974],[96.506,20.916],[96.588,20.85],[96.569,20.769],[96.457,20.724],[96.547,20.589],[96.476,20.423],[96.547,20.216],[96.454,20.132],[96.453,20.033],[96.375,20.017],[96.455,19.857],[96.537,19.849],[96.658,19.703],[96.556,19.606],[96.656,19.568],[96.673,19.496]],[[95.8,19.464],[95.857,19.304],[95.822,19.166],[95.464,19.145],[95.307,19.055],[95.279,18.965],[95.188,18.901],[95.205,18.768],[95.08,18.667],[95.063,18.562],[95.153,18.471]],[[95.8,19.464],[95.952,19.481],[96.112,19.416],[96.18,19.485],[96.399,19.47]],[[96.673,19.496],[96.592,19.431],[96.525,19.477],[96.399,19.47]],[[96.399,19.47],[96.538,19.18],[96.506,19.125],[96.684,18.922],[96.615,18.857],[96.662,18.653],[96.703,18.604],[96.95,18.639],[96.977,18.416],[97.072,18.293],[97.122,18.314],[97.14,18.206],[97.204,18.153],[97.13,17.966],[97.203,17.819],[97.179,17.724],[97.234,17.546]],[[97.74,16.559],[97.786,16.518],[97.854,16.535],[97.92,16.43],[97.985,16.426],[98.005,16.339],[98.135,16.193],[98.075,16.124],[97.823,16.134],[97.864,16.04],[97.835,15.897],[97.871,15.684],[97.946,15.639],[98.208,15.219]],[[95.747,17.462],[95.673,17.567],[95.473,17.686],[95.45,17.79],[95.49,17.914],[95.388,18.22],[95.153,18.471]],[[95.747,17.462],[95.691,17.3],[95.707,17.206],[95.904,16.905],[95.861,16.652],[95.889,16.553],[95.832,16.479],[96.017,16.378]],[[97.234,17.546],[97.419,17.708],[97.384,17.632],[97.521,17.301],[97.531,17.125],[97.468,17.014],[97.496,16.885],[97.563,16.719],[97.704,16.574]],[[-3.426,12.786],[-3.474,13.168]],[[25.012,42.748],[25.026,42.541],[25.16,42.51],[25.197,42.417],[25.108,42.401],[25.149,42.286],[25.086,42.263],[25.088,42.188],[25.33,42.125]],[[25.012,42.748],[25.011,42.759]],[[25.012,42.748],[25.62,42.767]],[[25.33,42.125],[25.284,42.133],[25.308,41.972],[25.223,41.904]],[[25.33,42.125],[25.45,42.099],[25.474,42.167],[25.589,42.193],[25.608,42.13],[25.757,42.062],[25.87,42.127],[26.057,42.02],[26.143,42.046]],[[25.811,42.783],[25.883,42.568],[25.831,42.539],[25.979,42.271],[25.974,42.198],[26.025,42.153],[26.13,42.157]],[[25.811,42.783],[26.057,42.817],[26.172,42.949]],[[25.811,42.783],[25.62,42.767]],[[26.13,42.157],[26.225,42.358],[26.169,42.405],[26.245,42.463],[26.342,42.461],[26.405,42.563],[26.643,42.622],[26.661,42.696]],[[26.13,42.157],[26.143,42.046]],[[26.572,42.924],[26.574,42.987]],[[26.572,42.924],[26.578,42.771],[26.499,42.73],[26.593,42.676],[26.661,42.696]],[[26.572,42.924],[26.645,42.937],[26.69,42.889],[26.801,42.947],[27.119,42.954]],[[26.574,42.987],[26.336,43.042],[26.172,42.949]],[[26.574,42.987],[26.764,43.209],[26.733,43.298],[26.781,43.368],[26.723,43.411]],[[27.2,43.669],[27.001,43.7]],[[27.2,43.669],[27.419,43.571]],[[27.2,43.669],[27.237,43.671],[27.216,43.743],[27.276,43.795],[27.386,43.776],[27.374,43.825],[27.481,43.831],[27.531,43.913],[27.607,43.908],[27.683,43.987]],[[27.001,43.7],[26.922,43.588],[26.873,43.603],[26.723,43.485],[26.723,43.411]],[[27.001,43.7],[26.837,43.844],[26.767,43.807],[26.568,43.937],[26.396,43.95]],[[26.396,43.95],[26.332,44.055]],[[26.396,43.95],[26.254,43.832],[26.252,43.792],[26.358,43.763],[26.295,43.658],[26.18,43.662],[26.184,43.536]],[[26.723,43.411],[26.598,43.342],[26.487,43.35],[26.485,43.418],[26.36,43.441],[26.364,43.484],[26.272,43.538],[26.184,43.536]],[[26.184,43.536],[26.039,43.507],[25.946,43.417],[26.02,43.319]],[[26.172,42.949],[26.095,42.977],[26.112,43.027],[26.057,43.098],[26.108,43.178],[26.086,43.285],[26.02,43.319]],[[26.02,43.319],[25.935,43.375],[25.606,43.413],[25.55,43.453],[25.567,43.508],[25.47,43.546],[25.508,43.614],[25.482,43.67]],[[25.011,42.759],[24.752,42.709],[24.585,42.789],[24.397,42.755]],[[25.011,42.759],[24.978,42.853],[24.885,42.9],[24.867,42.987],[24.985,43.196],[25.073,43.181]],[[25.62,42.767],[25.628,42.889],[25.553,42.939],[25.559,43.033],[25.333,43.051],[25.279,43.108],[25.144,43.11],[25.073,43.181]],[[24.408,42.562],[24.394,42.464],[24.516,42.169],[24.45,42.135],[24.451,41.949]],[[24.408,42.562],[24.473,42.599],[24.373,42.662],[24.397,42.755]],[[24.408,42.562],[24.229,42.63],[24.035,42.553],[23.904,42.57],[23.921,42.508],[24.055,42.445],[23.959,42.392],[23.958,42.268],[23.888,42.291],[23.763,42.178]],[[24.451,41.949],[24.563,41.885],[24.809,41.931],[25.067,41.795]],[[24.451,41.949],[24.271,41.742],[24.177,41.728],[24.15,41.791],[24.063,41.792],[24.1,41.742],[24.073,41.686]],[[24.397,42.755],[24.159,42.781],[24.151,42.909],[23.977,43.06]],[[25.112,43.28],[25.03,43.364],[24.922,43.295],[24.753,43.309],[24.574,43.201],[24.393,43.278],[24.027,43.212]],[[25.112,43.28],[25.226,43.337],[25.19,43.442],[25.136,43.462],[25.285,43.69]],[[25.112,43.28],[25.073,43.181]],[[24.027,43.212],[23.951,43.245],[23.979,43.295],[24.228,43.343],[24.225,43.485],[24.12,43.589],[24.288,43.665],[24.337,43.759]],[[24.027,43.212],[24.016,43.111],[23.958,43.115],[23.977,43.06]],[[26.661,42.696],[26.719,42.689],[26.87,42.471],[27.09,42.337],[27.02,42.184],[27.048,42.083]],[[26.143,42.046],[26.32,42.005],[26.367,41.941],[26.437,41.974],[26.48,41.894],[26.553,41.882]],[[23.977,43.06],[23.936,43.028],[23.634,43.053],[23.553,43.009],[23.435,43.108],[23.462,43.15],[23.399,43.163]],[[25.067,41.795],[25.223,41.904]],[[25.067,41.795],[25.038,41.761],[25.094,41.629],[24.994,41.578],[25.071,41.492],[25.142,41.523],[25.154,41.308]],[[24.073,41.686],[23.796,41.861],[23.763,41.94],[23.816,42.112],[23.763,42.178]],[[24.073,41.686],[24.123,41.655],[24.078,41.624],[24.198,41.548]],[[25.223,41.904],[25.247,41.817],[25.389,41.847],[25.471,41.77],[25.586,41.761],[25.639,41.62],[25.782,41.665],[25.917,41.563],[26.059,41.644]],[[27.119,42.954],[27.078,43.001],[27.209,43.047],[27.158,43.083],[27.212,43.178],[27.157,43.232],[27.303,43.319],[27.271,43.379],[27.334,43.508],[27.285,43.52],[27.419,43.571]],[[27.119,42.954],[27.237,42.988],[27.446,42.884],[27.621,42.909],[27.802,42.822],[27.884,42.848]],[[27.419,43.571],[27.52,43.499],[27.604,43.542],[27.868,43.365],[27.934,43.394],[28.087,43.355]],[[23.06,42.71],[23.195,42.736],[23.274,42.898],[23.401,42.848],[23.609,42.861],[23.503,42.658],[23.654,42.436],[23.532,42.434],[23.516,42.524],[23.432,42.473],[23.279,42.532]],[[23.06,42.71],[23.279,42.532]],[[23.06,42.71],[22.74,42.899]],[[23.279,42.532],[23.216,42.373]],[[23.763,42.178],[23.494,42.099]],[[23.399,43.163],[23.464,43.231],[23.336,43.303],[23.441,43.488],[23.623,43.528],[23.551,43.584],[23.622,43.714],[23.621,43.834]],[[23.399,43.163],[23.22,43.111],[22.983,43.187]],[[23.053,43.843],[23.04,43.784],[22.975,43.766],[23.047,43.702],[22.953,43.635],[22.969,43.527],[22.798,43.491],[22.724,43.386]],[[23.216,42.373],[23.294,42.374],[23.399,42.262],[23.339,42.173],[23.428,42.187],[23.53,42.135],[23.494,42.099]],[[23.216,42.373],[23.103,42.403],[22.85,42.36],[22.599,42.62],[22.441,42.633]],[[23.494,42.099],[23.061,42.049],[22.934,42.086],[22.846,42.007]],[[-22.516,71.909],[-22.886,71.943],[-23.131,71.894],[-23.429,71.924],[-24.091,71.833],[-24.34,71.849],[-24.453,71.799],[-24.458,71.717],[-24.53,71.706],[-24.482,71.623],[-24.631,71.63],[-24.528,71.59],[-24.58,71.429],[-24.764,71.47],[-24.73,71.396],[-24.866,71.386],[-25.392,71.447]],[[-44,67.55],[-44,65.365],[-49.995,65.366],[-50.319,65.319],[-50.723,65.184]],[[-44,67.55],[-44,71]],[[-44,67.55],[-49.412,67.55],[-50.104,67.506]],[[-44,71],[-44,78],[-57.155,80.038],[-60.285,80.606],[-61.851,81.129]],[[-43.151,62.76],[-44,62.747],[-47.605,61.07],[-47.885,61.009]],[[34.953,31.608],[34.873,31.659],[34.828,31.792]],[[34.828,31.792],[34.999,31.854]],[[-72.103,-34.761],[-71.737,-34.951],[-71.418,-34.925],[-71.326,-34.845],[-71.171,-34.818],[-70.957,-34.915],[-70.785,-34.92],[-70.649,-35.014],[-70.372,-35.027]],[[-74.067,-48.742],[-73.17,-49.251]],[[-71.016,-38.144],[-71.313,-38.063],[-71.655,-38.246],[-71.746,-38.102],[-71.721,-38.057],[-72.089,-38.016],[-72.377,-37.854],[-72.506,-37.68],[-73.061,-37.647],[-73.112,-37.722],[-73.059,-37.811],[-73.167,-38.025],[-73.091,-38.138],[-73.281,-38.332],[-73.27,-38.477],[-73.364,-38.425],[-73.525,-38.478]],[[-71.718,-33.971],[-71.624,-34.04],[-71.525,-34.026],[-71.067,-34.186],[-70.949,-34.151],[-70.815,-34.027],[-70.812,-33.958],[-70.438,-33.9],[-70.314,-34.06],[-70.189,-34.082],[-70.048,-34.283]],[[-71.718,-33.971],[-71.401,-33.797],[-71.367,-33.513],[-71.451,-33.433],[-71.444,-33.337],[-71.053,-33.044],[-70.798,-32.96],[-70.677,-33.013],[-70.616,-32.974],[-70.302,-33.171],[-70.106,-33.053]],[[-71.718,-33.971],[-71.871,-33.933]],[[-68.554,-25.291],[-68.717,-25.379],[-69.006,-25.385],[-68.994,-25.48],[-69.08,-25.65],[-69.441,-25.68],[-69.568,-25.648],[-69.711,-25.661],[-69.883,-25.747],[-70.147,-25.737],[-70.271,-25.826],[-70.399,-25.823],[-70.635,-26.029]],[[-68.99,-18.946],[-69.193,-19.103],[-69.788,-18.988],[-70.27,-19.171]],[[36.011,34.152],[36.249,34.462],[36.33,34.499]],[[36.011,34.152],[35.953,33.993],[35.77,33.808],[35.808,33.781],[35.614,33.51]],[[35.614,33.51],[35.635,33.433]],[[35.635,33.433],[35.716,33.481],[35.845,33.419]],[[35.635,33.433],[35.543,33.349],[35.524,33.501],[35.41,33.472],[35.368,33.379],[35.32,33.394],[35.297,33.368],[35.354,33.318],[35.43,33.314],[35.289,33.099]],[[95.176,27.033],[95.234,26.946],[95.197,26.842],[95.247,26.649]],[[95.176,27.033],[95.424,27.141],[95.534,27.272],[95.644,27.23],[95.904,27.276],[96.007,27.365],[95.978,27.45],[95.888,27.402],[95.887,27.557],[95.799,27.628],[95.776,27.717],[95.973,27.989],[95.717,27.99],[95.408,27.871],[95.305,27.896],[94.526,27.604],[94.353,27.593],[94.243,27.648],[94.212,27.613],[94.243,27.526],[93.847,27.199],[93.827,27.096],[93.632,26.983],[93.02,26.953],[92.699,27.066],[92.329,26.936],[92.08,26.922]],[[5.366,52.283],[5.105,52.364],[5.194,52.429],[5.095,52.582],[5.359,52.689],[5.37,52.79]],[[30.018,-2.072],[29.957,-2.327]],[[30.018,-2.072],[29.981,-1.909]],[[30.018,-2.072],[30.165,-2.028],[30.209,-2.075],[30.272,-1.936],[30.247,-1.843]],[[29.981,-1.909],[29.998,-1.842],[30.135,-1.779],[30.247,-1.843]],[[29.981,-1.909],[29.658,-1.733]],[[30.247,-1.843],[30.258,-1.7],[30.066,-1.387]],[[29.658,-1.733],[29.671,-1.952],[29.623,-1.974],[29.606,-2.182],[29.339,-2.299],[29.326,-2.414],[29.271,-2.459],[29.36,-2.613],[29.309,-2.69]],[[29.658,-1.733],[29.631,-1.588],[29.491,-1.556],[29.445,-1.497]],[[-109.156,26.308],[-109.231,26.263]],[[71.006,20.737],[70.973,20.71]],[[-77.141,-11.999],[-77.114,-12.081]],[[-116.879,46.001],[-119.002,46],[-119.093,45.949],[-119.575,45.928],[-120.23,45.737],[-120.631,45.729],[-120.9,45.642],[-121.155,45.622],[-121.272,45.709],[-121.793,45.721],[-122.261,45.566],[-122.722,45.649],[-122.807,45.978],[-122.967,46.136],[-123.112,46.186],[-123.373,46.147],[-123.475,46.268],[-123.872,46.235],[-124.031,46.295],[-124.093,46.26]],[[-116.879,46.001],[-116.961,46.105],[-116.909,46.162],[-116.942,46.26],[-117.044,46.378],[-117.038,48.993]],[[-116.879,46.001],[-116.759,45.838],[-116.53,45.752],[-116.455,45.601],[-116.831,45.025],[-116.864,44.866],[-117.029,44.734],[-117.204,44.482],[-117.195,44.298],[-116.973,44.268],[-116.892,44.177],[-116.969,44.1],[-116.936,44.017],[-117.031,43.829],[-117.017,42]],[[-120.001,42],[-117.017,42]],[[-120.001,42],[-120,38.999],[-118.126,37.691],[-114.628,35.004]],[[-116.048,48.993],[-116.049,48.004],[-115.719,47.7],[-115.677,47.604],[-115.733,47.556],[-115.639,47.479],[-115.724,47.442],[-115.497,47.304],[-115.333,47.264],[-114.918,46.923],[-114.905,46.842],[-114.766,46.774],[-114.761,46.716],[-114.663,46.748],[-114.636,46.674],[-114.567,46.644],[-114.325,46.665],[-114.454,46.27],[-114.433,46.191],[-114.503,46.16],[-114.451,46.109],[-114.474,46.013],[-114.404,45.985],[-114.388,45.888],[-114.55,45.784],[-114.494,45.705],[-114.545,45.573],[-114.298,45.484],[-114.109,45.573],[-113.99,45.703],[-113.803,45.608],[-113.715,45.309],[-113.436,45.022],[-113.481,44.934],[-113.434,44.863],[-113.334,44.794],[-113.233,44.819],[-113.141,44.776],[-113.045,44.652],[-113.069,44.609],[-112.993,44.532],[-112.996,44.465],[-112.838,44.377],[-112.751,44.489],[-112.39,44.458],[-112.242,44.569],[-111.461,44.549],[-111.494,44.644],[-111.375,44.755],[-111.051,44.498]],[[-114.724,32.713],[-114.536,32.738],[-114.461,32.855],[-114.502,33.019],[-114.697,33.089],[-114.673,33.205],[-114.724,33.321],[-114.727,33.411],[-114.626,33.437],[-114.533,33.569],[-114.488,33.725],[-114.516,33.964],[-114.382,34.124],[-114.119,34.293],[-114.369,34.472],[-114.421,34.634],[-114.617,34.879],[-114.628,35.004]],[[-87.019,42.496],[-87.147,43.38],[-87.061,43.97],[-86.715,44.845],[-86.498,45.076],[-86.251,45.236],[-86.764,45.444],[-87.092,45.444],[-87.199,45.323],[-87.403,45.205],[-87.436,45.079],[-87.597,45.104],[-87.734,45.192],[-87.67,45.38],[-87.882,45.377],[-87.804,45.5],[-87.803,45.687],[-87.902,45.759],[-88.11,45.803],[-88.086,45.877],[-88.123,45.931],[-88.529,46.025],[-88.837,46.036],[-89.119,46.148],[-90.118,46.341],[-90.217,46.498],[-90.413,46.584],[-89.958,47.286]],[[-87.019,42.496],[-87.208,41.76]],[[-87.019,42.496],[-90.641,42.512]],[[-89.958,47.286],[-89.499,47.995]],[[-89.958,47.286],[-90.654,47.308],[-91.965,46.729],[-92.141,46.755],[-92.215,46.664],[-92.292,46.66],[-92.293,46.083],[-92.704,45.913],[-92.891,45.704],[-92.883,45.576],[-92.751,45.559],[-92.663,45.426],[-92.759,45.283],[-92.75,45.126],[-92.802,45.078],[-92.758,44.926],[-92.82,44.758],[-92.585,44.608],[-92.394,44.58],[-92.286,44.471],[-92.103,44.437],[-91.663,44.073],[-91.408,44.013],[-91.284,43.898],[-91.25,43.501]],[[-91.442,40.38],[-91.519,40.175],[-91.449,39.866],[-91.355,39.711],[-90.774,39.279],[-90.703,38.995],[-90.627,38.89],[-90.428,38.967],[-90.127,38.83],[-90.378,38.338],[-90.362,38.227],[-90.111,38.017],[-89.722,37.837],[-89.647,37.734],[-89.523,37.679],[-89.523,37.542],[-89.441,37.398],[-89.523,37.268],[-89.377,37.047],[-89.275,37],[-89.309,37.071],[-89.26,37.083],[-89.188,36.981],[-89.124,36.98]],[[-91.442,40.38],[-91.374,40.403],[-91.401,40.581],[-91.153,40.672],[-91.083,40.839],[-90.949,40.982],[-90.969,41.116],[-91.099,41.236],[-91.031,41.414],[-90.705,41.451],[-90.441,41.543],[-90.346,41.605],[-90.305,41.749],[-90.189,41.835],[-90.14,42.031],[-90.17,42.116],[-90.403,42.245],[-90.432,42.353],[-90.641,42.512]],[[-89.124,36.98],[-89.133,36.761],[-89.205,36.608],[-89.253,36.569],[-89.37,36.633],[-89.424,36.499]],[[-89.124,36.98],[-89.179,37.062],[-89.002,37.223],[-88.484,37.072],[-88.433,37.137],[-88.512,37.303],[-88.489,37.385],[-88.091,37.491],[-88.163,37.64],[-88.045,37.807]],[[-89.424,36.499],[-89.479,36.452],[-89.494,36.501]],[[-89.424,36.499],[-88.043,36.499],[-88.067,36.69],[-87.839,36.643],[-86.508,36.664],[-83.667,36.604]],[[-91.166,33.014],[-91.072,32.923],[-91.157,32.771],[-91.07,32.711],[-91.168,32.666],[-91.099,32.567],[-91.105,32.465],[-90.913,32.31],[-91.032,32.148],[-91.095,32.141],[-91.091,32.014],[-91.351,31.841],[-91.436,31.573],[-91.529,31.501],[-91.496,31.411],[-91.529,31.293],[-91.648,31.272],[-91.579,31.056],[-91.657,31],[-89.735,31],[-89.846,30.682],[-89.799,30.566],[-89.678,30.457],[-89.588,30.212],[-89.526,30.193]],[[-91.166,33.014],[-91.161,33.119],[-91.093,33.167],[-91.113,33.28],[-91.182,33.32],[-91.127,33.478],[-91.235,33.567],[-91.156,33.588],[-91.152,33.633],[-91.226,33.69],[-91.045,33.815],[-91.036,33.93],[-91.093,33.99],[-90.88,34.061],[-90.956,34.157],[-90.771,34.284],[-90.759,34.381],[-90.594,34.425],[-90.568,34.72],[-90.478,34.738],[-90.464,34.828],[-90.272,34.923],[-90.304,35]],[[-91.166,33.014],[-94.041,33.011]],[[-90.304,35],[-90.178,35.13],[-90.085,35.148],[-90.115,35.37],[-90.012,35.512],[-89.918,35.548],[-89.952,35.723],[-89.722,35.833],[-89.784,35.878],[-89.76,35.909],[-89.674,35.896],[-89.724,36]],[[-90.304,35],[-88.179,34.998]],[[-89.724,36],[-90.379,35.988],[-90.298,36.113],[-90.067,36.287],[-90.064,36.374],[-90.162,36.5],[-94.618,36.5]],[[-89.724,36],[-89.614,36.142],[-89.695,36.247],[-89.557,36.275],[-89.628,36.341],[-89.531,36.384],[-89.56,36.5]],[[-89.494,36.501],[-89.56,36.5]],[[-89.494,36.501],[-89.537,36.568],[-89.56,36.5]],[[-94.041,33.011],[-94.043,31.998],[-93.84,31.79],[-93.83,31.594],[-93.727,31.515],[-93.743,31.473],[-93.654,31.374],[-93.676,31.32],[-93.6,31.198],[-93.548,31.193],[-93.56,31.097],[-93.515,31.042],[-93.578,31.008],[-93.538,30.944],[-93.574,30.82],[-93.731,30.566],[-93.704,30.473],[-93.756,30.373],[-93.704,30.144],[-93.798,29.986]],[[-82.589,38.419],[-82.698,38.535],[-82.827,38.586],[-82.898,38.752],[-83.152,38.619],[-83.305,38.601],[-83.534,38.707],[-83.714,38.639],[-83.866,38.762],[-84.218,38.823],[-84.307,39.017],[-84.466,39.111],[-84.637,39.077],[-84.73,39.146],[-84.824,39.097]],[[-82.589,38.419],[-82.332,38.444],[-82.277,38.588],[-82.177,38.612],[-82.209,38.786],[-82.058,39.003],[-81.937,38.991],[-81.902,38.874],[-81.824,38.954],[-81.764,38.937],[-81.818,39.08],[-81.755,39.105],[-81.682,39.271],[-81.581,39.275],[-81.463,39.407],[-81.369,39.351],[-81.227,39.398],[-80.875,39.629],[-80.836,39.72],[-80.871,39.771],[-80.802,39.925],[-80.759,39.929],[-80.735,40.08],[-80.601,40.323],[-80.605,40.486],[-80.677,40.589],[-80.52,40.647]],[[-82.589,38.419],[-82.572,38.248],[-82.637,38.162],[-82.47,37.981],[-82.482,37.937],[-82.292,37.683],[-82.116,37.563],[-81.965,37.539]],[[-84.824,39.097],[-84.806,41.697]],[[-84.824,39.097],[-84.873,39.062],[-84.823,38.974],[-84.877,38.92],[-84.784,38.893],[-84.806,38.795],[-84.936,38.792],[-85.186,38.694],[-85.257,38.741],[-85.455,38.726],[-85.415,38.553],[-85.59,38.461],[-85.665,38.31],[-85.829,38.277],[-85.931,38.029],[-86.051,37.97],[-86.259,38.059],[-86.292,38.154],[-86.383,38.195],[-86.333,38.147],[-86.462,38.137],[-86.444,38.069],[-86.519,38.04],[-86.523,37.938],[-86.624,37.854],[-86.663,37.864],[-86.644,37.901],[-86.773,37.924],[-86.819,37.995],[-87.02,37.919],[-87.118,37.789],[-87.405,37.942],[-87.549,37.913],[-87.599,37.976],[-87.627,37.835],[-87.68,37.837],[-87.687,37.907],[-87.797,37.878],[-87.909,37.932],[-87.9,37.83],[-87.951,37.782],[-88.045,37.807]],[[-83.667,36.604],[-83.129,36.753],[-83.062,36.852],[-82.869,36.901],[-82.849,36.98],[-82.712,37.047],[-82.682,37.137],[-82.351,37.278],[-81.965,37.539]],[[-83.667,36.604],[-81.659,36.61]],[[-88.179,34.998],[-85.606,34.985]],[[-88.179,34.998],[-88.089,34.892],[-88.486,31.89],[-88.381,30.16]],[[-85.606,34.985],[-84.325,34.987]],[[-85.606,34.985],[-85.201,32.935],[-85.103,32.653],[-84.968,32.434],[-84.992,32.337],[-84.898,32.269],[-85.031,32.17],[-85.144,31.824],[-85.043,31.535],[-85.101,31.183],[-85.007,31]],[[-80.52,40.647],[-80.52,42.324]],[[-80.52,40.647],[-80.519,39.721],[-79.477,39.722]],[[-81.965,37.539],[-81.984,37.472],[-81.927,37.371],[-81.824,37.286],[-81.584,37.205],[-81.363,37.335],[-81.224,37.244],[-80.882,37.326],[-80.846,37.425],[-80.744,37.382],[-80.528,37.468],[-80.452,37.429],[-80.29,37.514],[-80.306,37.564],[-80.225,37.622],[-80.285,37.685],[-80,38.002],[-79.917,38.179],[-79.795,38.274],[-79.649,38.588],[-79.547,38.564],[-79.507,38.48],[-79.284,38.427],[-78.999,38.842],[-78.868,38.788],[-78.743,38.93],[-78.581,38.99],[-78.42,39.157],[-78.322,39.451],[-77.836,39.144],[-77.735,39.331]],[[-79.477,39.722],[-75.789,39.721]],[[-79.477,39.722],[-79.486,39.207],[-79.103,39.467],[-78.958,39.454],[-78.779,39.637],[-78.683,39.546],[-78.469,39.534],[-78.406,39.594],[-78.434,39.624],[-78.28,39.635],[-78.184,39.704],[-77.969,39.602],[-77.847,39.612],[-77.88,39.564],[-77.86,39.516],[-77.839,39.543],[-77.821,39.497],[-77.771,39.502],[-77.806,39.448],[-77.748,39.423],[-77.735,39.331]],[[-85.007,31],[-87.594,31],[-87.625,30.865],[-87.405,30.67],[-87.439,30.529],[-87.367,30.44],[-87.506,30.319],[-87.446,30.298],[-87.518,30.253]],[[-85.007,31],[-84.876,30.719],[-82.24,30.565],[-82.176,30.365],[-82.049,30.375],[-82.011,30.578],[-82.041,30.737],[-81.962,30.818],[-81.5,30.712]],[[-84.325,34.987],[-84.291,35.23],[-84.078,35.268],[-84.011,35.425],[-83.889,35.512],[-83.735,35.566],[-83.499,35.57],[-83.171,35.756],[-82.991,35.784],[-82.907,35.946],[-82.81,35.933],[-82.77,36],[-82.63,36.057],[-82.56,35.962],[-82.377,36.107],[-82.213,36.159],[-82.078,36.104],[-81.892,36.317],[-81.81,36.361],[-81.716,36.344],[-81.744,36.4],[-81.659,36.61]],[[-84.325,34.987],[-83.115,35]],[[-83.115,35],[-83.308,34.82],[-83.355,34.708],[-83.047,34.497],[-82.857,34.461],[-82.729,34.171],[-82.571,33.968],[-82.273,33.778],[-82.174,33.616],[-81.938,33.476],[-81.931,33.361],[-81.842,33.314],[-81.848,33.26],[-81.76,33.156],[-81.518,33.04],[-81.403,32.745],[-81.406,32.624],[-81.201,32.485],[-81.132,32.321],[-81.136,32.136],[-80.89,32.033]],[[-71.801,42.011],[-71.387,42.016],[-71.341,41.797],[-71.237,41.71]],[[-71.801,42.011],[-72.806,42.007],[-73.481,42.055]],[[-73.481,42.055],[-73.507,42.079],[-73.266,42.746]],[[-73.481,42.055],[-73.545,41.295],[-73.484,41.218],[-73.723,41.103],[-73.643,41.001]],[[-77.735,39.331],[-77.467,39.244],[-77.496,39.124],[-77.272,39.048],[-77.12,38.934]],[[-75.967,36.55],[-76.013,36.55]],[[-75.853,36.549],[-75.881,36.549]],[[-75.789,39.721],[-75.601,39.838],[-75.42,39.805],[-75.565,39.628],[-75.525,39.557],[-75.555,39.451],[-75.321,39.251],[-75.042,38.835]],[[-75.789,39.721],[-75.694,38.46],[-75.058,38.454]],[[-75.789,39.721],[-75.789,39.721]],[[-75.058,38.453],[-75.044,38.454]],[[-77.12,38.934],[-77.035,38.861],[-77.04,38.785],[-76.909,38.893],[-77.042,38.996],[-77.12,38.934]],[[-74.699,41.356],[-74.78,41.328],[-74.938,41.128],[-75.129,40.998],[-75.058,40.872],[-75.198,40.701],[-75.182,40.57],[-75.089,40.558],[-75.054,40.435],[-74.975,40.415],[-74.729,40.163],[-75.113,39.968],[-75.14,39.887],[-75.42,39.805]],[[-74.699,41.356],[-74.742,41.431],[-74.984,41.498],[-75.061,41.605],[-75.079,41.828],[-75.249,41.882],[-75.339,41.997],[-79.763,42],[-79.763,42.538]],[[-73.266,42.746],[-72.467,42.729]],[[-73.266,42.746],[-73.247,43.552],[-73.309,43.626],[-73.407,43.57],[-73.425,43.607],[-73.363,43.779],[-73.439,44.06],[-73.325,44.242],[-73.293,44.454],[-73.377,44.619],[-73.351,45.005]],[[-72.467,42.729],[-71.306,42.701],[-71.141,42.816],[-70.814,42.877]],[[-72.467,42.729],[-72.555,42.878],[-72.471,43.006],[-72.392,43.558],[-72.101,43.973],[-72.02,44.318],[-71.678,44.446],[-71.549,44.587],[-71.635,44.74],[-71.515,44.895],[-71.506,45.014]],[[-70.744,43.084],[-70.825,43.161],[-70.822,43.247],[-70.977,43.395],[-71.085,45.304]],[[-91.25,43.501],[-91.209,43.373],[-91.086,43.317],[-91.168,43.16],[-91.08,42.792],[-91.01,42.716],[-90.703,42.655],[-90.641,42.512]],[[-84.806,41.697],[-83.414,41.735],[-83.131,41.938]],[[-84.806,41.697],[-84.806,41.758],[-87.208,41.76]],[[-88.045,37.807],[-88.098,37.823],[-88.04,37.833],[-88.112,37.899],[-88.041,37.898],[-88.045,38.052],[-87.968,38.084],[-88.03,38.098],[-87.934,38.16],[-87.992,38.233],[-87.946,38.299],[-87.849,38.294],[-87.762,38.461],[-87.653,38.497],[-87.662,38.572],[-87.511,38.763],[-87.557,38.878],[-87.536,38.958],[-87.667,39.118],[-87.599,39.206],[-87.615,39.32],[-87.533,39.362],[-87.521,41.76],[-87.208,41.76]],[[-87.208,41.76],[-87.208,41.76]],[[17.261,49.3],[17.148,49.272]],[[17.261,49.3],[17.333,49.349],[17.322,49.406],[17.47,49.364],[17.628,49.405],[17.645,49.448],[17.786,49.445],[17.824,49.508],[17.906,49.527]],[[17.261,49.3],[17.257,49.301]],[[17.148,49.272],[17.138,49.216],[17.202,49.158],[17.111,49.091],[17.221,49.085],[17.228,49.033],[17.424,48.945],[17.523,48.948],[17.646,48.842]],[[17.148,49.272],[16.94,49.493],[16.876,49.499],[16.87,49.393],[16.789,49.414],[16.791,49.524],[16.727,49.583],[16.789,49.608]],[[16.789,49.608],[16.564,49.634],[16.392,49.597]],[[16.789,49.608],[16.841,49.678],[16.733,49.829],[16.724,49.988],[16.812,50.038],[16.87,50.19]],[[17.906,49.527],[18.285,49.482],[18.387,49.378]],[[17.906,49.527],[17.68,49.659],[17.652,49.725],[17.44,49.733],[17.137,49.842],[17.174,49.925],[17.137,49.97],[17.217,50.123],[17.396,50.199],[17.388,50.273]],[[16.392,49.597],[16.392,49.36],[16.277,49.301],[16.228,49.085],[16.114,49.04],[15.948,49.056],[15.736,48.954],[15.575,48.966]],[[16.392,49.597],[16.001,49.732],[15.859,49.7],[15.485,49.876]],[[15.575,48.966],[15.497,49.008],[15.598,49.087],[15.543,49.129],[15.405,49.124],[15.332,49.205],[15.163,49.21],[14.921,49.3],[14.885,49.368],[14.923,49.544]],[[15.575,48.966],[15.544,48.903]],[[16.584,50.127],[16.478,50.149],[16.322,50.043],[16.189,50.022],[15.949,50.158],[15.829,50.112],[15.791,50.16],[15.706,50.107],[15.41,50.103]],[[15.41,50.103],[15.357,50.154],[15.347,50.279],[15.209,50.286],[15.12,50.344],[15.131,50.515]],[[15.41,50.103],[15.34,50.034],[15.505,49.955],[15.485,49.876]],[[15.522,50.782],[15.619,50.497],[15.48,50.523],[15.423,50.46],[15.3,50.517],[15.23,50.482],[15.131,50.515]],[[15.131,50.515],[15.076,50.577],[14.952,50.603],[14.704,50.488],[14.475,50.494]],[[15.485,49.876],[15.431,49.795],[15.218,49.744],[15.168,49.687],[15.235,49.615],[14.982,49.598],[14.923,49.544]],[[14.923,49.544],[14.767,49.614],[14.623,49.518],[14.248,49.554],[13.756,49.489]],[[14.608,50.853],[14.53,50.787],[14.449,50.822],[14.34,50.677],[14.475,50.494]],[[14.475,50.494],[14.358,50.427],[14.349,50.349],[14.004,50.332],[13.406,50.087]],[[13.29,50.108],[13.213,49.997],[13.081,50.035],[12.925,49.929],[12.524,49.905]],[[13.29,50.108],[13.247,50.133],[13.22,50.333],[12.961,50.409]],[[13.29,50.108],[13.406,50.087]],[[13.406,50.087],[13.41,50.033],[13.654,49.994],[13.825,49.913],[13.806,49.741],[13.689,49.682],[13.756,49.489]],[[13.756,49.489],[13.783,49.35],[13.705,49.264],[13.718,49.193],[13.609,49.125],[13.522,48.969]],[[17.766,45.111],[17.723,44.816],[17.78,44.719],[17.888,44.72]],[[19.18,44.538],[19.099,44.594],[19.031,44.568]],[[19.225,43.922],[19.241,43.952]],[[19.225,43.922],[19.221,43.751],[19.071,43.784],[18.95,43.742]],[[19.225,43.922],[18.908,44.092],[18.737,44.12]],[[19.225,43.922],[19.225,43.921]],[[18.356,43.438],[18.377,43.321],[18.507,43.321],[18.664,43.233]],[[19.814,60.191],[19.827,60.17]],[[19.827,60.17],[19.748,60.101]],[[19.827,60.17],[19.944,60.186]],[[19.893,60.34],[19.918,60.37]],[[19.948,60.359],[19.976,60.279]],[[20.048,60.227],[20.165,60.326]],[[19.966,60.091],[19.91,60.101]],[[20.513,41.21],[20.627,41.239],[20.495,41.25]],[[21.622,57.473],[21.675,57.401],[21.626,57.355],[21.542,57.341],[21.512,57.379]],[[21.021,56.615],[21.094,56.569],[21.053,56.511]],[[23.731,56.69],[23.618,56.67],[23.708,56.592],[23.792,56.647]],[[23.731,56.69],[23.792,56.647]],[[27.268,-20.496],[27.229,-20.945],[27.442,-21.411],[27.569,-21.503],[27.99,-21.552]],[[29.212,-3.407],[29.352,-3.313],[29.408,-3.325],[29.378,-3.525],[29.224,-3.571]],[[15.076,-4.52],[14.956,-4.364],[15.102,-4.105],[15.094,-3.862],[15.215,-3.739],[15.275,-3.448],[15.434,-3.508],[15.58,-3.645],[15.676,-3.506],[15.803,-3.534],[15.958,-3.815]],[[18.596,4.371],[18.572,4.43],[18.521,4.433],[18.493,4.388],[18.537,4.306]],[[15.041,12.056],[15.105,12.071],[15.119,12.135],[15.05,12.181],[15.012,12.109]],[[103.806,1.325],[103.847,1.272]],[[103.806,1.325],[103.762,1.431]],[[103.806,1.325],[103.881,1.427]],[[103.909,1.413],[103.899,1.386]],[[103.899,1.386],[103.942,1.354],[103.966,1.39]],[[103.899,1.386],[103.898,1.305]],[[1.597,42.622],[1.556,42.563]],[[1.556,42.563],[1.556,42.538]],[[1.556,42.563],[1.717,42.54]],[[1.556,42.563],[1.451,42.602]],[[1.556,42.538],[1.499,42.489]],[[1.556,42.538],[1.487,42.518]],[[1.556,42.538],[1.657,42.498]],[[1.499,42.489],[1.487,42.518]],[[1.499,42.489],[1.573,42.453]],[[1.487,42.518],[1.45,42.504]],[[12.427,43.969],[12.448,43.955]],[[12.448,43.955],[12.491,43.965]],[[12.448,43.955],[12.457,43.933]],[[12.457,43.933],[12.492,43.949]],[[12.457,43.933],[12.465,43.924]],[[12.441,43.914],[12.418,43.941]],[[12.441,43.914],[12.465,43.924]],[[12.441,43.914],[12.435,43.904]],[[12.418,43.941],[12.417,43.964]],[[12.418,43.941],[12.386,43.925]],[[12.465,43.924],[12.468,43.923]],[[12.39,43.918],[12.435,43.904]],[[12.435,43.904],[12.441,43.893]],[[12.468,43.923],[12.464,43.9]],[[12.468,43.923],[12.478,43.923]],[[9.503,47.095],[9.533,47.056]],[[9.527,47.131],[9.561,47.089]],[[9.527,47.131],[9.512,47.129]],[[9.527,47.131],[9.548,47.161]],[[9.561,47.089],[9.568,47.088]],[[9.561,47.089],[9.568,47.088]],[[9.568,47.088],[9.576,47.108]],[[9.568,47.088],[9.583,47.087]],[[9.576,47.108],[9.563,47.148]],[[9.576,47.108],[9.592,47.111]],[[9.563,47.148],[9.567,47.161]],[[9.563,47.148],[9.548,47.161]],[[9.563,47.148],[9.61,47.122]],[[9.548,47.161],[9.552,47.167]],[[9.548,47.161],[9.496,47.156]],[[9.614,47.111],[9.592,47.111]],[[9.592,47.111],[9.598,47.091]],[[9.598,47.091],[9.605,47.078]],[[9.598,47.091],[9.583,47.087]],[[9.583,47.087],[9.588,47.063]],[[9.552,47.176],[9.531,47.195]],[[9.531,47.195],[9.562,47.191]],[[9.531,47.195],[9.513,47.225]],[[9.531,47.195],[9.486,47.197]],[[9.52,47.225],[9.543,47.235]],[[9.52,47.225],[9.554,47.212]],[[9.52,47.225],[9.534,47.251]],[[9.52,47.225],[9.513,47.225]],[[9.513,47.225],[9.497,47.229]],[[16.717,47.697],[16.684,47.638],[16.558,47.63]],[[20.063,46.145],[20.079,46.227],[20.01,46.265],[20.014,46.318],[20.147,46.355],[20.217,46.317]],[[20.217,46.317],[20.269,46.259]],[[20.269,46.259],[20.196,46.224],[20.23,46.157],[20.141,46.2],[20.115,46.152]],[[19.767,48.159],[19.711,48.05],[19.789,48.04],[19.905,48.124]],[[50.504,26.242],[50.552,26.194],[50.51,26.178],[50.524,26.129]],[[50.524,26.129],[50.539,26.056],[50.491,26.048]],[[50.524,26.129],[50.616,26.096]],[[122.049,6.74],[122.099,6.587],[121.965,6.579],[121.92,6.676]],[[166.939,-0.49],[166.939,-0.504]],[[166.939,-0.504],[166.938,-0.511]],[[166.939,-0.504],[166.957,-0.511]],[[166.939,-0.504],[166.956,-0.498]],[[166.939,-0.504],[166.931,-0.493]],[[166.936,-0.525],[166.935,-0.53]],[[166.936,-0.525],[166.937,-0.52]],[[166.936,-0.525],[166.92,-0.521]],[[166.935,-0.53],[166.925,-0.534]],[[166.935,-0.53],[166.953,-0.533]],[[166.937,-0.52],[166.937,-0.517]],[[166.937,-0.52],[166.913,-0.5]],[[166.937,-0.517],[166.938,-0.511]],[[166.937,-0.517],[166.918,-0.498]],[[166.938,-0.511],[166.925,-0.496]],[[166.925,-0.534],[166.92,-0.539]],[[166.925,-0.534],[166.933,-0.551]],[[166.92,-0.539],[166.916,-0.548]],[[166.92,-0.539],[166.918,-0.535]],[[166.918,-0.535],[166.917,-0.524]],[[166.918,-0.535],[166.912,-0.537]],[[166.917,-0.524],[166.92,-0.521]],[[166.917,-0.524],[166.907,-0.525]],[[166.92,-0.521],[166.91,-0.512]],[[-172.632,-13.6],[-172.579,-13.633]],[[-172.632,-13.6],[-172.703,-13.617]],[[-172.632,-13.6],[-172.639,-13.522]],[[-172.579,-13.633],[-172.609,-13.693]],[[-172.579,-13.633],[-172.414,-13.637]],[[-172.311,-13.64],[-172.213,-13.801]],[[-172.311,-13.64],[-172.347,-13.639]],[[-172.311,-13.64],[-172.297,-13.562],[-172.223,-13.558]],[[-172.391,-13.637],[-172.347,-13.639]],[[-172.391,-13.637],[-172.414,-13.637]],[[-172.391,-13.637],[-172.354,-13.784]],[[-172.347,-13.639],[-172.318,-13.771]],[[-172.414,-13.637],[-172.366,-13.463]],[[-171.65,-13.871],[-171.652,-14.045]],[[-171.559,-13.925],[-171.592,-13.969],[-171.469,-13.969]],[[-171.585,-13.884],[-171.568,-13.897]],[[-171.858,-13.806],[-171.848,-13.944]],[[-171.848,-13.944],[-171.854,-14.002]],[[-171.848,-13.944],[-171.876,-14.005]],[[-171.815,-13.812],[-171.791,-13.871],[-171.792,-13.817]],[[-171.993,-13.828],[-171.972,-13.873],[-172.041,-13.915]],[[-172.028,-13.841],[-172.056,-13.862]],[[-178.131,-14.256],[-178.127,-14.313]],[[-170.722,-14.289],[-170.693,-14.315]],[[-78.598,26.531],[-78.636,26.546],[-78.646,26.505]],[[-78.474,26.713],[-78.411,26.594]],[[-77.375,26.7],[-77.328,26.709]],[[-77.231,26.285],[-77.032,26.355]],[[-77.742,24.635],[-78.03,24.618],[-78.134,24.502]],[[-77.744,24.035],[-77.823,23.98]],[[-76.333,25.285],[-76.314,25.3]],[[-76.17,24.989],[-76.154,24.981]],[[-25.245,17.137],[-25.158,17.086],[-25.073,17.114]],[[-25.073,17.114],[-24.987,17.079]],[[-25.073,17.114],[-25.026,17.145]],[[-24.43,15.025],[-24.374,14.945]],[[-24.374,14.945],[-24.301,14.955]],[[-24.374,14.945],[-24.353,14.87],[-24.298,14.895]],[[-23.686,15.184],[-23.77,15.184]],[[-23.686,15.184],[-23.656,15.23]],[[-23.686,15.184],[-23.627,15.131]],[[-23.627,15.131],[-23.592,15.17]],[[-23.627,15.131],[-23.618,15.106]],[[-23.618,15.106],[-23.58,15.082]],[[-23.618,15.106],[-23.629,15.039]],[[-23.58,15.082],[-23.612,15.041]],[[-23.58,15.082],[-23.526,15.059]],[[-23.612,15.041],[-23.629,15.039]],[[-23.612,15.041],[-23.596,15.012]],[[-23.629,15.039],[-23.715,14.968]],[[-23.485,15.064],[-23.526,15.059]],[[-23.526,15.059],[-23.596,15.012]],[[-23.596,15.012],[-23.564,14.961]],[[-23.564,14.961],[-23.471,14.974]],[[-23.564,14.961],[-23.539,14.908]],[[-24.376,16.677],[-24.32,16.613],[-24.325,16.483]],[[-61.199,13.239],[-61.193,13.217]],[[-61.199,13.239],[-61.188,13.263]],[[-61.199,13.239],[-61.271,13.187]],[[-61.193,13.217],[-61.136,13.198]],[[-61.193,13.217],[-61.238,13.163]],[[-61.171,13.38],[-61.188,13.263]],[[-61.188,13.263],[-61.268,13.266]],[[-61.686,12.111],[-61.677,12.085]],[[-61.686,12.111],[-61.663,12.159]],[[-61.686,12.111],[-61.751,12.11]],[[-61.677,12.085],[-61.683,12.025]],[[-61.677,12.085],[-61.625,12.069]],[[-61.663,12.159],[-61.656,12.179]],[[-61.663,12.159],[-61.715,12.184]],[[-61.656,12.179],[-61.682,12.223]],[[-61.656,12.179],[-61.603,12.177]],[[-60.982,13.836],[-61.068,13.792]],[[-60.982,13.836],[-60.975,13.839]],[[-60.982,13.836],[-60.981,13.831]],[[-60.936,14.018],[-60.941,13.979]],[[-60.936,14.018],[-60.901,14.073]],[[-60.936,14.018],[-60.98,14.044]],[[-60.941,13.979],[-60.961,13.9]],[[-60.941,13.979],[-60.883,13.981]],[[-60.961,13.9],[-60.961,13.879]],[[-60.961,13.9],[-60.89,13.908]],[[-60.964,13.845],[-60.975,13.839]],[[-60.964,13.845],[-60.961,13.879]],[[-60.964,13.845],[-60.892,13.833]],[[-60.975,13.839],[-60.918,13.774]],[[-60.961,13.879],[-60.981,13.893]],[[-61.027,13.987],[-60.981,13.893]],[[-60.981,13.893],[-61.067,13.909]],[[-60.981,13.831],[-60.967,13.731]],[[-60.981,13.831],[-61.019,13.756]],[[-62.17,16.777],[-62.189,16.739]],[[-62.189,16.739],[-62.151,16.72]],[[-62.189,16.739],[-62.225,16.748]],[[-60.655,11.308],[-60.704,11.241],[-60.647,11.204]],[[-61.793,17.165],[-61.774,17.071]],[[-61.774,17.071],[-61.774,17.06]],[[-61.774,17.071],[-61.756,17.114]],[[-61.774,17.06],[-61.815,17.048]],[[-61.774,17.06],[-61.733,17.064]],[[-61.815,17.048],[-61.804,17.007]],[[-61.815,17.048],[-61.866,17.087]],[[-61.733,17.064],[-61.715,17.093]],[[-61.733,17.064],[-61.726,17.038]],[[-62.788,17.35],[-62.754,17.331]],[[-62.788,17.35],[-62.808,17.367]],[[-62.788,17.35],[-62.769,17.387]],[[-62.754,17.331],[-62.745,17.331]],[[-62.754,17.331],[-62.772,17.298]],[[-62.745,17.331],[-62.738,17.33]],[[-62.745,17.331],[-62.731,17.365]],[[-62.734,17.319],[-62.724,17.292]],[[-62.734,17.319],[-62.738,17.33]],[[-62.734,17.319],[-62.681,17.299]],[[-62.808,17.367],[-62.857,17.38]],[[-62.808,17.367],[-62.822,17.41]],[[-62.808,17.367],[-62.832,17.33]],[[-62.738,17.33],[-62.704,17.342]],[[-62.579,17.145],[-62.566,17.101]],[[-62.579,17.145],[-62.613,17.189]],[[-62.579,17.145],[-62.537,17.138]],[[-62.579,17.145],[-62.626,17.141]],[[-62.579,17.145],[-62.622,17.128]],[[-63.123,18.208],[-63.123,18.184]],[[-62.995,18.256],[-62.995,18.235]],[[-62.995,18.256],[-63.013,18.272]],[[-62.995,18.256],[-63.029,18.235]],[[-62.995,18.275],[-63.007,18.273]],[[-63.114,18.19],[-63.073,18.212]],[[-63.073,18.212],[-63.061,18.219]],[[-63.073,18.212],[-63.061,18.212]],[[-63.061,18.219],[-63.061,18.212]],[[-63.061,18.219],[-63.047,18.227]],[[-63.061,18.219],[-63.076,18.216]],[[-63.061,18.212],[-63.061,18.199]],[[-63.047,18.227],[-63.034,18.228]],[[-63.047,18.227],[-63.044,18.232]],[[-63.047,18.227],[-63.073,18.231]],[[-63.034,18.228],[-63.03,18.215]],[[-63.034,18.228],[-63.029,18.235]],[[-63.029,18.235],[-63.044,18.232]],[[-63.044,18.232],[-63.048,18.235]],[[-63.076,18.216],[-63.097,18.212]],[[-63.076,18.216],[-63.078,18.226]],[[-63.061,18.246],[-63.048,18.235]],[[-63.048,18.235],[-63.023,18.27]],[[160.028,-9.422],[160.022,-9.467],[159.94,-9.433]],[[-22.124,64.044],[-21.93,64.004]],[[-21.93,64.004],[-21.655,64.082],[-21.606,64.186],[-21.616,64.257],[-21.876,64.274]],[[-64.863,32.269],[-64.88,32.266]],[[-64.815,32.254],[-64.833,32.26]],[[-64.784,32.291],[-64.795,32.29]],[[-64.808,32.286],[-64.811,32.282]],[[-64.797,32.279],[-64.788,32.265]],[[-64.761,32.286],[-64.78,32.303]],[[-64.748,32.317],[-64.738,32.302]],[[-64.731,32.323],[-64.743,32.322]],[[-64.714,32.329],[-64.707,32.321]],[[-64.698,32.326],[-64.695,32.34]],[[-64.708,32.352],[-64.722,32.353]],[[114.333,22.512],[114.14,22.468]],[[114.14,22.468],[114.137,22.412]],[[114.14,22.468],[114.085,22.523]],[[114.137,22.412],[114.036,22.382]],[[114.137,22.412],[114.171,22.418]],[[114.036,22.382],[113.941,22.427]],[[114.036,22.382],[114.021,22.35]],[[114.151,22.367],[114.112,22.358]],[[114.151,22.367],[114.159,22.342]],[[114.151,22.367],[114.171,22.418]],[[114.159,22.342],[114.146,22.332]],[[114.159,22.342],[114.17,22.345]],[[114.175,22.323],[114.177,22.291]],[[114.175,22.323],[114.16,22.322]],[[114.175,22.323],[114.17,22.345]],[[114.186,22.348],[114.205,22.335]],[[114.186,22.348],[114.223,22.356]],[[114.186,22.348],[114.17,22.345]],[[114.205,22.335],[114.234,22.333]],[[114.205,22.335],[114.212,22.311]],[[114.234,22.333],[114.243,22.286]],[[114.234,22.333],[114.223,22.356]],[[114.223,22.356],[114.251,22.396]],[[114.367,22.446],[114.35,22.403],[114.251,22.396]],[[114.251,22.396],[114.251,22.431]],[[114.113,22.272],[114.162,22.258]],[[114.162,22.258],[114.166,22.279]],[[114.162,22.258],[114.189,22.259]],[[114.179,22.279],[114.189,22.259]],[[114.189,22.259],[114.251,22.249]],[[114.03,22.316],[113.996,22.316]],[[114.139,22.317],[114.137,22.314]],[[57.631,-20.156],[57.734,-20.096]],[[57.631,-20.156],[57.58,-20]],[[57.631,-20.156],[57.608,-20.185]],[[57.778,-20.305],[57.668,-20.328]],[[57.668,-20.328],[57.63,-20.252],[57.662,-20.222],[57.608,-20.185]],[[57.668,-20.328],[57.6,-20.343]],[[57.608,-20.185],[57.546,-20.202]],[[57.6,-20.343],[57.546,-20.402]],[[57.6,-20.343],[57.486,-20.191]],[[57.546,-20.402],[57.594,-20.406],[57.631,-20.492]],[[57.546,-20.402],[57.487,-20.423]],[[57.487,-20.423],[57.391,-20.453],[57.399,-20.498]],[[57.487,-20.423],[57.45,-20.387],[57.471,-20.329]],[[57.457,-20.256],[57.46,-20.219]],[[57.457,-20.256],[57.459,-20.291]],[[57.457,-20.256],[57.495,-20.249]],[[57.46,-20.219],[57.471,-20.189]],[[57.46,-20.219],[57.495,-20.249]],[[57.471,-20.189],[57.465,-20.168]],[[57.471,-20.189],[57.486,-20.191]],[[57.471,-20.329],[57.459,-20.291]],[[57.471,-20.329],[57.483,-20.322]],[[57.465,-20.168],[57.464,-20.162]],[[57.465,-20.168],[57.51,-20.166],[57.499,-20.123]],[[57.459,-20.291],[57.511,-20.277]],[[57.546,-20.202],[57.486,-20.191]],[[57.546,-20.202],[57.54,-20.122],[57.499,-20.123]],[[57.499,-20.123],[57.494,-20.122]],[[57.495,-20.249],[57.511,-20.277]],[[57.511,-20.277],[57.529,-20.297]],[[57.529,-20.297],[57.483,-20.322]],[[57.529,-20.297],[57.555,-20.326],[57.483,-20.322]],[[55.683,-4.294],[55.768,-4.35]],[[55.414,-4.613],[55.432,-4.624]],[[55.432,-4.624],[55.38,-4.627]],[[55.432,-4.624],[55.439,-4.615]],[[55.432,-4.624],[55.435,-4.63]],[[55.441,-4.587],[55.441,-4.605]],[[55.441,-4.587],[55.433,-4.587]],[[55.441,-4.587],[55.464,-4.571]],[[55.441,-4.605],[55.439,-4.615]],[[55.441,-4.605],[55.46,-4.599]],[[55.441,-4.605],[55.447,-4.621]],[[55.439,-4.615],[55.447,-4.621]],[[55.447,-4.621],[55.435,-4.63]],[[55.447,-4.621],[55.459,-4.618]],[[55.435,-4.63],[55.459,-4.658]],[[55.459,-4.658],[55.449,-4.678]],[[55.459,-4.658],[55.464,-4.647]],[[55.459,-4.658],[55.477,-4.665]],[[55.464,-4.647],[55.472,-4.635]],[[55.464,-4.647],[55.461,-4.626]],[[55.477,-4.665],[55.475,-4.648]],[[55.477,-4.665],[55.483,-4.662]],[[55.475,-4.648],[55.476,-4.64]],[[55.475,-4.648],[55.489,-4.659]],[[55.489,-4.659],[55.492,-4.651]],[[55.489,-4.659],[55.483,-4.662]],[[55.483,-4.662],[55.495,-4.678]],[[55.495,-4.678],[55.478,-4.706]],[[55.495,-4.678],[55.5,-4.68]],[[55.504,-4.681],[55.506,-4.677]],[[55.504,-4.681],[55.5,-4.68]],[[55.504,-4.681],[55.526,-4.689]],[[55.506,-4.677],[55.514,-4.666]],[[55.506,-4.677],[55.529,-4.68]],[[55.5,-4.68],[55.508,-4.72]],[[55.508,-4.72],[55.528,-4.737]],[[55.508,-4.72],[55.505,-4.739]],[[55.505,-4.739],[55.51,-4.771]],[[55.505,-4.739],[55.492,-4.736]],[[55.51,-4.771],[55.526,-4.77]],[[55.51,-4.771],[55.493,-4.777]],[[134.635,7.684],[134.66,7.686]],[[134.623,7.626],[134.624,7.6]],[[134.624,7.6],[134.658,7.591]],[[134.624,7.6],[134.62,7.573]],[[134.62,7.573],[134.547,7.58]],[[134.62,7.573],[134.608,7.542]],[[134.608,7.542],[134.626,7.531]],[[134.608,7.542],[134.595,7.512]],[[134.595,7.512],[134.628,7.489]],[[134.595,7.512],[134.581,7.474]],[[134.581,7.474],[134.528,7.516]],[[134.581,7.474],[134.566,7.432]],[[134.566,7.432],[134.594,7.421]],[[134.566,7.432],[134.488,7.47]],[[134.566,7.432],[134.511,7.404]],[[14.742,37.818],[14.715,37.697],[14.798,37.713],[14.836,37.597],[14.784,37.509],[14.69,37.556],[14.543,37.543],[14.515,37.463],[14.629,37.421],[14.508,37.312],[14.448,37.345],[14.432,37.294],[14.353,37.306]],[[14.742,37.818],[14.603,37.808],[14.561,37.876],[14.475,37.801],[14.422,37.859],[14.28,37.84]],[[14.742,37.818],[14.796,37.815],[14.733,37.881],[14.831,37.963],[14.929,37.957],[14.98,37.893],[15.144,37.898],[15.26,37.808]],[[14.353,37.306],[14.09,37.346],[14.069,37.413],[14.147,37.491],[14.135,37.617]],[[14.353,37.306],[14.389,37.184],[14.472,37.134],[14.444,37.053]],[[14.514,41.389],[14.444,41.35],[14.488,41.307],[14.42,41.243],[14.454,41.165],[14.357,41.149],[14.432,41.106],[14.429,41.048],[14.531,41.013]],[[14.514,41.389],[14.383,41.442]],[[14.514,41.389],[14.595,41.371],[14.995,41.482]],[[14.531,41.013],[14.01,40.937]],[[14.531,41.013],[14.572,41.01]],[[7.943,44.846],[8.129,44.812],[8.092,44.755],[8.153,44.713],[8.191,44.749],[8.266,44.714],[8.197,44.633],[8.25,44.535]],[[7.943,44.846],[7.605,44.834],[7.495,44.764],[7.326,44.785],[7.039,44.712]],[[7.943,44.846],[7.887,44.909],[7.943,45.038],[7.894,45.09],[8.129,45.123]],[[8.25,44.535],[8.206,44.422],[8.069,44.308],[8.08,44.19],[7.986,44.152],[8.002,44.118]],[[8.25,44.535],[8.265,44.522]],[[10.17,46.057],[10.261,46.017],[10.098,45.927],[10.133,45.863],[10.062,45.784],[10.064,45.697],[9.871,45.604],[9.891,45.427]],[[10.17,46.057],[10.097,46.057],[10.097,46.091],[9.527,46.011]],[[10.17,46.057],[10.178,46.173],[10.446,46.348],[10.528,46.343]],[[9.891,45.427],[9.89,45.359],[9.986,45.306],[10.318,45.205]],[[9.891,45.427],[9.768,45.431],[9.714,45.482],[9.674,45.437],[9.565,45.458],[9.51,45.512]],[[10.318,45.205],[10.491,45.136],[10.413,45.042],[10.535,45.07],[10.456,44.982],[10.566,44.999],[10.464,44.937],[10.502,44.919]],[[10.318,45.205],[10.463,45.329],[10.47,45.406],[10.616,45.382],[10.662,45.419]],[[9.496,45.645],[9.51,45.512]],[[9.496,45.645],[9.483,45.672]],[[9.496,45.645],[9.324,45.539],[9.053,45.623]],[[9.51,45.512],[9.473,45.451]],[[9.527,46.011],[9.491,46.012],[9.538,45.936],[9.467,45.849],[9.519,45.784],[9.448,45.75],[9.483,45.672]],[[9.527,46.011],[9.509,46.063],[9.42,46.093],[9.425,46.16]],[[9.483,45.672],[9.315,45.666],[9.247,45.743]],[[9.425,46.16],[9.425,46.16]],[[9.425,46.16],[9.295,46.116],[9.26,45.952],[9.33,45.869],[9.247,45.743]],[[9.425,46.16],[9.441,46.215],[9.225,46.231]],[[9.473,45.451],[9.468,45.38],[9.585,45.36],[9.883,45.134]],[[9.473,45.451],[9.42,45.452],[9.361,45.36],[9.378,45.306],[9.339,45.313]],[[9.883,45.134],[9.896,45.092],[9.834,45.068],[9.765,45.115],[9.681,45.075],[9.64,45.126],[9.546,45.133]],[[9.883,45.134],[9.998,45.125],[10.072,45.038]],[[11.953,43.174],[11.884,43.16],[11.691,43.273],[11.398,43.548]],[[11.953,43.174],[12.037,43.255],[12.213,43.291],[12.139,43.3],[12.133,43.357],[12.037,43.417],[12.131,43.477],[12.098,43.518],[12.205,43.617]],[[11.953,43.174],[11.918,43.118],[11.978,43.046],[11.932,42.872]],[[10.711,43.786],[10.889,43.708],[10.911,43.651],[10.82,43.613],[10.835,43.531],[10.86,43.472],[10.952,43.452]],[[10.711,43.786],[10.728,43.814]],[[10.952,43.452],[11.005,43.383],[10.953,43.318],[10.995,43.253],[10.935,43.24],[10.912,43.163]],[[10.952,43.452],[11.028,43.542],[11.124,43.475],[11.398,43.548]],[[12.27,44.63],[12.178,44.564],[12.055,44.551],[11.998,44.601],[11.789,44.554]],[[11.789,44.554],[11.77,44.648],[11.673,44.636],[11.468,44.752],[11.375,44.777],[11.265,44.707],[11.293,44.803]],[[11.789,44.554],[11.742,44.506],[11.82,44.396],[11.756,44.319],[11.672,44.318],[11.526,44.162]],[[9.247,45.743],[9.185,45.665],[9.111,45.695],[9.059,45.661]],[[8.027,45.403],[8.024,45.352],[7.956,45.328],[7.988,45.263],[8.051,45.185],[8.152,45.169]],[[8.027,45.403],[8.131,45.382],[8.21,45.452],[8.287,45.542],[8.289,45.645],[8.13,45.757],[7.916,45.73]],[[8.027,45.403],[8.027,45.449],[7.882,45.534],[7.88,45.603]],[[8.152,45.169],[8.129,45.123]],[[8.152,45.169],[8.405,45.205],[8.557,45.165]],[[15.858,41.137],[16.02,41.235],[15.982,41.348],[16.033,41.367],[15.94,41.43],[15.972,41.454]],[[15.858,41.137],[15.596,41.109],[15.559,41.055]],[[15.858,41.137],[16.031,41.017],[15.988,40.95],[16.197,40.911]],[[11.962,45.143],[11.754,45.099],[11.419,45.132]],[[11.962,45.143],[11.987,45.191],[12.153,45.194],[12.199,45.275]],[[11.419,45.132],[11.418,45.132]],[[11.419,45.132],[11.445,45.093],[11.386,45.053],[11.21,45.104]],[[11.419,45.132],[11.406,45.252],[11.487,45.266]],[[8.832,45.408],[8.983,45.265],[9.013,45.326],[9.339,45.313]],[[8.832,45.408],[8.705,45.557]],[[8.832,45.408],[8.735,45.375],[8.703,45.305],[8.572,45.367],[8.513,45.313]],[[9.339,45.313],[9.312,45.247],[9.546,45.133]],[[12.465,42.387],[12.52,42.296]],[[12.465,42.387],[12.284,42.506],[12.236,42.648],[12.025,42.646],[11.949,42.692],[11.973,42.76],[11.889,42.85]],[[12.465,42.387],[12.537,42.369],[12.617,42.466],[12.722,42.454],[12.718,42.494],[12.902,42.61]],[[13.03,42.116],[13.031,42.115]],[[13.03,42.116],[12.874,42.1],[12.776,42.187],[12.67,42.152],[12.606,42.192],[12.602,42.278],[12.52,42.296]],[[13.03,42.116],[13.028,42.032],[13.298,41.947]],[[13.03,42.116],[13.094,42.173],[13.241,42.129],[13.367,42.185],[13.16,42.341],[13.178,42.4],[13.129,42.445],[13.186,42.587],[13.376,42.604]],[[12.52,42.296],[12.482,42.221],[12.423,42.182],[12.383,42.234],[12.326,42.149],[12.223,42.182],[12.032,42.154],[11.914,42.233],[11.826,42.147],[11.74,42.16]],[[13.589,45.806],[13.583,45.787]],[[8.35,45.772],[8.384,45.708],[8.311,45.697],[8.391,45.606],[8.41,45.412],[8.513,45.313]],[[8.35,45.772],[8.381,45.842],[8.461,45.869],[8.598,45.826]],[[8.35,45.772],[8.317,45.769],[8.322,45.854],[8.209,45.945],[7.856,45.919]],[[8.513,45.313],[8.513,45.313]],[[8.513,45.313],[8.557,45.165]],[[8.129,45.123],[8.143,45.049],[8.223,45.014],[8.238,45.056],[8.339,45.044],[8.387,44.969],[8.372,44.864],[8.498,44.795],[8.409,44.692],[8.346,44.69],[8.316,44.596],[8.36,44.577],[8.265,44.522]],[[8.557,45.165],[8.669,45.025],[8.881,45.053],[8.882,45.001],[8.964,44.976],[9.06,44.837],[9.157,44.807],[9.201,44.682]],[[8.265,44.522],[8.265,44.522]],[[8.265,44.522],[8.353,44.481],[8.564,44.516]],[[8.13,43.94],[8,44],[8.039,44.067],[8.002,44.118]],[[8.002,44.118],[7.758,44.144],[7.688,44.091]],[[8.564,44.516],[8.668,44.455],[8.588,44.425],[8.631,44.382]],[[8.564,44.516],[8.632,44.589],[8.725,44.579],[8.773,44.501],[8.904,44.565],[8.875,44.634],[8.923,44.683],[9.135,44.583],[9.203,44.614]],[[9.476,44.412],[9.572,44.253],[9.511,44.215]],[[9.476,44.412],[9.599,44.427],[9.69,44.358]],[[9.476,44.412],[9.436,44.42],[9.491,44.551]],[[8.909,45.828],[8.932,45.651],[9.059,45.661]],[[9.059,45.661],[9.053,45.623]],[[9.053,45.623],[9.04,45.581],[8.927,45.616],[8.705,45.557]],[[8.705,45.557],[8.675,45.676],[8.569,45.79],[8.598,45.826]],[[10.528,46.343],[10.59,46.233],[10.459,45.985],[10.526,45.837],[10.585,45.794],[10.687,45.845],[10.845,45.834]],[[10.528,46.343],[10.632,46.386],[10.625,46.454]],[[10.662,45.419],[10.644,45.61],[10.845,45.834]],[[10.662,45.419],[10.702,45.423],[10.697,45.32],[10.987,45.197],[11.07,45.103],[11.21,45.104]],[[11.832,46.504],[11.684,46.508],[11.577,46.368],[11.217,46.224],[11.154,46.266],[11.202,46.339],[11.202,46.504],[11.055,46.516],[11.051,46.446],[10.997,46.479],[10.84,46.431],[10.745,46.485],[10.625,46.454]],[[11.832,46.504],[12.022,46.539],[12.095,46.668],[12.208,46.595],[12.47,46.676]],[[11.832,46.504],[11.896,46.455],[11.799,46.353],[11.971,46.189],[11.707,46.099],[11.685,45.984]],[[10.625,46.454],[10.452,46.547]],[[11.131,45.7],[11.322,45.496],[11.359,45.357],[11.487,45.266]],[[11.131,45.7],[11.275,45.915],[11.359,45.923],[11.388,45.979],[11.541,46.016],[11.685,45.984]],[[11.131,45.7],[10.932,45.682],[10.872,45.718],[10.9,45.79],[10.845,45.834]],[[11.487,45.266],[11.616,45.253],[11.581,45.297],[11.617,45.387],[11.746,45.488],[11.73,45.556],[11.658,45.539],[11.649,45.635],[11.822,45.687]],[[11.8,45.881],[11.685,45.984]],[[11.8,45.881],[11.742,45.834],[11.826,45.774],[11.822,45.687]],[[11.8,45.881],[11.925,45.885],[11.973,45.963],[12.192,46.004],[12.331,46.082],[12.422,46.043]],[[12.422,46.043],[12.424,46.043]],[[12.422,46.043],[12.564,45.842],[12.673,45.802]],[[12.422,46.043],[12.499,46.107],[12.495,46.156],[12.336,46.269],[12.5,46.404]],[[11.822,45.687],[11.905,45.625],[12.047,45.645],[12.092,45.598]],[[12.673,45.802],[12.663,45.702],[12.499,45.677],[12.419,45.575],[12.243,45.533],[12.092,45.598]],[[12.673,45.802],[12.792,45.856],[12.973,45.843]],[[11.21,45.104],[11.196,45.063],[11.273,45.06],[11.422,44.95]],[[13.423,45.724],[13.404,45.889],[13.462,46.006]],[[10.072,45.038],[9.994,44.951],[9.99,44.855],[9.765,44.681],[9.657,44.679],[9.491,44.551]],[[10.072,45.038],[10.399,44.991],[10.502,44.919]],[[9.491,44.551],[9.203,44.614]],[[10.136,44.342],[10.392,44.554],[10.502,44.919]],[[10.136,44.342],[10.136,44.342]],[[10.136,44.342],[10.254,44.271]],[[10.136,44.342],[9.866,44.483],[9.69,44.358]],[[10.502,44.919],[10.601,44.922],[10.692,44.99],[10.888,44.914]],[[10.471,44.225],[10.534,44.353],[10.615,44.376],[10.762,44.536],[10.823,44.671],[10.815,44.807],[10.888,44.914]],[[10.471,44.225],[10.254,44.271]],[[10.471,44.225],[10.611,44.126]],[[10.888,44.914],[11.083,44.962],[11.257,44.947]],[[11.293,44.803],[11.13,44.781],[11.078,44.647],[11.136,44.568],[10.992,44.444],[11.043,44.417],[11.034,44.315],[10.953,44.297],[10.937,44.216],[10.855,44.231],[10.816,44.114]],[[11.293,44.803],[11.369,44.843],[11.235,44.906],[11.257,44.947]],[[10.816,44.114],[10.816,44.114]],[[10.816,44.114],[10.707,44.162],[10.611,44.126]],[[10.816,44.114],[10.923,44.068],[11.004,44.141],[11.048,44.092]],[[11.257,44.947],[11.422,44.95]],[[11.526,44.162],[11.526,44.162]],[[11.526,44.162],[11.396,44.234],[11.2,44.157],[11.256,44.116],[11.2,44.105]],[[11.526,44.162],[11.72,44.132]],[[11.72,44.132],[11.72,44.132]],[[11.72,44.132],[11.65,43.995],[11.716,43.879]],[[12.758,43.461],[12.609,43.429],[12.488,43.522],[12.309,43.552],[12.359,43.619],[12.205,43.617]],[[12.758,43.461],[12.746,43.379],[12.852,43.206]],[[13.647,43.475],[13.608,43.42],[13.531,43.448],[13.316,43.4],[13.258,43.457],[13.197,43.413],[13.091,43.429],[13.011,43.309],[12.888,43.279],[12.852,43.206]],[[12.852,43.206],[12.837,43.132],[12.972,42.889],[13.043,42.919],[13.15,42.824],[13.224,42.848]],[[13.224,42.848],[13.242,42.892]],[[13.224,42.848],[13.256,42.792],[13.194,42.735]],[[13.242,42.892],[13.295,42.924],[13.388,42.892],[13.418,42.974],[13.853,43.067]],[[10.143,43.975],[10.232,44.083],[10.185,44.205],[10.254,44.271]],[[10.611,44.126],[10.734,44.041],[10.645,43.879],[10.728,43.814]],[[10.728,43.814],[10.964,43.812]],[[10.964,43.812],[11.057,43.759],[11.062,43.817],[11.147,43.862],[11.2,44.105]],[[10.964,43.812],[11.024,43.846],[11.048,44.092]],[[10.293,43.579],[10.49,43.632],[10.496,43.388],[10.585,43.291],[10.702,43.303],[10.682,43.197],[10.635,43.175],[10.717,43.108]],[[10.717,43.108],[10.791,43.015],[10.738,43.011],[10.705,42.941]],[[10.717,43.108],[10.74,43.148],[10.912,43.163]],[[11.716,43.879],[11.65,43.863],[11.579,43.756],[11.608,43.691],[11.398,43.548]],[[11.716,43.879],[12.102,43.759]],[[10.912,43.163],[11.04,43.193],[11.089,43.085],[11.361,43.083],[11.397,42.967],[11.575,42.967],[11.635,42.8],[11.747,42.798]],[[11.747,42.798],[11.807,42.743],[11.787,42.651],[11.588,42.566],[11.602,42.447],[11.487,42.43],[11.451,42.374]],[[11.747,42.798],[11.889,42.85]],[[11.932,42.872],[12.068,42.938],[12.301,42.915],[12.327,42.858],[12.291,42.767],[12.35,42.679],[12.592,42.746],[12.714,42.6],[12.843,42.672],[12.902,42.61]],[[11.932,42.872],[11.889,42.85]],[[12.902,42.61],[13.154,42.645],[13.194,42.735]],[[12.774,41.421],[12.576,41.583],[12.58,41.649],[12.638,41.664],[12.66,41.604],[12.747,41.574],[12.848,41.641],[12.854,41.701],[12.925,41.713],[13.02,41.578],[13.104,41.545],[13.175,41.584]],[[13.175,41.584],[13.266,41.528],[13.299,41.47],[13.259,41.436],[13.303,41.407],[13.42,41.4],[13.446,41.46],[13.625,41.319],[13.873,41.335]],[[13.175,41.584],[13.001,41.769],[13.007,41.815],[13.184,41.848],[13.298,41.947]],[[13.873,41.335],[13.86,41.423],[13.962,41.471]],[[13.298,41.947],[13.298,41.947]],[[13.298,41.947],[13.369,41.908],[13.361,41.829],[13.545,41.768],[13.656,41.809],[13.946,41.688]],[[14.572,41.01],[14.583,40.943],[14.669,40.909],[14.58,40.899],[14.606,40.848]],[[14.572,41.01],[14.707,41.058],[14.753,41.014],[14.782,41.059],[14.835,41.038],[14.994,41.106],[14.984,41.265],[15.143,41.275]],[[14.606,40.848],[15.112,40.766],[15.172,40.711],[15.237,40.723],[15.298,40.836],[15.344,40.821]],[[15.143,41.275],[15.262,41.248],[15.2,41.159],[15.275,41.106],[15.559,41.055]],[[15.143,41.275],[15.067,41.349],[15.097,41.426],[14.995,41.482]],[[15.344,40.821],[15.369,40.899],[15.537,40.933],[15.559,41.055]],[[13.376,42.604],[13.532,42.444],[13.765,42.42]],[[13.376,42.604],[13.376,42.604]],[[13.376,42.604],[13.376,42.604]],[[13.765,42.42],[13.844,42.269],[13.795,42.151],[13.889,42.163],[14.002,42.076],[14.085,42.087]],[[13.765,42.42],[13.825,42.495],[14.151,42.532]],[[13.376,42.604],[13.338,42.688]],[[14.085,42.087],[14.1,41.902],[14.229,41.877]],[[14.23,41.877],[14.229,41.877]],[[14.229,41.877],[14.142,41.824],[14.183,41.763],[13.946,41.688]],[[14.229,41.877],[14.283,41.906],[14.377,41.873],[14.448,41.767],[14.49,41.776]],[[17.354,40.749],[17.209,40.763],[17.125,40.709],[17.025,40.716],[16.997,40.764],[16.923,40.701],[16.716,40.715]],[[17.354,40.749],[17.462,40.615],[17.49,40.483],[17.798,40.38]],[[16.716,40.715],[16.509,40.761],[16.42,40.703],[16.245,40.838]],[[16.716,40.715],[16.731,40.478],[16.863,40.391]],[[16.245,40.838],[16.122,40.796],[16.146,40.696],[16.053,40.632],[16.119,40.583],[16.109,40.403],[16.184,40.285],[16.375,40.31],[16.351,40.207],[16.394,40.158],[16.356,40.118],[16.399,40.056]],[[16.245,40.838],[16.197,40.911]],[[16.399,40.056],[16.354,39.901],[16.263,39.942],[16.069,39.907],[16.021,39.987],[15.946,40.006],[15.841,40.004],[15.746,39.925]],[[16.399,40.056],[16.427,40.137],[16.64,40.119]],[[16.613,39.194],[16.493,39.15],[16.469,39.05],[16.312,39.11],[16.097,39.05]],[[16.42,38.554],[16.358,38.542],[16.365,38.432],[16.083,38.555],[15.914,38.506]],[[12.976,38.044],[13.048,37.954],[13.019,37.907],[12.938,37.904],[12.946,37.843],[13.086,37.812],[13.027,37.741]],[[13.027,37.741],[12.906,37.689],[12.894,37.573]],[[13.027,37.741],[13.242,37.623],[13.35,37.657],[13.356,37.539],[13.445,37.648],[13.732,37.683]],[[14.28,37.84],[14.286,37.733],[14.135,37.617]],[[13.732,37.683],[13.803,37.734],[13.957,37.586],[14.06,37.643],[14.135,37.617]],[[14.444,37.053],[14.335,37.001]],[[14.444,37.053],[14.794,37.132]],[[14.794,37.132],[14.924,36.939],[14.837,36.974],[14.849,36.929],[14.936,36.872],[14.843,36.837],[14.986,36.783],[15,36.702]],[[9.189,40.537],[9.275,40.477],[9.183,40.371],[9.028,40.305],[8.832,40.414],[8.806,40.363],[8.62,40.319]],[[9.189,40.537],[9.319,40.55],[9.424,40.654],[9.602,40.699],[9.749,40.66]],[[8.62,40.319],[8.689,40.21],[8.993,40.208],[9.045,40.063],[8.958,39.998],[9.007,39.989],[9.003,39.917],[9.155,39.866],[9.159,39.83]],[[9.28,39.917],[9.202,39.904],[9.2,39.826],[9.159,39.83]],[[9.159,39.83],[9.003,39.761]],[[12.5,46.404],[12.642,46.339],[12.966,46.329],[12.906,45.962],[12.973,45.843]],[[12.5,46.404],[12.76,46.537],[12.748,46.641]],[[14.49,41.776],[14.519,41.706],[14.423,41.644],[14.502,41.594],[14.383,41.442]],[[14.383,41.442],[14.121,41.496],[14.088,41.389],[13.962,41.471]],[[9.003,39.761],[9.073,39.743],[8.978,39.422],[8.699,39.375]],[[7.88,45.603],[7.731,45.562],[7.538,45.589],[7.075,45.466]],[[7.88,45.603],[7.916,45.73]],[[7.916,45.73],[7.856,45.919]],[[9.546,45.133],[9.546,45.133]],[[9.546,45.133],[9.542,45.086],[9.425,45.101],[9.306,44.925],[9.358,44.856],[9.32,44.704],[9.201,44.682]],[[9.546,45.133],[9.546,45.133]],[[12.458,44.166],[12.456,44.094],[12.365,44.064],[12.395,44.03],[12.326,43.959],[12.162,43.926],[12.102,43.759]],[[12.286,43.769],[12.286,43.769]],[[12.286,43.769],[12.421,43.895]],[[12.286,43.769],[12.102,43.759]],[[12.286,43.769],[12.354,43.711],[12.325,43.683],[12.302,43.729],[12.196,43.653],[12.205,43.617]],[[11.2,44.105],[11.2,44.105]],[[11.2,44.105],[11.048,44.092]],[[8.598,45.826],[8.591,45.915],[8.725,46.016],[8.729,46.108]],[[8.699,39.375],[8.531,39.479],[8.398,39.447]],[[8.699,39.375],[8.849,39.087],[8.814,39.047],[8.667,39.043],[8.61,38.955]],[[7.856,45.919],[7.85,45.94]],[[-0.11,43.575],[-0.006,43.609],[0.025,43.536],[0.124,43.505],[0.196,43.372],[0.607,43.311]],[[-0.11,43.575],[0.023,43.339],[-0.086,43.166],[-0.191,43.092],[-0.19,43.039],[-0.288,42.995],[-0.305,42.831]],[[-0.11,43.575],[-0.236,43.587]],[[0.607,43.311],[0.569,43.222],[0.442,43.131],[0.563,43.074],[0.531,43.003],[0.606,43.032],[0.645,42.957],[0.464,42.85],[0.467,42.69]],[[0.607,43.311],[0.789,43.414],[1,43.359],[1.055,43.52],[1.177,43.562],[1.192,43.599],[0.954,43.787]],[[-0.236,43.587],[-0.434,43.553],[-0.46,43.592],[-0.562,43.543],[-0.8,43.567],[-1.154,43.49],[-1.204,43.564],[-1.317,43.509],[-1.514,43.539]],[[-0.236,43.587],[-0.268,43.629],[-0.183,43.835],[-0.222,43.899],[-0.024,43.971],[0,43.915],[0.064,43.909],[0.085,43.967]],[[1.894,45.696],[1.566,45.56],[1.444,45.584],[1.255,45.446]],[[1.894,45.696],[2.041,45.76],[2.301,45.674],[2.49,45.736]],[[1.894,45.696],[1.868,45.793],[1.756,45.856],[1.625,45.845],[1.609,45.916],[1.516,45.931],[1.578,45.994],[1.488,46.147],[1.387,46.209],[1.438,46.313],[1.414,46.351]],[[1.255,45.446],[1.131,45.483],[1.159,45.528],[1.017,45.611],[0.786,45.602],[0.735,45.693],[0.636,45.71]],[[1.255,45.446],[1.327,45.376],[1.254,45.32],[1.283,45.255],[1.239,45.207],[1.288,45.195],[1.289,45.147],[1.397,45.132],[1.459,45.015]],[[1.977,44.171],[1.778,44.097],[1.659,44.117],[1.698,44.031],[1.552,43.959],[1.556,43.918]],[[1.977,44.171],[2.134,44.195],[2.381,44.1],[2.476,44.034],[2.672,43.753],[2.904,43.737],[2.934,43.694]],[[1.977,44.171],[1.908,44.212],[1.971,44.276],[1.869,44.293],[1.882,44.34]],[[1.556,43.918],[1.58,43.814],[1.726,43.673],[1.688,43.631],[1.95,43.482],[2.044,43.498],[2.032,43.423]],[[1.556,43.918],[1.3,43.851],[1.358,43.821],[1.246,43.774],[1.165,43.816],[0.954,43.787]],[[4.811,45.296],[4.811,45.296]],[[4.811,45.296],[5.004,45.341],[5.16,45.257],[5.177,45.081],[5.391,45.047],[5.486,45.081],[5.46,44.8],[5.812,44.712]],[[4.811,45.296],[4.823,45.111],[4.893,44.95],[4.771,44.779],[4.789,44.658],[4.721,44.573],[4.658,44.327]],[[4.811,45.296],[4.77,45.366]],[[5.812,44.712],[6.022,44.833],[6.362,44.862],[6.325,44.999],[6.222,45.017],[6.266,45.125]],[[5.812,44.712],[5.793,44.655],[5.658,44.641],[5.608,44.556],[5.651,44.496],[5.472,44.489],[5.5,44.431],[5.427,44.419],[5.497,44.348],[5.627,44.33],[5.679,44.191]],[[2.205,44.622],[1.834,44.488],[1.882,44.34]],[[2.205,44.622],[2.472,44.668],[2.727,44.935],[2.927,44.778],[2.926,44.691],[2.98,44.644]],[[2.205,44.622],[2.132,44.699],[2.157,44.784],[2.059,44.975]],[[1.882,44.34],[1.643,44.27],[1.573,44.295],[1.566,44.235],[1.474,44.284],[1.364,44.22],[1.129,44.316],[1.119,44.393],[1.065,44.379]],[[2.568,43.423],[2.583,43.325],[2.688,43.323],[2.756,43.258],[2.87,43.387],[2.933,43.316],[3.244,43.219]],[[2.568,43.423],[2.662,43.469],[2.641,43.633],[2.776,43.618],[2.934,43.694]],[[2.568,43.423],[2.25,43.442],[2.208,43.383],[2.032,43.423]],[[1.327,47.186],[1.356,47.108],[1.237,47.017],[1.074,47.014],[0.98,46.755],[0.881,46.75]],[[1.327,47.186],[1.604,47.285],[1.724,47.289],[1.839,47.219]],[[1.327,47.186],[1.239,47.278],[1.105,47.313],[1.12,47.443],[1.038,47.601],[0.873,47.6],[0.839,47.676],[0.61,47.689]],[[0.881,46.75],[0.672,46.966],[0.572,47.004],[0.573,46.955],[0.327,46.939],[0.307,47.043],[0.2,47.056],[0.192,47.102],[0.067,47.154]],[[0.881,46.75],[0.916,46.615],[1.137,46.518],[1.177,46.387]],[[1.839,47.219],[1.774,47.131],[2.039,47.113],[2.079,46.942],[2.132,46.903],[2.067,46.727],[2.187,46.623],[2.159,46.549],[2.195,46.49],[2.139,46.421]],[[1.839,47.219],[1.905,47.222],[1.942,47.283],[2.139,47.286],[2.127,47.416],[2.259,47.439],[2.133,47.588],[2.239,47.621]],[[1.414,46.351],[1.526,46.414],[1.737,46.398],[1.771,46.452],[2.139,46.421]],[[1.414,46.351],[1.345,46.396],[1.177,46.387]],[[-0.42,47.762],[-0.382,47.8],[-0.444,47.839],[-0.385,47.866],[-0.395,47.917],[-0.289,47.956],[-0.338,48.04],[-0.23,48.073],[-0.232,48.164],[-0.138,48.229],[-0.148,48.353],[-0.053,48.381]],[[-0.42,47.762],[-0.627,47.735],[-1.243,47.81]],[[-0.42,47.762],[-0.195,47.719],[-0.169,47.639],[0.242,47.603]],[[2.49,45.736],[2.49,45.736]],[[2.49,45.736],[2.524,45.659],[2.465,45.585],[2.519,45.479]],[[2.49,45.736],[2.398,45.822],[2.595,45.971],[2.567,46.136]],[[5.679,44.191],[5.89,44.191],[5.835,44.3],[5.914,44.269],[5.909,44.337],[6.073,44.468],[6.135,44.472],[6.236,44.385],[6.259,44.468],[6.365,44.535],[6.467,44.459],[6.613,44.447],[6.684,44.541],[6.938,44.658]],[[5.679,44.191],[5.679,44.191]],[[5.679,44.191],[5.671,44.151],[5.604,44.181],[5.506,44.122]],[[6.636,43.789],[6.427,43.794],[6.354,43.736],[6.244,43.801],[6.028,43.672],[5.93,43.749],[5.754,43.732]],[[6.636,43.789],[6.809,43.912],[6.942,43.897],[6.758,44.037],[6.695,44.153],[6.743,44.263],[6.878,44.355]],[[5.754,43.732],[5.531,43.669],[5.193,43.749],[4.773,43.933]],[[5.754,43.732],[5.609,43.835],[5.545,43.818],[5.589,43.904],[5.508,43.958],[5.544,44.05],[5.503,44.063],[5.506,44.122]],[[4.773,43.933],[4.641,43.871],[4.609,43.699],[4.477,43.693],[4.429,43.628],[4.453,43.591],[4.225,43.459]],[[4.773,43.933],[4.85,44.013],[4.726,44.089],[4.658,44.282]],[[2.032,43.423],[1.841,43.421],[1.703,43.267]],[[4.992,48.693],[4.802,48.678],[4.773,48.644],[4.854,48.613],[4.776,48.595],[4.785,48.538],[4.67,48.532]],[[4.992,48.693],[4.907,48.805],[4.929,48.898],[5.009,48.935],[5.034,49.006],[4.955,49.165],[4.979,49.236]],[[4.992,48.693],[5.036,48.618],[5.455,48.419]],[[4.67,48.532],[4.526,48.529],[4.328,48.611],[4.307,48.706],[4.079,48.695],[3.848,48.526],[3.716,48.569],[3.636,48.541],[3.538,48.613]],[[4.67,48.532],[4.637,48.461],[4.824,48.342],[4.862,48.198],[4.828,48.111],[4.711,48.103],[4.699,48.022]],[[-0.034,45.12],[0.031,45.12],[0.066,45.064],[-0.013,44.861],[0.174,44.827],[0.233,44.881],[0.305,44.868],[0.264,44.826],[0.297,44.762]],[[-0.034,45.12],[0,45.192]],[[0.297,44.762],[0.119,44.724],[0.17,44.637],[-0.006,44.509],[0.015,44.367],[-0.085,44.346],[-0.035,44.276],[-0.141,44.227]],[[0.297,44.762],[0.417,44.645],[0.6,44.701],[0.812,44.69],[0.841,44.602],[0.972,44.638],[1.077,44.575]],[[4.798,46.172],[4.749,45.957],[4.909,45.874],[4.917,45.811],[5.102,45.826]],[[4.798,46.172],[4.941,46.504],[5.155,46.511],[5.311,46.455]],[[4.798,46.172],[4.72,46.189],[4.638,46.299],[4.592,46.262],[4.414,46.293],[4.384,46.225]],[[5.102,45.826],[5.239,45.786],[5.369,45.88],[5.6,45.656]],[[5.102,45.826],[5.071,45.762],[5.154,45.7],[5.014,45.612],[4.802,45.593],[4.87,45.55],[4.76,45.444]],[[7.089,48.523],[6.807,48.396],[6.606,48.469],[6.403,48.394],[6.284,48.438],[6.117,48.361],[5.977,48.357],[5.874,48.414],[5.896,48.488],[5.765,48.497]],[[7.089,48.523],[6.97,48.611],[6.372,48.78],[6.302,48.847],[6.309,48.925],[6.143,48.935],[5.967,49.041],[5.935,49.099],[6.009,49.131],[6.02,49.244],[5.924,49.376],[5.928,49.482]],[[7.089,48.523],[7.263,48.576],[7.318,48.756],[7.204,48.854],[7.111,48.789],[7.096,48.858],[6.981,48.905],[7.079,49.06],[7.342,48.943],[7.564,48.94],[7.645,49.036]],[[7.089,48.523],[7.149,48.5],[7.107,48.346],[7.209,48.303]],[[5.765,48.497],[5.716,48.57],[5.758,48.627],[5.724,48.73],[5.776,48.823],[5.762,48.919],[5.848,48.947],[5.841,49.056],[5.754,49.118],[5.721,49.222],[5.759,49.3],[5.718,49.382],[5.644,49.436],[5.499,49.412],[5.478,49.495]],[[5.765,48.497],[5.455,48.419]],[[4.658,44.327],[4.759,44.32],[4.832,44.237],[5.167,44.308],[5.177,44.234],[5.371,44.206],[5.506,44.122]],[[4.658,44.327],[4.658,44.282]],[[5.959,46.13],[5.959,46.13]],[[5.959,46.13],[5.825,46.095],[5.84,45.939]],[[5.84,45.939],[5.762,45.724],[5.6,45.656]],[[5.84,45.939],[5.884,45.835],[5.993,45.758],[6.137,45.759],[6.254,45.684],[6.33,45.704],[6.523,45.908],[6.553,45.826],[6.68,45.78],[6.69,45.728],[6.784,45.765]],[[5.6,45.656],[5.756,45.439],[5.911,45.394],[5.948,45.49],[6.125,45.435],[6.195,45.352],[6.133,45.28],[6.156,45.162],[6.266,45.125]],[[4.76,45.444],[4.77,45.366]],[[4.76,45.444],[4.654,45.491],[4.64,45.581],[4.497,45.585],[4.384,45.654],[4.397,45.749],[4.344,45.778],[4.394,45.843],[4.259,45.97],[4.308,46.012],[4.253,46.05],[4.432,46.151],[4.384,46.225]],[[4.77,45.366],[4.61,45.313],[4.598,45.242],[4.463,45.236]],[[2.567,46.136],[2.651,46.126],[2.733,46.223],[2.816,46.201],[2.89,46.261],[3.017,46.102],[3.332,46.044],[3.438,46.072],[3.457,46.003],[3.68,45.957]],[[2.567,46.136],[2.474,46.271],[2.34,46.323],[2.254,46.42]],[[3.68,45.957],[3.816,46.001],[3.767,46.229],[3.886,46.276]],[[3.68,45.957],[3.73,45.892],[3.697,45.789],[3.967,45.498],[3.886,45.359]],[[1.52,47.986],[1.515,47.985]],[[1.52,47.986],[1.562,47.98],[1.537,47.926],[1.579,47.904],[1.548,47.769],[1.706,47.734],[1.757,47.655],[1.82,47.644],[1.861,47.7],[2.172,47.677],[2.239,47.621]],[[1.52,47.986],[1.205,47.969],[1.019,48.129],[0.833,48.094]],[[1.52,47.986],[1.537,48.04],[1.855,48.086],[1.971,48.186],[1.988,48.277]],[[2.239,47.621],[2.566,47.573],[2.679,47.485],[2.875,47.521]],[[-1.251,47.78],[-1.158,47.631],[-1.008,47.588],[-1.175,47.542],[-0.966,47.492],[-0.924,47.394],[-1.335,47.324],[-1.184,47.232],[-1.162,47.186],[-1.23,47.109],[-1.129,47.063],[-1.149,47.029]],[[-1.251,47.78],[-1.462,47.823],[-1.685,47.718],[-2.089,47.633]],[[-1.251,47.78],[-1.243,47.81]],[[-1.149,47.029],[-0.946,47]],[[3.538,48.613],[3.459,48.642],[3.451,48.724],[3.396,48.754],[3.478,48.85]],[[3.538,48.613],[3.406,48.525],[3.395,48.412]],[[2.267,48.901],[2.235,48.834],[2.332,48.817]],[[2.267,48.901],[2.319,48.958]],[[2.267,48.901],[2.473,48.859]],[[2.319,48.958],[2.152,48.883]],[[2.319,48.958],[2.553,49.01]],[[2.152,48.883],[2.122,48.911],[2.173,48.989],[2.073,48.995],[2.024,48.943],[1.978,49.01],[1.881,48.998],[1.841,49.068],[1.62,49.083]],[[2.152,48.883],[2.227,48.776]],[[1.62,49.083],[1.445,49.043],[1.493,48.94]],[[1.62,49.083],[1.698,49.231]],[[0.493,49.494],[0.664,49.408],[0.819,49.416],[0.919,49.361],[0.859,49.345],[0.874,49.315],[1.022,49.256],[1.171,49.346],[1.267,49.348],[1.392,49.454],[1.718,49.411]],[[-0.103,45.97],[-0.173,45.79],[-0.413,45.783],[-0.459,45.74],[-0.416,45.742],[-0.42,45.62],[-0.244,45.503],[-0.256,45.415],[-0.311,45.377],[-0.278,45.31],[-0.109,45.29],[-0.115,45.248],[0,45.192]],[[-0.103,45.97],[-0.26,46.065],[-0.615,46.143],[-0.751,46.245],[-0.757,46.301]],[[-0.103,45.97],[0.036,46.08],[0.197,46.096]],[[0,45.192],[0.249,45.293],[0.281,45.422],[0.434,45.489],[0.517,45.634],[0.636,45.71]],[[-3.639,48.688],[-3.568,48.541],[-3.597,48.474],[-3.555,48.451],[-3.614,48.392],[-3.523,48.282],[-3.565,48.186]],[[-3.565,48.186],[-3.292,48.144],[-3.037,48.204],[-2.77,48.094],[-2.672,48.129],[-2.638,48.034],[-2.549,48.085],[-2.524,48.16],[-2.287,48.134]],[[8.57,42.382],[8.868,42.321],[8.887,42.268],[9.043,42.205],[9.156,42.031],[9.221,42.028],[9.227,41.855],[9.396,41.86]],[[0.856,42.813],[0.838,42.907],[0.992,42.99],[0.988,43.081],[1.054,43.137],[1.137,43.154],[1.243,43.089],[1.29,43.123],[1.22,43.17],[1.382,43.231],[1.306,43.299],[1.374,43.296],[1.441,43.213],[1.515,43.297],[1.631,43.245],[1.703,43.267]],[[1.703,43.267],[1.719,43.183],[1.958,43.087],[1.992,42.967],[1.942,42.935],[1.986,42.873],[1.869,42.81],[1.956,42.735],[2.075,42.744],[2.166,42.664]],[[0.954,43.787],[0.897,43.788],[0.874,43.92],[0.76,43.945],[0.848,44.04],[0.764,44.03],[0.742,44.067]],[[3.342,43.904],[3.448,44.008],[3.286,44.081],[3.377,44.168]],[[3.342,43.904],[3.199,43.815],[3.057,43.816],[3.051,43.701],[2.934,43.694]],[[-1.949,48.538],[-1.909,48.489],[-1.961,48.3],[-2.17,48.256],[-2.287,48.134]],[[-2.287,48.134],[-2.178,48.073],[-2.271,48.005],[-2.124,47.964],[-2.109,47.849],[-2.052,47.836],[-2.122,47.774],[-2.062,47.745],[-2.124,47.725],[-2.089,47.633]],[[2.139,46.421],[2.254,46.42]],[[6.138,46.558],[6.054,46.616],[6.083,46.691],[6.207,46.766],[6.025,46.858],[5.95,46.985],[5.752,47.019],[5.815,47.144],[5.699,47.265]],[[5.699,47.265],[5.522,47.289]],[[5.699,47.265],[6.075,47.355],[6.337,47.507],[6.554,47.49],[6.596,47.538],[6.807,47.563]],[[-0.141,44.227],[-0.129,44.152],[0.135,44.117],[0.06,44.025],[0.085,43.967]],[[0.61,47.689],[0.61,47.689]],[[0.61,47.689],[0.61,47.689]],[[0.61,47.689],[0.745,47.788],[0.78,47.907],[0.837,47.946],[0.844,48.022],[0.797,48.054],[0.833,48.094]],[[0.61,47.689],[0.397,47.631],[0.385,47.581],[0.242,47.603]],[[0.833,48.094],[0.913,48.147],[0.798,48.186]],[[4.463,45.236],[4.439,45.126],[4.37,45.133],[4.368,45.038],[4.302,45.021],[4.297,44.974],[3.872,44.751]],[[4.463,45.236],[4.354,45.278],[4.303,45.393],[3.886,45.359]],[[3.104,45.354],[3.112,45.285],[3.227,45.268],[3.275,45.136],[3.328,45.112],[3.296,45.039],[3.37,44.954]],[[3.104,45.354],[2.995,45.289],[2.9,45.373],[2.703,45.388],[2.519,45.479]],[[3.104,45.354],[3.344,45.422],[3.505,45.416],[3.623,45.348],[3.805,45.386],[3.886,45.359]],[[3.37,44.954],[3.479,44.822],[3.643,44.874],[3.655,44.834],[3.872,44.751]],[[3.37,44.954],[3.168,44.872],[3.107,44.889],[2.98,44.644]],[[2.875,47.521],[2.932,47.44],[2.875,47.337],[2.977,47.26],[3.068,47.046],[3.073,46.87],[3.03,46.791]],[[2.875,47.521],[2.969,47.568]],[[1.988,48.277],[2.198,48.339],[2.391,48.314]],[[1.988,48.277],[1.919,48.444]],[[0.085,43.967],[0.466,44.056],[0.742,44.067]],[[1.077,44.575],[1.433,44.876],[1.459,45.015]],[[1.077,44.575],[0.998,44.533],[1.065,44.379]],[[3.377,44.168],[3.377,44.168]],[[3.377,44.168],[3.518,44.113],[3.616,44.117],[3.671,44.184],[3.876,44.131],[3.965,44.247],[3.895,44.39],[3.994,44.458]],[[3.377,44.168],[3.123,44.263],[3.14,44.429],[2.98,44.644]],[[3.994,44.458],[4.05,44.404],[4.05,44.325],[4.251,44.282],[4.342,44.334],[4.418,44.29],[4.521,44.337],[4.658,44.282]],[[3.994,44.458],[3.872,44.751]],[[-0.841,48.752],[-0.737,48.686],[-0.756,48.603],[-0.863,48.502]],[[-0.841,48.752],[-0.684,48.844],[-0.441,48.873],[-0.345,48.828],[-0.14,48.826],[0.105,48.948],[0.417,48.946]],[[4.055,49.407],[4.197,49.395],[4.414,49.282],[4.577,49.284],[4.637,49.235],[4.979,49.236]],[[4.055,49.407],[4.041,49.362],[3.878,49.381],[3.65,49.303],[3.675,49.21],[3.747,49.17],[3.625,49.138],[3.585,49.041],[3.671,49.016],[3.478,48.85]],[[4.055,49.407],[4.046,49.626],[4.235,49.737],[4.216,49.954]],[[4.979,49.236],[5.049,49.28],[5.11,49.411],[5.071,49.499],[5.106,49.57],[5.283,49.543],[5.391,49.609]],[[4.699,48.022],[4.805,47.991],[4.849,47.9],[4.968,47.842],[4.989,47.801],[4.932,47.773],[4.971,47.693],[5.109,47.648],[5.179,47.677],[5.284,47.588],[5.375,47.608]],[[4.699,48.022],[4.288,47.924]],[[-1.243,47.81],[-1.168,47.961],[-1.041,48.002],[-1.102,48.267],[-1.079,48.499]],[[4.106,47.339],[4.125,47.25],[4.219,47.219],[4.21,47.155]],[[4.106,47.339],[4.001,47.312],[3.951,47.393],[3.869,47.374],[3.866,47.431],[3.813,47.386],[3.716,47.412],[3.492,47.56],[3.488,47.494],[3.346,47.481],[3.145,47.525],[3.109,47.577],[2.969,47.568]],[[4.106,47.339],[4.068,47.425],[4.259,47.734],[4.341,47.775],[4.313,47.841],[4.263,47.844],[4.288,47.924]],[[4.21,47.155],[4.062,47.119],[4.063,47.026],[4.001,47.001],[4.093,46.865],[4.039,46.836],[4.047,46.786],[3.809,46.702],[3.739,46.752],[3.625,46.739]],[[4.21,47.155],[4.352,47.065],[4.546,47.02],[4.687,46.903],[5.251,46.981]],[[3.119,49.706],[3.123,49.492],[3.169,49.437],[2.964,49.321],[3.02,49.263],[2.977,49.191],[3.129,49.171],[3.08,49.106]],[[3.119,49.706],[2.885,49.709],[2.792,49.616],[2.699,49.622],[2.645,49.575],[2.307,49.689],[1.856,49.701],[1.755,49.766]],[[3.119,49.706],[3.057,49.788],[3.193,49.976],[3.157,50.019]],[[3.08,49.106],[3.383,48.871],[3.478,48.85]],[[3.08,49.106],[2.583,49.085]],[[-0.863,48.502],[-0.754,48.441],[-0.483,48.506],[-0.338,48.494],[-0.233,48.561],[-0.062,48.439],[-0.053,48.381]],[[-0.863,48.502],[-1.079,48.499]],[[0.417,48.946],[0.417,48.946]],[[0.417,48.946],[0.43,49.009],[0.374,49.065],[0.421,49.137],[0.335,49.238],[0.376,49.269],[0.305,49.313],[0.294,49.435]],[[0.417,48.946],[0.417,48.946]],[[0.417,48.946],[0.407,48.893],[0.6,48.874],[0.747,48.77],[0.73,48.706],[0.816,48.665]],[[2.063,51.014],[2.222,50.806],[2.393,50.771],[2.354,50.737],[2.371,50.674],[2.726,50.626],[2.803,50.668],[2.87,50.631],[2.811,50.61],[2.791,50.542],[3.059,50.443],[3.002,50.381],[3.063,50.316],[3.02,50.267],[3.168,50.233],[3.088,50.05]],[[3.088,50.05],[2.99,50.077],[2.86,50.018],[2.832,50.071],[2.756,50.038],[2.711,50.129],[2.691,50.078],[2.567,50.134],[2.406,50.094],[2.377,50.142],[2.468,50.194],[2.41,50.225],[2.098,50.204],[1.939,50.329],[1.595,50.373]],[[3.088,50.05],[3.157,50.019]],[[2.519,45.479],[2.482,45.392],[2.352,45.407],[2.348,45.34],[2.195,45.224],[2.207,45.159],[2.107,45.051],[2.132,44.993],[2.059,44.975]],[[3.046,42.837],[2.855,42.914],[2.704,42.834],[2.375,42.847],[2.331,42.822],[2.343,42.719],[2.166,42.664]],[[2.166,42.664],[1.994,42.653],[1.929,42.569],[1.761,42.568]],[[7.582,48.121],[7.209,48.303]],[[7.209,48.303],[6.952,47.957],[6.924,47.843],[6.869,47.819]],[[4.384,46.225],[4.3,46.174],[3.992,46.176],[3.898,46.213],[3.886,46.276]],[[5.522,47.289],[5.407,47.457],[5.493,47.531],[5.479,47.599],[5.375,47.608]],[[5.522,47.289],[5.486,47.191],[5.251,46.981]],[[6.807,47.563],[6.919,47.534],[6.939,47.427]],[[6.807,47.563],[6.759,47.723],[6.836,47.824]],[[3.625,46.739],[3.47,46.65],[3.408,46.711],[3.194,46.691],[3.03,46.791]],[[3.625,46.739],[3.74,46.615],[3.741,46.549],[3.977,46.467],[4,46.326],[3.886,46.276]],[[5.251,46.981],[5.255,46.98]],[[5.251,46.981],[5.458,46.856],[5.35,46.81],[5.424,46.644],[5.361,46.547],[5.425,46.491],[5.311,46.455]],[[0.242,47.603],[0.067,47.154]],[[-0.053,48.381],[0.31,48.472],[0.372,48.449],[0.401,48.324],[0.798,48.186]],[[6.266,45.125],[6.459,45.054],[6.629,45.124]],[[1.718,49.411],[1.769,49.499],[1.713,49.51],[1.681,49.645],[1.735,49.685],[1.679,49.697],[1.755,49.766]],[[1.718,49.411],[1.783,49.251],[1.715,49.27],[1.698,49.231]],[[-0.757,46.301],[-0.555,46.37],[-0.63,46.409],[-0.627,46.607],[-0.716,46.808],[-0.946,47]],[[0.197,46.096],[0.442,46.054],[0.488,46.134],[0.6,46.083],[0.796,46.133]],[[0.197,46.096],[0.199,46.151],[0.107,46.195],[0.171,46.331],[0.066,46.307],[-0.015,46.412],[-0.034,46.511],[0.02,46.597],[-0.027,46.633],[0.014,46.736],[-0.019,46.812],[0.028,46.85],[-0.109,47.07]],[[3.157,50.019],[3.697,50.06],[3.975,50.041],[3.991,49.995],[4.132,49.975]],[[0.742,44.067],[0.808,44.145],[0.894,44.15],[0.872,44.181],[0.947,44.273],[0.887,44.313],[0.904,44.373],[1.065,44.379]],[[1.065,44.379],[1.064,44.379]],[[-0.946,47],[-0.632,46.992],[-0.538,47.07],[-0.27,47.097],[-0.109,47.07]],[[0.796,46.133],[0.813,46.054],[0.924,45.966],[0.81,45.922],[0.786,45.803],[0.711,45.797],[0.636,45.71]],[[0.796,46.133],[0.828,46.14],[0.795,46.226],[1.177,46.387]],[[-0.109,47.07],[-0.109,47.07]],[[-0.109,47.07],[-0.004,47.157],[0.067,47.154]],[[-0.109,47.07],[-0.109,47.07]],[[5.455,48.419],[5.432,48.337],[5.508,48.351],[5.65,48.273],[5.72,48.196],[5.658,48.096],[5.892,47.933]],[[2.969,47.568],[2.835,47.749],[2.992,47.792],[2.995,47.907],[3.118,48.001],[3.023,48.132],[2.926,48.156]],[[4.288,47.924],[4.218,47.972],[4.203,47.939],[3.916,47.934],[3.733,48.157],[3.582,48.181],[3.6,48.267],[3.395,48.412]],[[6.939,47.427],[6.939,47.427]],[[6.836,47.824],[6.625,47.94],[6.538,47.9],[6.373,47.953],[6.244,47.932],[6.099,48.009],[5.892,47.933]],[[6.836,47.824],[6.869,47.819]],[[2.227,48.776],[2.046,48.687],[2.029,48.579],[1.949,48.549],[1.919,48.444]],[[2.227,48.776],[2.321,48.749]],[[1.919,48.444],[1.785,48.477],[1.758,48.552],[1.579,48.693],[1.606,48.749],[1.493,48.94]],[[2.391,48.314],[2.391,48.313]],[[2.391,48.314],[2.526,48.421],[2.496,48.517],[2.572,48.692]],[[2.391,48.314],[2.514,48.207],[2.467,48.124],[2.926,48.156]],[[2.572,48.692],[2.321,48.749]],[[2.572,48.692],[2.592,48.807]],[[2.321,48.749],[2.332,48.817]],[[2.332,48.817],[2.443,48.816],[2.473,48.859]],[[2.473,48.859],[2.592,48.807]],[[2.473,48.859],[2.474,48.861]],[[2.553,49.01],[2.592,48.807]],[[2.553,49.01],[2.583,49.085]],[[2.583,49.085],[2.319,49.18],[2.072,49.212],[1.886,49.168],[1.698,49.231]],[[13.338,42.688],[13.274,42.743],[13.194,42.735]],[[9.201,44.682],[9.203,44.614]],[[7.075,45.466],[7.075,45.466]],[[13.962,41.471],[14.009,41.553],[13.946,41.688]],[[9.69,44.358],[9.852,44.253],[9.862,44.186],[10.053,44.1],[10.028,44.049]],[[3.03,46.791],[2.628,46.689],[2.576,46.651],[2.617,46.552],[2.34,46.501],[2.254,46.42]],[[3.395,48.412],[3.346,48.371],[3.042,48.362],[3.028,48.262],[2.926,48.156]],[[5.892,47.933],[5.704,47.801],[5.692,47.686],[5.421,47.671],[5.375,47.608]],[[5.311,46.455],[5.51,46.261],[5.648,46.344],[5.722,46.274],[5.872,46.272],[6.059,46.417]],[[6.869,47.819],[7.05,47.716],[7.023,47.606],[7.134,47.55],[7.142,47.488]],[[6.059,46.417],[6.059,46.417]],[[1.493,48.94],[1.324,48.775],[1.109,48.778],[0.816,48.665]],[[0.816,48.665],[0.98,48.433],[0.784,48.331],[0.827,48.209],[0.798,48.186]],[[2.059,44.975],[1.778,44.933],[1.61,45.029],[1.459,45.015]],[[33.571,44.852],[33.689,44.754],[33.611,44.721],[33.625,44.661],[33.709,44.666],[33.75,44.624],[33.73,44.554],[33.806,44.527],[33.852,44.432],[33.73,44.398]],[[12.47,46.676],[12.47,46.676]],[[6.629,45.124],[6.629,45.124]],[[-58.474,-34.522],[-58.538,-34.567],[-58.542,-34.71],[-58.444,-34.775],[-58.315,-34.657]],[[130.452,42.55],[130.433,42.453],[130.262,42.418],[130.273,42.332],[130.192,42.235],[130.202,42.174]],[[-16.763,13.405],[-16.704,13.338],[-16.596,13.385]],[[-15.342,13.363],[-15.36,13.207],[-15.278,13.175],[-15.131,12.884],[-15.146,12.679]],[[32.287,41.331],[32.307,41.416],[32.251,41.537],[32.134,41.599]],[[118.993,10.3],[119.196,10.056]],[[118.382,9.658],[118.639,9.521]],[[122.976,10.742],[123.068,10.681],[123.025,10.593],[122.92,10.618]],[[122.615,10.761],[122.533,10.8],[122.472,10.687]],[[123.935,10.401],[123.907,10.436],[123.837,10.354],[123.869,10.248]],[[123.935,10.401],[123.98,10.377]],[[123.935,10.401],[123.934,10.309]],[[124.622,11.002],[124.67,11.064],[124.604,11.157],[124.498,11.109],[124.55,10.983]],[[124.976,11.334],[124.92,11.324],[124.933,11.237],[125.039,11.198]],[[121.637,13.91],[121.582,13.996],[121.498,13.957],[121.549,13.878]],[[120.365,16.109],[120.402,16.042],[120.341,15.994],[120.296,15.983],[120.258,16.052]],[[120.969,14.636],[121.004,14.665]],[[120.969,14.636],[120.977,14.628]],[[121.004,14.665],[121.036,14.679]],[[121.026,14.695],[121.036,14.679]],[[121.001,14.627],[121.03,14.597]],[[121.001,14.627],[121.036,14.679]],[[121.001,14.627],[120.977,14.628]],[[121.03,14.597],[121.071,14.594]],[[121.03,14.597],[121.037,14.589]],[[120.984,14.534],[121.045,14.507]],[[121.045,14.507],[121.056,14.465]],[[121.045,14.507],[121.032,14.527]],[[120.973,14.506],[121.033,14.439]],[[121.033,14.439],[121.056,14.465]],[[121.032,14.527],[121.077,14.535]],[[121.032,14.527],[121.006,14.558]],[[121.077,14.535],[121.08,14.548]],[[121.077,14.535],[121.092,14.543]],[[121.08,14.548],[121.092,14.543]],[[121.08,14.548],[121.064,14.565]],[[121.092,14.609],[121.071,14.584]],[[121.071,14.584],[121.071,14.594]],[[121.071,14.584],[121.064,14.565]],[[121.026,14.575],[121.064,14.565]],[[121.026,14.575],[121.006,14.558]],[[121.026,14.575],[121.037,14.589]],[[121.071,14.594],[121.037,14.589]],[[124.219,7.321],[124.305,7.222],[124.281,7.165],[124.184,7.226]],[[48.847,38.788],[48.829,38.734],[48.863,38.748]],[[45.168,39.566],[45.051,39.387]],[[-9.12,53.262],[-9.04,53.332],[-8.922,53.299],[-8.943,53.262]],[[-8.388,51.893],[-8.494,51.924],[-8.544,51.868],[-8.396,51.877]],[[-6.347,53.359],[-6.377,53.342],[-6.273,53.31]],[[-6.347,53.359],[-6.283,53.414],[-6.157,53.419],[-6.15,53.387]],[[-6.273,53.31],[-6.181,53.317]],[[-7.63,52.731],[-7.698,52.6],[-7.907,52.564],[-7.931,52.523],[-7.925,52.562],[-8.1,52.676],[-8.187,52.665]],[[18.917,21.997],[18.719,21.85],[18.769,21.356],[18.744,21.133],[18.151,20.935],[17.953,20.837],[17.829,20.713],[17.409,20.688],[17.36,20.416],[15.49,17.125]],[[17.537,9.587],[17.625,9.452],[17.734,9.431],[17.795,9.291],[18.165,9.16],[18.091,9.041],[17.967,9.007],[17.938,8.86],[18.014,8.804],[18.012,8.622],[18.129,8.379],[18.175,8.022]],[[32.51,-3.198],[32.597,-2.96],[32.51,-2.887],[32.535,-2.811],[32.36,-2.71],[32.414,-2.609],[32.245,-2.58],[31.952,-2.389],[31.877,-2.148]],[[33.264,3.754],[33.281,3.43],[33.226,3.433],[33.155,3.535],[33.109,3.468],[32.939,3.468],[32.904,3.406],[32.77,3.392],[32.783,3.18]],[[34.755,2.484],[34.842,2.113]],[[34.842,2.113],[34.922,2.211]],[[30.138,-0.417],[30.326,-0.492]],[[30.326,-0.492],[30.314,-0.618],[30.165,-0.633]],[[-9.069,8.053],[-9.368,7.758]],[[-9.069,8.053],[-9.015,8.013],[-8.885,7.666],[-8.728,7.622]],[[-9.069,8.053],[-8.91,8.298]],[[-8.067,8.021],[-8.279,8.196],[-8.43,8.217]],[[-8.43,8.217],[-8.652,8.364],[-8.91,8.298]],[[-8.43,8.217],[-8.55,7.935],[-8.511,7.763],[-8.567,7.688]],[[-9.373,10.75],[-9.343,10.867]],[[-9.373,10.75],[-8.964,10.666],[-8.946,10.503],[-8.748,10.392],[-8.673,10.233],[-8.43,10.179],[-8.34,10.005],[-8.152,9.95]],[[-9.343,10.867],[-8.922,11.131],[-8.853,11.429],[-8.727,11.649]],[[-11.471,12.135],[-11.626,11.729],[-11.956,11.653],[-12.317,11.728]],[[-12.317,11.728],[-12.501,11.726]],[[-13.135,10.404],[-13.114,10.242],[-13.156,10.11],[-13.282,9.999]],[[-13.282,9.999],[-13.219,9.938],[-13.234,9.746],[-13.108,9.65],[-13.09,9.563]],[[-13.282,9.999],[-13.393,9.993],[-13.474,9.899],[-13.516,9.524]],[[-13.09,9.563],[-12.867,9.698],[-12.602,9.652]],[[-13.09,9.563],[-13.207,9.563],[-13.318,9.638],[-13.487,9.569]],[[-3.018,53.932],[-2.945,53.848],[-3.021,53.746]],[[-1.532,54.954],[-1.526,54.921]],[[-1.532,54.954],[-1.49,54.983]],[[-1.526,54.921],[-1.36,54.917]],[[-1.49,54.983],[-1.413,55]],[[-1.756,53.739],[-1.739,53.704],[-1.823,53.671],[-2.024,53.639]],[[-1.756,53.739],[-1.647,53.764]],[[-1.756,53.739],[-1.978,53.869]],[[-2.024,53.639],[-1.988,53.615]],[[-1.647,53.764],[-1.626,53.789],[-1.676,53.793],[-1.729,53.903]],[[-1.647,53.764],[-1.581,53.702]],[[-1.729,53.903],[-1.944,53.958],[-1.978,53.869]],[[-1.729,53.903],[-1.334,53.945],[-1.291,53.915],[-1.344,53.859],[-1.307,53.738]],[[-1.581,53.702],[-1.62,53.649],[-1.6,53.574]],[[-1.581,53.702],[-1.307,53.738]],[[-1.6,53.574],[-1.561,53.607],[-1.344,53.581]],[[-1.406,53.411],[-1.325,53.478]],[[-1.325,53.478],[-1.295,53.514],[-1.344,53.581]],[[-2.511,53.538],[-2.335,53.534]],[[-2.511,53.538],[-2.559,53.599]],[[-2.335,53.534],[-2.305,53.504]],[[-2.335,53.534],[-2.376,53.635]],[[-2.32,53.452],[-2.447,53.419]],[[-2.32,53.452],[-2.317,53.36]],[[-2.32,53.452],[-2.305,53.504]],[[-2.447,53.419],[-2.429,53.38]],[[-2.317,53.36],[-2.429,53.38]],[[-2.317,53.36],[-2.26,53.345]],[[-2.182,53.526],[-1.988,53.615]],[[-2.182,53.526],[-2.251,53.549]],[[-2.182,53.526],[-2.204,53.476]],[[-1.978,53.469],[-2.105,53.508],[-2.204,53.476]],[[-2.204,53.476],[-2.225,53.437]],[[-2.225,53.437],[-2.26,53.345]],[[-2.251,53.549],[-2.258,53.614]],[[-2.251,53.549],[-2.305,53.504]],[[-2.896,53.522],[-2.933,53.493]],[[-2.896,53.522],[-2.816,53.491]],[[-2.896,53.522],[-3.032,53.542],[-2.933,53.66],[-2.948,53.709]],[[-2.933,53.493],[-3.048,53.481]],[[-2.933,53.493],[-2.876,53.331]],[[-1.619,52.444],[-1.64,52.351]],[[-1.619,52.444],[-1.662,52.425],[-1.741,52.497]],[[-1.619,52.444],[-1.443,52.435],[-1.432,52.384],[-1.64,52.351]],[[-1.64,52.351],[-1.759,52.337],[-1.835,52.381]],[[-1.741,52.497],[-1.79,52.493],[-1.771,52.418],[-1.835,52.381]],[[-2.078,52.557],[-2.09,52.489],[-2.026,52.464]],[[-2.078,52.557],[-2.056,52.568]],[[-2.078,52.557],[-2.126,52.544]],[[-2.026,52.464],[-1.963,52.463],[-1.903,52.547]],[[-2.026,52.464],[-2.031,52.437]],[[-2.056,52.568],[-2.051,52.617]],[[-2.056,52.568],[-1.903,52.547]],[[-2.051,52.617],[-1.934,52.665],[-1.856,52.575]],[[-2.051,52.617],[-2.131,52.629],[-2.201,52.579],[-2.126,52.544]],[[-1.903,52.547],[-1.856,52.575]],[[-2.509,53.331],[-2.41,53.232],[-2.489,53.147],[-2.653,53.091],[-2.623,52.986]],[[-2.509,53.331],[-2.429,53.38]],[[-2.509,53.331],[-2.569,53.312]],[[-2.623,52.986],[-2.728,52.967]],[[-2.569,53.312],[-2.776,53.3]],[[21.316,56.74],[21.26,56.74],[21.258,56.657]],[[21.316,56.74],[21.452,56.646],[21.608,56.644],[21.619,56.588],[21.572,56.561]],[[21.258,56.657],[21.046,56.656]],[[21.258,56.657],[21.256,56.531],[21.348,56.544],[21.354,56.503]],[[21.354,56.503],[21.437,56.407],[21.38,56.328]],[[21.354,56.503],[21.408,56.52],[21.399,56.558],[21.482,56.512],[21.572,56.561]],[[21.38,56.328],[21.485,56.266]],[[21.38,56.328],[21.226,56.352]],[[21.063,56.494],[21.211,56.433],[21.226,56.352]],[[21.226,56.352],[21.179,56.356],[21.179,56.288],[21.086,56.228],[21.084,56.166],[21.034,56.266],[20.971,56.26]],[[21.712,56.55],[21.572,56.561]],[[21.712,56.55],[21.734,56.473],[21.666,56.418],[21.751,56.382],[21.737,56.324]],[[22.625,57.503],[22.587,57.665]],[[22.625,57.503],[22.895,57.375],[22.995,57.412]],[[23.149,56.433],[23.118,56.41],[23.173,56.358]],[[24.381,56.53],[24.513,56.455],[24.531,56.41],[24.447,56.381],[24.506,56.362],[24.481,56.31],[24.573,56.31]],[[25.014,56.496],[24.871,56.443]],[[24.406,56.927],[24.372,56.944]],[[24.372,56.944],[24.401,56.995],[24.532,57.002],[24.521,57.052],[24.566,57.06]],[[24.566,57.06],[24.63,57.061]],[[24.566,57.06],[24.509,57.106]],[[24.63,57.061],[24.727,56.99],[24.818,56.99]],[[24.63,57.061],[24.759,57.078],[24.78,57.135]],[[24.588,56.812],[24.725,56.736],[24.817,56.834],[24.924,56.801]],[[24.372,57.182],[24.349,57.184]],[[24.372,57.182],[24.467,57.182],[24.509,57.106]],[[24.349,57.184],[24.331,57.2]],[[24.349,57.184],[24.247,57.06]],[[24.247,57.06],[24.321,57.028],[24.509,57.106]],[[24.509,57.106],[24.666,57.125]],[[24.666,57.125],[24.78,57.135]],[[24.78,57.135],[24.9,57.219]],[[24.9,57.219],[24.933,57.246]],[[24.9,57.219],[24.987,57.125],[25.112,57.11]],[[24.649,57.771],[24.563,57.718],[24.564,57.673],[24.418,57.671],[24.434,57.568],[24.553,57.541],[24.578,57.465],[24.395,57.4]],[[24.649,57.771],[24.574,57.882],[24.582,57.946]],[[25.246,57.8],[25.247,57.852],[25.105,57.982],[25.094,58.067]],[[25.246,57.8],[25.455,57.789]],[[25.455,57.789],[25.261,57.938],[25.42,58.008]],[[25.457,57.537],[25.377,57.509]],[[25.457,57.537],[25.379,57.55]],[[25.377,57.509],[25.379,57.55]],[[25.231,57.296],[25.231,57.331]],[[25.231,57.296],[25.091,57.248]],[[25.231,57.296],[25.38,57.188],[25.563,57.147]],[[25.231,57.331],[25.56,57.223]],[[25.091,57.248],[24.933,57.246]],[[25.091,57.248],[25.213,57.146],[25.112,57.11]],[[25.563,57.147],[25.56,57.223]],[[25.56,57.223],[25.601,57.265]],[[27.638,57.018],[27.746,57.031]],[[25.139,56.619],[25.293,56.591]],[[25.293,56.591],[25.496,56.612]],[[25.734,56.351],[25.734,56.3],[25.68,56.293],[25.694,56.229]],[[25.734,56.351],[25.843,56.413],[25.821,56.487]],[[25.694,56.229],[25.65,56.144]],[[25.821,56.487],[25.826,56.527]],[[25.821,56.487],[25.877,56.495]],[[25.826,56.527],[25.919,56.529],[25.877,56.495]],[[26.576,56.433],[26.461,56.359],[26.601,56.282]],[[27.264,56.073],[27.76,55.975]],[[-4.086,42.763],[-4.283,42.686],[-4.304,42.569],[-4.244,42.455],[-4.316,42.456],[-4.331,42.406],[-4.273,42.386],[-4.205,42.135],[-4.12,42.128],[-4.08,42.04],[-3.971,42.04],[-4.025,41.958],[-3.896,41.984],[-3.998,41.886],[-4.089,41.87],[-4.041,41.768]],[[-4.086,42.763],[-4.185,42.812],[-4.141,42.859],[-4.221,42.85],[-4.24,42.95],[-4.434,43.048],[-4.727,43.016]],[[-4.041,41.768],[-4.123,41.807],[-4.443,41.763],[-4.494,41.78],[-4.492,41.839],[-4.572,41.816],[-4.66,41.897],[-4.789,41.818],[-4.869,41.932],[-4.987,41.913],[-4.922,42.092],[-4.927,42.15],[-5.027,42.154],[-5.002,42.289]],[[-4.041,41.768],[-4.03,41.631],[-3.981,41.583]],[[-6.482,41.303],[-6.056,41.208],[-5.947,41.141],[-5.889,41.235],[-5.66,41.244],[-5.408,41.186],[-5.32,41.116],[-5.289,41.182]],[[-5.289,41.182],[-5.125,41.132]],[[-5.289,41.182],[-5.34,41.194],[-5.294,41.253],[-5.339,41.466],[-5.229,41.528],[-5.29,41.563],[-5.391,41.761],[-5.28,41.813],[-5.281,41.979],[-5.376,42.041]],[[-7.931,42.578],[-7.897,42.506],[-7.617,42.402],[-7.406,42.444],[-7.269,42.415],[-7.203,42.326],[-7.071,42.503]],[[-7.931,42.578],[-7.868,42.713],[-7.979,42.781],[-7.964,42.842],[-8,42.849]],[[-7.931,42.578],[-8.019,42.542],[-8.174,42.572],[-8.341,42.492],[-8.268,42.257],[-8.165,42.246],[-8.222,42.154]],[[-7.071,42.503],[-6.821,42.485],[-6.839,42.41],[-6.736,42.341],[-6.783,42.253]],[[-2.742,39.318],[-2.722,39.269],[-2.843,39.134],[-2.807,39.054],[-2.882,38.931],[-2.762,38.881],[-2.749,38.811],[-2.644,38.726],[-2.679,38.636],[-2.751,38.606],[-2.756,38.533]],[[-2.742,39.318],[-2.511,39.342],[-2.374,39.233],[-2.321,39.284],[-2.289,39.227],[-2.168,39.281],[-2.049,39.267],[-2.091,39.359],[-2.021,39.352],[-1.99,39.294],[-1.77,39.281],[-1.501,39.422]],[[-2.742,39.318],[-2.789,39.398],[-2.882,39.351],[-2.931,39.471]],[[-2.756,38.533],[-2.574,38.502],[-2.572,38.428],[-2.489,38.399],[-2.43,38.259],[-2.547,38.081]],[[-2.756,38.533],[-3.001,38.43],[-3.061,38.483],[-3.323,38.482],[-3.445,38.406],[-3.554,38.45],[-3.607,38.402],[-3.778,38.427],[-3.894,38.382],[-4.256,38.403],[-4.275,38.351]],[[-1.501,39.422],[-1.446,39.367],[-1.178,39.304],[-1.256,39.047],[-1.121,38.933],[-0.959,38.94],[-0.931,38.786]],[[-2.931,39.471],[-2.908,39.642],[-3.125,39.878],[-3.097,39.987],[-3.143,39.985],[-3.164,40.066]],[[-2.931,39.471],[-3.294,39.471],[-3.327,39.41],[-3.556,39.299],[-3.842,39.26],[-3.967,39.298],[-3.972,39.352],[-4.14,39.359],[-4.042,39.575],[-4.159,39.577],[-4.242,39.478],[-4.476,39.486],[-4.538,39.548],[-4.618,39.454],[-4.693,39.45]],[[1.843,42.306],[2.041,42.294],[2.066,42.137],[2.28,42.143],[2.478,42.064],[2.462,41.911],[2.332,41.887],[2.33,41.825],[2.547,41.719],[2.748,41.736],[2.778,41.646]],[[1.843,42.306],[1.807,42.419],[1.712,42.494]],[[1.843,42.306],[1.686,42.262],[1.737,42.168],[1.658,42.012],[1.716,41.988],[1.646,41.962],[1.63,41.829],[1.56,41.768],[1.412,41.789],[1.439,41.644],[1.374,41.619],[1.393,41.575]],[[-4.001,37.402],[-4.217,37.35],[-4.255,37.229],[-4.32,37.187]],[[-4.001,37.402],[-3.841,37.386],[-3.792,37.466],[-3.491,37.616],[-3.399,37.564],[-3.223,37.639],[-2.983,37.601],[-2.902,37.666],[-2.89,37.774],[-2.786,37.912],[-2.598,38.006],[-2.602,38.062],[-2.547,38.081]],[[-4.001,37.402],[-4.213,37.626],[-4.172,37.697],[-4.284,37.82],[-4.284,38.004],[-4.168,38.137],[-4.275,38.351]],[[-4.32,37.187],[-4.384,37.278],[-4.539,37.211],[-4.653,37.256]],[[-4.32,37.187],[-4.261,37.024],[-3.827,36.855],[-3.768,36.802],[-3.777,36.736]],[[-2.21,37.916],[-2.286,37.865],[-2.316,37.622],[-2.376,37.612],[-2.358,37.522],[-2.642,37.383],[-2.66,37.212],[-2.855,37.267],[-2.885,37.179],[-3.011,37.085],[-2.991,36.986],[-3.073,36.902],[-3.029,36.844],[-3.14,36.788],[-3.128,36.746]],[[-2.21,37.916],[-1.976,37.866],[-2.001,37.654],[-1.826,37.445],[-1.642,37.381]],[[-1.808,40.402],[-1.941,40.599],[-2.146,40.66],[-2.195,40.624],[-2.287,40.644],[-2.32,40.572],[-2.408,40.606],[-2.392,40.531],[-2.545,40.537],[-2.507,40.421],[-2.627,40.453],[-2.723,40.397],[-2.808,40.407],[-2.824,40.204],[-2.913,40.158],[-2.998,40.209],[-3.014,40.155],[-3.073,40.158]],[[-1.808,40.402],[-1.7,40.493],[-1.678,40.585],[-1.551,40.595],[-1.541,40.81],[-1.622,40.947]],[[-3.073,40.158],[-3.069,40.091],[-3.164,40.066]],[[-3.073,40.158],[-3.104,40.27],[-3.186,40.249],[-3.139,40.395],[-3.205,40.513],[-3.293,40.536],[-3.318,40.646],[-3.459,40.695],[-3.446,40.761],[-3.498,40.796],[-3.41,41.012],[-3.546,41.162]],[[-2.547,43.088],[-2.534,43.034],[-2.603,42.982],[-2.253,42.9]],[[-2.547,43.088],[-2.657,43.076],[-2.637,43.023],[-2.782,43.027],[-2.948,43.084],[-2.936,43.147],[-2.984,43.202],[-3.043,43.155],[-3.142,43.165]],[[-4.275,38.351],[-4.46,38.401],[-4.849,38.615],[-4.873,38.681],[-5.037,38.728]],[[1.393,41.575],[1.201,41.57],[1.168,41.487],[1.065,41.481],[0.958,41.355],[0.521,41.289],[0.454,41.335],[0.36,41.233]],[[1.393,41.575],[1.437,41.567],[1.405,41.507],[1.483,41.477],[1.472,41.427],[1.614,41.282],[1.574,41.234],[1.624,41.192]],[[-7.696,43.732],[-7.78,43.449],[-7.882,43.408],[-7.937,43.293],[-7.961,43.19],[-7.907,42.962],[-8,42.849]],[[-8,42.849],[-8.329,42.846],[-8.342,42.784],[-8.731,42.688]],[[-4.276,40.693],[-4.258,40.662],[-4.322,40.658]],[[-4.276,40.693],[-4.161,40.687]],[[-4.276,40.693],[-4.322,40.658]],[[-4.322,40.658],[-4.42,40.633],[-4.487,40.824],[-4.56,40.831],[-4.564,40.946],[-4.714,41.091],[-4.702,41.155]],[[-5.142,37.004],[-5.085,36.925],[-5.105,36.866],[-5.194,36.829],[-5.305,36.865],[-5.339,36.666],[-5.608,36.52],[-5.426,36.518],[-5.32,36.325],[-5.254,36.297]],[[-5.142,37.004],[-4.917,37.113],[-4.945,37.177],[-4.777,37.162],[-4.722,37.196],[-4.72,37.26],[-4.653,37.256]],[[-4.653,37.256],[-4.692,37.355],[-4.784,37.33],[-4.885,37.438],[-5.002,37.704],[-5.344,37.61],[-5.401,37.631],[-5.39,37.698],[-5.311,37.698],[-5.31,37.773],[-5.581,38.135]],[[-4.727,43.016],[-4.9,42.855],[-4.911,42.381],[-4.973,42.374],[-4.955,42.296],[-5.002,42.289]],[[-5.002,42.289],[-5.112,42.306],[-5.265,42.218],[-5.381,42.215],[-5.376,42.041]],[[-5.125,41.132],[-5.147,41.05],[-5.097,40.985],[-5.18,40.793],[-5.413,40.599],[-5.517,40.583],[-5.437,40.548],[-5.467,40.468],[-5.52,40.419],[-5.591,40.474],[-5.688,40.425],[-5.675,40.359],[-5.728,40.294]],[[-5.125,41.132],[-4.999,41.161],[-4.857,41.098],[-4.702,41.155]],[[-5.728,40.294],[-5.784,40.286],[-5.804,40.343],[-5.952,40.289],[-6.224,40.48],[-6.516,40.352],[-6.585,40.272],[-6.815,40.244],[-6.875,40.279]],[[-4.161,40.687],[-4.08,40.776],[-3.984,40.789],[-3.902,40.959],[-3.546,41.162]],[[-4.702,41.155],[-4.579,41.279],[-4.597,41.321],[-4.471,41.292],[-4.515,41.41],[-4.015,41.514],[-3.981,41.583]],[[-3.981,41.583],[-3.729,41.458],[-3.673,41.559],[-3.542,41.578]],[[-3.542,41.578],[-3.341,41.457],[-3.344,41.388],[-3.199,41.301]],[[-6.183,37.939],[-6.424,38.057],[-6.572,38.024],[-6.617,38.087],[-6.81,38.113],[-6.798,38.173],[-6.951,38.198]],[[-6.183,37.939],[-5.952,38.008],[-5.915,38.114],[-5.837,38.174],[-5.714,38.18],[-5.722,38.09],[-5.581,38.135]],[[-5.581,38.135],[-5.517,38.223],[-5.569,38.425],[-5.181,38.666],[-5.17,38.714],[-5.037,38.728]],[[-3.199,41.301],[-3.417,41.264],[-3.411,41.214],[-3.546,41.162]],[[0.36,41.233],[0.338,41.406]],[[0.36,41.233],[0.214,41.126],[0.217,41.071]],[[-4.693,39.45],[-4.681,39.4],[-4.756,39.306],[-4.658,39.174],[-4.807,39.199],[-4.867,39.106],[-4.835,39.048],[-4.954,39.046],[-4.921,38.964],[-4.84,38.94],[-4.846,38.892],[-4.92,38.877],[-4.981,38.75],[-5.037,38.728]],[[-4.693,39.45],[-4.753,39.418]],[[-0.031,38.883],[-0.311,38.882],[-0.595,38.795],[-0.507,38.743],[-0.615,38.694],[-0.931,38.786]],[[-0.791,39.878],[-0.737,39.821],[-0.656,39.836],[-0.634,39.748],[-0.533,39.796],[-0.456,39.723],[-0.345,39.797],[-0.194,39.715]],[[-5.521,42.097],[-5.422,42.031]],[[-5.521,42.097],[-5.553,42.063],[-5.68,42.14],[-6.204,42.148],[-6.312,42.208],[-6.491,42.184],[-6.783,42.253]],[[-5.521,42.097],[-5.485,41.984],[-5.438,41.967],[-5.422,42.031]],[[-5.422,42.031],[-5.376,42.041]],[[-6.783,42.253],[-7.025,42.076],[-6.966,42.033],[-6.983,41.963]],[[0.217,41.071],[0.021,41.054],[-0.036,41.134],[-0.551,41.353],[-0.51,41.237],[-0.629,41.32],[-0.61,41.192],[-0.694,41.113],[-0.762,41.161],[-0.801,41.094],[-0.884,41.13],[-0.954,41.079],[-1.101,41.161],[-1.247,41.134],[-1.27,41.054],[-1.393,41.07],[-1.464,40.951],[-1.622,40.947]],[[0.338,41.406],[0.351,41.478],[0.441,41.546],[0.329,41.677],[0.594,41.868],[0.566,41.939],[0.652,42.002],[0.743,42.271],[0.701,42.484],[0.769,42.606],[0.663,42.696]],[[-2.253,42.9],[-2.214,42.95],[-2.049,42.988],[-1.912,43.135],[-1.909,43.218],[-1.75,43.295]],[[8.729,46.108],[8.729,46.108]],[[121.006,14.558],[120.98,14.557]],[[120.977,14.628],[120.948,14.628]],[[32.659,-25.911],[32.553,-25.866],[32.517,-25.95]],[[11.842,-4.742],[11.898,-4.742],[11.886,-4.855]],[[45.79,-20.929],[45.572,-20.972],[45.447,-21.097],[45.234,-21.173],[45.059,-21.361],[44.746,-21.273],[44.696,-21.386],[44.696,-21.636],[44.603,-21.771],[44.331,-21.858],[44.215,-21.805],[44.017,-21.9],[43.907,-21.87],[43.748,-21.563],[43.542,-21.31]],[[45.79,-20.929],[45.778,-21.035]],[[45.479,-23.884],[45.291,-23.922],[45.228,-23.997],[45.103,-24.436],[45.128,-24.736],[45.09,-24.887],[44.777,-25.15],[44.728,-25.304]],[[45.479,-23.884],[45.518,-24.009],[45.773,-24.041],[45.848,-24.104],[45.798,-24.254],[45.848,-24.367],[45.961,-24.455],[45.923,-24.705],[45.948,-24.956],[46.149,-25.056],[46.238,-25.198]],[[45.479,-23.884],[45.529,-23.709],[45.466,-23.584],[45.278,-23.596],[45.275,-23.476],[45.396,-23.293],[45.359,-23.115]],[[46.988,-22.275],[47.189,-22.751],[47.201,-23.102],[46.913,-22.989],[46.825,-23.002],[46.838,-23.616],[46.763,-23.691],[46.675,-23.703],[46.486,-23.655]],[[46.988,-22.275],[46.863,-22.225],[46.537,-22.212],[46.462,-22.125],[46.399,-21.912],[46.224,-21.824],[45.673,-21.761],[45.515,-21.667]],[[46.988,-22.275],[47.063,-22.175]],[[46.486,-23.655],[46.417,-23.438],[46.474,-23.352],[46.468,-23.184],[46.37,-23.123],[46.203,-22.802],[45.996,-22.684],[45.802,-22.683],[45.415,-22.86],[45.359,-23.115]],[[46.486,-23.655],[46.416,-23.811],[46.522,-23.914],[46.709,-23.983],[46.752,-24.093],[46.862,-24.119],[46.902,-24.283],[47.007,-24.257],[47.048,-24.187],[47.017,-24.079],[47.114,-24.067],[47.122,-23.982],[47.428,-24.125]],[[45.515,-21.667],[45.569,-21.592],[45.551,-21.423],[45.637,-21.294],[45.754,-21.24],[45.742,-21.085],[45.778,-21.035]],[[45.515,-21.667],[45.445,-21.681],[45.36,-21.875],[45.232,-21.909],[45.318,-22.146],[45.259,-22.344],[45.094,-22.55],[45.006,-22.872],[45.089,-23.044],[45.221,-23.049],[45.262,-23.121],[45.359,-23.115]],[[47.063,-22.175],[47.113,-22.25],[47.276,-22.325],[47.402,-22.3],[47.489,-22.35],[47.527,-22.463],[47.777,-22.513],[47.882,-22.596]],[[47.063,-22.175],[47.326,-22.037],[47.289,-21.962],[47.427,-21.448],[47.364,-21.285],[47.452,-20.985]],[[47.452,-20.985],[47.326,-20.972],[47.214,-20.885],[47.051,-20.947],[46.976,-21.047],[46.85,-21.047],[46.712,-20.96],[46.587,-20.747],[46.424,-20.747],[46.174,-20.935],[45.911,-21.035],[45.778,-21.035]],[[47.131,-18.737],[47.306,-18.792],[47.477,-19.156]],[[47.131,-18.737],[46.662,-18.717],[46.562,-18.805],[46.512,-18.98],[46.161,-19.444]],[[47.477,-19.156],[47.439,-19.256],[47.339,-19.319],[47.063,-19.294],[47.026,-19.243],[46.913,-19.231],[46.788,-19.256],[46.575,-19.419],[46.161,-19.444]],[[48.88,-17.753],[49.293,-17.677],[49.331,-17.527],[49.475,-17.514]],[[45.497,-16.976],[45.447,-16.888],[45.347,-16.863],[45.259,-16.763],[45.247,-16.675],[45.021,-16.525],[44.946,-16.287],[44.878,-16.209]],[[45.497,-16.976],[45.685,-16.938],[45.798,-16.988],[46.011,-16.988],[46.236,-17.239],[46.474,-16.976],[46.587,-16.951],[46.705,-16.609],[47.113,-16.588],[47.314,-16.675],[47.351,-16.625],[47.189,-16.462],[47.339,-16.299]],[[47.339,-16.299],[47.189,-16.011],[47.113,-15.635],[47.148,-15.446]],[[45.359,-23.115],[45.359,-23.115]],[[20.319,42.824],[20.344,42.707],[20.457,42.668]],[[20.457,42.668],[20.503,42.525]],[[20.503,42.525],[20.439,42.54]],[[20.439,42.54],[20.306,42.438],[20.153,42.493]],[[20.439,42.54],[20.104,42.653]],[[20.716,42.381],[20.706,42.327]],[[20.716,42.381],[20.87,42.422],[20.852,42.474]],[[20.552,42.074],[20.688,42.135],[20.767,42.127],[20.785,42.082]],[[20.852,42.474],[20.86,42.497]],[[20.852,42.474],[20.893,42.453]],[[21.111,42.276],[21.05,42.317],[20.966,42.292]],[[21.111,42.276],[21.244,42.317]],[[21.111,42.276],[21.098,42.196]],[[20.966,42.292],[20.947,42.356]],[[21.244,42.317],[21.271,42.25],[21.361,42.22]],[[21.244,42.317],[21.275,42.402]],[[21.482,42.248],[21.442,42.358],[21.342,42.427],[21.275,42.402]],[[21.275,42.402],[21.25,42.448]],[[21.465,42.558],[21.383,42.527],[21.293,42.557]],[[21.465,42.558],[21.524,42.466],[21.619,42.449]],[[21.293,42.557],[21.25,42.448]],[[21.293,42.557],[21.326,42.581]],[[21.387,42.755],[21.303,42.804],[21.111,42.763]],[[21.111,42.763],[21.097,42.795]],[[21.111,42.763],[21.101,42.653]],[[21.097,42.795],[20.971,42.684]],[[21.101,42.653],[20.97,42.625]],[[21.101,42.653],[21.083,42.574]],[[20.97,42.625],[20.971,42.684]],[[20.97,42.625],[20.975,42.566]],[[20.971,42.684],[20.926,42.711]],[[20.975,42.566],[20.86,42.497]],[[20.975,42.566],[21.083,42.574]],[[21.326,42.581],[21.234,42.609],[21.193,42.553],[21.083,42.574]],[[21.096,42.45],[21.25,42.448]],[[21.096,42.45],[21.047,42.368],[20.947,42.356]],[[21.096,42.45],[20.893,42.453]],[[20.947,42.356],[20.893,42.453]],[[20.834,42.807],[20.847,42.74],[20.926,42.711]],[[20.834,42.807],[20.744,42.83]],[[20.744,42.83],[20.724,42.853],[20.791,42.897]],[[20.791,42.897],[20.709,42.994],[20.617,43.022]],[[20.791,42.897],[20.867,42.909],[20.814,42.971]],[[20.644,43.052],[20.814,42.971]],[[14.213,36.07],[14.219,36.051]],[[14.219,36.051],[14.212,36.052]],[[14.219,36.051],[14.229,36.048]],[[14.212,36.052],[14.195,36.029]],[[14.212,36.052],[14.184,36.065]],[[14.229,36.048],[14.236,36.038]],[[14.229,36.048],[14.239,36.049]],[[14.236,36.038],[14.235,36.032]],[[14.236,36.038],[14.245,36.031]],[[14.235,36.032],[14.21,36.023]],[[14.235,36.032],[14.241,36.028]],[[14.241,36.028],[14.24,36.027]],[[14.241,36.028],[14.245,36.031]],[[14.24,36.027],[14.233,36.017]],[[14.24,36.027],[14.272,36.019]],[[14.245,36.031],[14.255,36.037]],[[14.255,36.037],[14.251,36.046]],[[14.255,36.037],[14.281,36.033]],[[14.251,36.046],[14.239,36.049]],[[14.251,36.046],[14.272,36.071]],[[14.239,36.049],[14.234,36.073]],[[14.281,36.033],[14.289,36.064]],[[14.281,36.033],[14.297,36.03]],[[14.281,36.033],[14.272,36.019]],[[14.32,36.046],[14.297,36.03]],[[14.297,36.03],[14.3,36.025]],[[14.272,36.019],[14.274,36.016]],[[14.406,35.968],[14.374,35.936]],[[14.374,35.936],[14.341,35.926]],[[14.374,35.936],[14.403,35.908]],[[14.403,35.908],[14.404,35.905]],[[14.403,35.908],[14.426,35.92]],[[14.404,35.905],[14.343,35.9]],[[14.404,35.905],[14.413,35.898]],[[14.426,35.92],[14.438,35.963]],[[14.426,35.92],[14.435,35.906]],[[14.435,35.906],[14.435,35.895]],[[14.435,35.906],[14.447,35.904]],[[14.435,35.895],[14.413,35.898]],[[14.435,35.895],[14.446,35.895]],[[14.413,35.898],[14.412,35.891]],[[14.412,35.891],[14.402,35.882]],[[14.412,35.891],[14.411,35.884]],[[14.402,35.882],[14.411,35.884]],[[14.402,35.882],[14.413,35.879]],[[14.411,35.884],[14.413,35.879]],[[14.413,35.879],[14.416,35.864]],[[14.413,35.879],[14.455,35.883]],[[14.416,35.864],[14.399,35.86]],[[14.416,35.864],[14.463,35.863]],[[14.399,35.86],[14.365,35.864]],[[14.399,35.86],[14.389,35.84]],[[14.463,35.863],[14.455,35.883]],[[14.463,35.863],[14.47,35.86]],[[14.455,35.883],[14.458,35.889]],[[14.465,35.947],[14.463,35.929]],[[14.463,35.929],[14.455,35.929]],[[14.463,35.929],[14.484,35.92]],[[14.455,35.929],[14.451,35.913]],[[14.455,35.929],[14.464,35.912]],[[14.451,35.913],[14.462,35.909]],[[14.451,35.913],[14.447,35.904]],[[14.464,35.912],[14.482,35.912]],[[14.464,35.912],[14.462,35.909]],[[14.484,35.92],[14.501,35.93]],[[14.484,35.92],[14.482,35.912]],[[14.482,35.912],[14.489,35.905]],[[14.462,35.909],[14.463,35.901]],[[14.463,35.901],[14.455,35.899]],[[14.463,35.901],[14.472,35.899]],[[14.455,35.899],[14.449,35.901]],[[14.455,35.899],[14.458,35.889]],[[14.449,35.901],[14.447,35.904]],[[14.449,35.901],[14.446,35.895]],[[14.446,35.895],[14.458,35.889]],[[14.458,35.889],[14.47,35.884]],[[14.47,35.884],[14.479,35.882]],[[14.47,35.884],[14.474,35.892]],[[14.479,35.882],[14.484,35.876]],[[14.479,35.882],[14.487,35.886]],[[14.484,35.876],[14.48,35.872]],[[14.484,35.876],[14.497,35.884]],[[14.48,35.872],[14.47,35.86]],[[14.48,35.872],[14.493,35.863]],[[14.47,35.86],[14.457,35.847]],[[14.457,35.847],[14.451,35.839]],[[14.457,35.847],[14.478,35.846]],[[14.451,35.839],[14.429,35.823]],[[14.451,35.839],[14.467,35.838]],[[14.467,35.838],[14.454,35.816]],[[14.467,35.838],[14.476,35.838]],[[14.476,35.838],[14.484,35.834]],[[14.476,35.838],[14.478,35.846]],[[14.484,35.834],[14.504,35.829]],[[14.484,35.834],[14.49,35.84]],[[14.504,35.829],[14.509,35.83]],[[14.504,35.829],[14.49,35.84]],[[14.509,35.83],[14.498,35.809]],[[14.509,35.83],[14.525,35.84]],[[14.509,35.83],[14.503,35.837]],[[14.525,35.84],[14.525,35.845]],[[14.525,35.84],[14.54,35.829]],[[14.525,35.845],[14.548,35.846]],[[14.525,35.845],[14.511,35.857]],[[14.548,35.846],[14.566,35.842]],[[14.548,35.846],[14.543,35.861]],[[14.543,35.861],[14.561,35.873]],[[14.543,35.861],[14.525,35.866]],[[14.525,35.866],[14.516,35.86]],[[14.525,35.866],[14.527,35.874]],[[14.516,35.86],[14.511,35.857]],[[14.516,35.86],[14.508,35.869]],[[14.511,35.857],[14.51,35.855]],[[14.51,35.855],[14.51,35.85]],[[14.51,35.855],[14.495,35.858]],[[14.51,35.85],[14.503,35.837]],[[14.51,35.85],[14.494,35.851]],[[14.503,35.837],[14.494,35.851]],[[14.494,35.851],[14.495,35.858]],[[14.495,35.858],[14.508,35.869]],[[14.495,35.858],[14.493,35.863]],[[14.508,35.869],[14.514,35.874]],[[14.493,35.863],[14.501,35.88]],[[14.478,35.846],[14.49,35.84]],[[14.497,35.884],[14.501,35.88]],[[14.497,35.884],[14.496,35.888]],[[14.507,35.899],[14.514,35.901]],[[14.507,35.899],[14.502,35.895]],[[14.507,35.899],[14.493,35.907]],[[14.502,35.895],[14.498,35.893]],[[14.502,35.895],[14.511,35.889]],[[14.502,35.895],[14.489,35.897]],[[14.498,35.893],[14.496,35.888]],[[14.498,35.893],[14.489,35.892]],[[14.511,35.889],[14.515,35.891]],[[14.511,35.889],[14.508,35.885]],[[14.515,35.891],[14.521,35.887]],[[14.515,35.891],[14.519,35.894]],[[14.548,35.89],[14.54,35.883]],[[14.54,35.883],[14.556,35.879]],[[14.54,35.883],[14.529,35.882]],[[14.529,35.882],[14.527,35.874]],[[14.529,35.882],[14.521,35.887]],[[14.529,35.882],[14.519,35.894]],[[14.527,35.874],[14.514,35.874]],[[14.514,35.874],[14.514,35.88]],[[14.514,35.88],[14.508,35.885]],[[14.514,35.88],[14.521,35.887]],[[14.508,35.885],[14.501,35.88]],[[14.496,35.888],[14.487,35.886]],[[14.487,35.886],[14.474,35.892]],[[14.487,35.886],[14.489,35.892]],[[14.474,35.892],[14.472,35.899]],[[14.472,35.899],[14.486,35.9]],[[14.486,35.9],[14.489,35.905]],[[14.486,35.9],[14.489,35.897]],[[14.489,35.905],[14.493,35.907]],[[14.493,35.907],[14.51,35.925]],[[14.489,35.897],[14.489,35.892]],[[14.519,35.894],[14.525,35.898]],[[114.171,22.418],[114.205,22.425]],[[-2.788,10.092],[-2.892,10.101],[-2.939,10.004],[-3.051,10.075],[-3.155,10.078],[-3.203,9.908]],[[-72.896,-36.438],[-72.813,-36.463],[-72.798,-36.606],[-72.6,-36.724],[-72.556,-36.872],[-72.655,-36.916],[-72.386,-36.925],[-72.192,-37.033],[-72.259,-37.098],[-72.242,-37.191],[-71.572,-37.131],[-71.451,-37.037],[-71.257,-37.105],[-71.089,-37.103]],[[77.446,15.953],[77.661,15.896],[77.896,15.918],[78.1,15.83],[78.235,15.95],[78.244,16.039],[78.5,16.094],[78.791,16.035],[78.847,16.151],[78.898,16.143],[79.022,16.247],[79.21,16.237],[79.213,16.493],[79.266,16.57],[79.772,16.727],[79.958,16.63],[80.073,16.823],[80.013,16.902],[80.153,17.023],[80.254,17.024],[80.393,16.839],[80.598,16.793],[80.586,16.934],[80.384,16.976],[80.397,17.079],[80.467,17.036],[80.502,17.108],[80.591,17.14],[80.67,17.08],[80.856,17.053],[80.931,17.193],[81.408,17.371],[81.47,17.42],[81.574,17.705],[81.776,17.833],[81.759,17.909]],[[81.759,17.909],[82.042,18.043],[82.24,17.993],[82.33,18.044],[82.36,18.139],[82.311,18.206],[82.438,18.519],[82.503,18.511],[82.511,18.422],[82.597,18.325],[82.582,18.251],[82.636,18.229],[82.772,18.344],[82.795,18.429],[82.904,18.355],[83.03,18.382],[83.084,18.525],[83.028,18.641],[83.127,18.758],[83.202,18.742],[83.392,18.853],[83.3,18.992],[83.435,18.962],[83.458,19.069],[83.518,19.01],[83.605,19.131],[83.738,18.929],[83.75,19.001],[83.802,19],[83.897,18.808],[84.162,18.785],[84.336,18.817],[84.467,18.954],[84.47,19.031],[84.67,19.09],[84.686,19.158],[84.763,19.156],[84.778,19.116]],[[76.74,33.197],[76.488,33.502],[76.246,33.574],[76.166,33.873],[76.024,33.982],[75.88,33.964],[75.742,34.066],[75.663,34.199],[75.585,34.21],[75.375,34.371],[75.348,34.557]],[[76.74,33.197],[77.088,32.95],[77.349,32.867],[77.721,33.013],[77.858,32.873],[78.009,32.61],[78.367,32.765],[78.378,32.657],[78.304,32.596],[78.274,32.491],[78.313,32.472],[78.381,32.528]],[[-77.04,38.785],[-77.048,38.716],[-77.246,38.593],[-77.305,38.502],[-77.281,38.338],[-77.041,38.396],[-76.954,38.21],[-76.615,38.15],[-76.507,38.023],[-76.233,37.888],[-76.045,37.955]],[[-74.04,40.676],[-73.907,40.991]],[[-76.044,37.954],[-76.019,37.955]],[[-76.016,37.955],[-75.994,37.954]],[[-75.992,37.954],[-75.944,37.946],[-75.953,37.907],[-75.649,37.964]],[[32.935,35.26],[33.387,35.237],[33.654,35.356]],[[33.548,35.289],[33.581,35.226],[33.541,35.141],[33.592,35.106],[33.512,35.104],[33.491,35.05]],[[33.592,35.108],[33.678,35.056]],[[-12.056,25.996],[-12.021,25.995]],[[120.32,22.566],[120.32,22.566]],[[7.231,46.933],[7.231,46.933]],[[82.23,16.719],[82.222,16.75],[82.178,16.719],[82.261,16.69],[82.301,16.733],[82.23,16.719]],[[-61.275,10.607],[-61.285,10.654],[-61.275,10.607]],[[121.603,24.971],[121.655,25.024],[121.564,25.206],[121.462,25.12],[121.512,25.016],[121.603,24.971]],[[120.455,23.445],[120.509,23.465],[120.49,23.502],[120.374,23.495],[120.455,23.445]],[[-2.626,42.773],[-2.817,42.794],[-2.87,42.745],[-2.752,42.682],[-2.515,42.649],[-2.601,42.704],[-2.556,42.756],[-2.626,42.773]],[[101.716,3.206],[101.665,3.232],[101.622,3.179],[101.662,3.041],[101.728,3.027],[101.763,3.176],[101.716,3.206]],[[101.681,2.874],[101.73,2.929],[101.713,2.981],[101.672,2.96],[101.681,2.874]],[[74.63,42.806],[74.672,42.869],[74.618,42.938],[74.504,42.875],[74.582,42.779],[74.63,42.806]],[[13.626,52.487],[13.648,52.539],[13.474,52.664],[13.364,52.624],[13.289,52.657],[13.217,52.587],[13.152,52.598],[13.157,52.501],[13.092,52.415],[13.426,52.381],[13.458,52.417],[13.654,52.342],[13.751,52.45],[13.626,52.487]],[[8.564,53.212],[8.496,53.224],[8.617,53.177],[8.705,53.05],[8.915,53.025],[8.99,53.094],[8.936,53.163],[8.564,53.212]],[[104.923,11.446],[104.968,11.551],[104.924,11.673],[104.86,11.678],[104.789,11.598],[104.781,11.459],[104.923,11.446]],[[46.989,40.77],[46.921,40.768],[46.968,40.725],[47.049,40.75],[46.989,40.77]],[[49.597,40.411],[49.622,40.372],[49.702,40.388],[49.67,40.428],[49.597,40.411]],[[149.35,-35.359],[149.403,-35.324],[149.249,-35.264],[149.127,-35.14],[148.809,-35.331],[148.773,-35.651],[148.832,-35.744],[148.888,-35.733],[148.934,-35.879],[149.042,-35.92],[149.097,-35.861],[149.086,-35.61],[149.15,-35.518],[149.143,-35.435],[149.2,-35.373],[149.35,-35.359]],[[16.483,48.289],[16.415,48.33],[16.208,48.262],[16.203,48.174],[16.571,48.153],[16.538,48.28],[16.483,48.289]],[[-1.171,52.872],[-1.104,52.919],[-1.161,52.995],[-1.228,52.944],[-1.171,52.872]],[[-1.122,52.565],[-1.057,52.623],[-1.16,52.656],[-1.167,52.575],[-1.122,52.565]],[[-1.432,52.842],[-1.422,52.923],[-1.538,52.898],[-1.432,52.842]],[[48.029,54.961],[48.113,55.006],[48.029,54.961]],[[42.495,54.755],[42.503,54.791],[42.444,54.804],[42.495,54.755]],[[127.116,37.551],[127.107,37.657],[127.054,37.683],[126.914,37.577],[126.794,37.552],[126.843,37.478],[126.964,37.428],[127.145,37.458],[127.195,37.543],[127.116,37.551]],[[128.741,35.849],[128.746,35.968],[128.693,36.009],[128.53,35.968],[128.524,35.874],[128.475,35.846],[128.562,35.768],[128.689,35.788],[128.741,35.849]],[[38.11,61.013],[38.023,61.042],[38.11,61.013]],[[44.481,59.157],[44.467,59.208],[44.426,59.202],[44.481,59.157]],[[70.763,55.993],[70.807,56.043],[70.763,55.993]],[[70.729,55.942],[70.77,55.95],[70.701,55.954],[70.729,55.942]],[[52.273,53.342],[52.301,53.38],[52.25,53.395],[52.229,53.355],[52.273,53.342]],[[39.752,45.127],[39.612,45.193],[39.315,44.999],[39.042,44.966],[38.9,45.051],[38.807,45.005],[38.686,45.037],[38.672,44.962],[39.064,44.81],[39.47,44.795],[39.637,44.871],[39.496,44.954],[39.5,45.037],[39.639,45.034],[39.667,45.01],[39.603,44.959],[39.681,44.981],[39.74,44.932],[39.884,45.007],[40.027,44.736],[39.915,44.699],[39.92,44.593],[39.794,44.35],[40.079,44.237],[39.96,44.065],[39.813,44.185],[39.737,44.187],[39.724,43.932],[40.32,43.76],[40.457,43.966],[40.383,44.033],[40.366,44.198],[40.438,44.292],[40.406,44.499],[40.324,44.608],[40.405,44.737],[40.539,44.733],[40.677,44.536],[40.641,44.458],[40.754,44.475],[40.728,44.608],[40.528,44.915],[40.256,45.088],[39.903,45.079],[39.752,45.127]],[[-78.083,7.918],[-78.183,8.094],[-78.225,8.069],[-78.202,8.001],[-78.334,7.945],[-78.197,7.678],[-77.991,7.59],[-77.95,7.619],[-77.953,7.779],[-78.016,7.931],[-78.083,7.918]],[[106.366,49.524],[106.04,49.617],[106.142,49.768],[106.136,49.823],[106.043,49.801],[105.833,49.636],[105.897,49.469],[105.808,49.131],[106.065,49.097],[106.357,49.186],[106.601,49.087],[106.799,49.132],[106.779,49.509],[106.507,49.606],[106.366,49.524]],[[106.882,48.172],[106.357,48.256],[106.522,47.745],[106.664,47.711],[107.033,47.732],[107.277,47.639],[107.511,47.652],[107.557,47.927],[107.332,47.989],[107.099,48.219],[106.882,48.172]],[[38.83,9.079],[38.71,9.082],[38.655,8.997],[38.694,8.914],[38.817,8.833],[38.908,8.985],[38.877,9.078],[38.83,9.079]],[[36.278,8.932],[36.335,8.96],[36.29,8.997],[36.238,8.962],[36.278,8.932]],[[36.465,9.361],[36.439,9.429],[36.498,9.485],[36.442,9.522],[36.376,9.438],[36.411,9.339],[36.465,9.361]],[[36.124,9.022],[36.049,9.034],[36.012,8.864],[36.122,8.844],[36.161,8.878],[36.246,8.787],[36.229,8.966],[36.124,9.022]],[[42.249,9.189],[42.272,9.363],[42.129,9.384],[42.064,9.23],[42.249,9.189]],[[44.368,15.533],[44.391,15.567],[44.306,15.611],[44.122,15.465],[44.181,15.293],[44.258,15.321],[44.233,15.429],[44.283,15.512],[44.368,15.533]],[[-1.19,42.403],[-1.158,42.437],[-1.19,42.403]],[[-1.075,42.433],[-1.124,42.473],[-1.075,42.433]],[[6.773,46.719],[6.787,46.752],[6.773,46.719]],[[6.863,46.727],[6.86,46.773],[6.798,46.73],[6.863,46.727]],[[14.588,49.995],[14.647,50],[14.684,50.087],[14.544,50.166],[14.214,50.099],[14.323,49.953],[14.588,49.995]],[[27.761,53.804],[27.831,53.834],[27.776,53.907],[27.836,54.017],[27.503,54.017],[27.386,53.964],[27.383,53.837],[27.556,53.784],[27.761,53.804]],[[30.739,50.668],[30.835,50.639],[30.842,50.584],[30.751,50.506],[30.846,50.353],[30.792,50.293],[30.724,50.31],[30.718,50.262],[30.606,50.267],[30.648,50.034],[30.586,50.014],[30.521,50.19],[30.411,50.262],[30.319,50.408],[30.197,50.374],[30.2,50.478],[30.25,50.601],[30.286,50.589],[30.27,50.633],[30.334,50.663],[30.433,50.662],[30.548,50.549],[30.647,50.575],[30.739,50.668]],[[69.243,41.219],[69.364,41.298],[69.348,41.37],[69.223,41.403],[69.136,41.283],[69.243,41.219]],[[76.962,43.192],[77.031,43.288],[76.996,43.401],[76.809,43.271],[76.845,43.202],[76.962,43.192]],[[71.47,50.975],[71.575,51.037],[71.607,51.16],[71.426,51.3],[71.314,51.288],[71.252,51.236],[71.25,51.156],[71.47,50.975]],[[46.76,39.8],[46.797,39.857],[46.741,39.832],[46.76,39.8]],[[36.307,33.564],[36.351,33.544],[36.317,33.461],[36.214,33.476],[36.183,33.531],[36.307,33.564]],[[26.104,44.593],[26.113,44.525],[26.191,44.512],[26.167,44.461],[26.211,44.434],[26.148,44.413],[26.145,44.326],[25.976,44.431],[26.042,44.467],[25.989,44.515],[26.104,44.593]],[[26.518,55.827],[26.632,55.897],[26.61,55.959],[26.438,55.915],[26.518,55.827]],[[27.339,56.475],[27.34,56.561],[27.274,56.516],[27.339,56.475]],[[2.072,13.627],[2.22,13.622],[2.276,13.574],[2.198,13.366],[2.179,13.413],[2.045,13.431],[1.992,13.492],[1.976,13.587],[2.072,13.627]],[[-8.002,12.704],[-7.934,12.636],[-7.978,12.543],[-8.065,12.604],[-8.065,12.67],[-8.002,12.704]],[[17.679,47.737],[17.772,47.733],[17.796,47.647],[17.588,47.587],[17.505,47.635],[17.679,47.737]],[[16.633,47.291],[16.697,47.24],[16.68,47.159],[16.601,47.148],[16.527,47.27],[16.633,47.291]],[[16.846,46.909],[16.913,46.8],[16.81,46.781],[16.771,46.9],[16.846,46.909]],[[17.932,47.228],[18.007,47.058],[17.925,47.01],[17.825,47.096],[17.827,47.171],[17.932,47.228]],[[17.749,46.454],[17.842,46.445],[17.872,46.382],[17.815,46.254],[17.743,46.248],[17.707,46.361],[17.749,46.454]],[[18.32,46.17],[18.362,46.057],[18.311,46.063],[18.236,45.985],[18.128,46.039],[18.156,46.141],[18.32,46.17]],[[18.739,46.416],[18.769,46.361],[18.887,46.331],[18.736,46.342],[18.7,46.299],[18.62,46.33],[18.739,46.416]],[[18.459,47.307],[18.563,47.256],[18.576,47.146],[18.523,47.079],[18.429,47.066],[18.329,47.204],[18.459,47.307]],[[21.168,46.67],[21.207,46.703],[21.156,46.821],[21.06,46.852],[20.975,46.77],[21.003,46.666],[21.168,46.67]],[[21.546,47.672],[21.544,47.732],[21.481,47.692],[21.419,47.501],[21.487,47.501],[21.577,47.391],[21.731,47.444],[21.772,47.416],[21.84,47.469],[21.863,47.57],[21.792,47.644],[21.678,47.591],[21.61,47.707],[21.546,47.672]],[[21.768,48.037],[21.797,47.993],[21.896,47.988],[21.837,47.841],[21.62,47.874],[21.662,48.029],[21.768,48.037]],[[37.254,55.96],[37.294,56.03],[37.202,56.06],[37.177,55.991],[37.254,55.96]],[[37.043,55.67],[37.164,55.732],[37.002,55.732],[36.991,55.68],[37.043,55.67]],[[47.174,40.57],[47.189,40.639],[47.093,40.618],[47.174,40.57]],[[-64.677,32.37],[-64.677,32.37]],[[14.688,40.973],[14.691,41.029],[14.688,40.973]],[[13.157,37.614],[13.157,37.614]],[[14.05,37.722],[14.079,37.687],[14.01,37.678],[14.05,37.722]],[[12.199,43.78],[12.238,43.809],[12.178,43.822],[12.199,43.78]],[[3.02,50.121],[3.072,50.131],[3.063,50.174],[3.004,50.15],[3.02,50.121]],[[-0.087,43.387],[-0.097,43.328],[-0.087,43.387]],[[-0.114,43.305],[-0.081,43.272],[-0.118,43.248],[-0.114,43.305]],[[4.964,44.429],[5.043,44.368],[4.992,44.316],[4.888,44.316],[4.964,44.429]],[[15.984,40.606],[15.983,40.647],[15.94,40.638],[15.984,40.606]],[[12.421,43.59],[12.43,43.631],[12.421,43.59]],[[68.801,38.592],[68.765,38.658],[68.689,38.55],[68.748,38.469],[68.861,38.557],[68.801,38.592]],[[32.65,25.73],[32.625,25.687],[32.65,25.73]],[[27.539,-21.216],[27.538,-21.107],[27.443,-21.199],[27.539,-21.216]],[[25.687,-25.183],[25.659,-25.239],[25.705,-25.224],[25.687,-25.183]],[[27.843,-21.996],[27.866,-21.921],[27.808,-21.965],[27.843,-21.996]],[[26.195,-20.559],[26.12,-20.568],[26.252,-20.599],[26.256,-20.559],[26.195,-20.559]],[[123.293,13.663],[123.368,13.62],[123.234,13.569],[123.14,13.62],[123.293,13.663]],[[120.637,15.179],[120.637,15.116],[120.593,15.103],[120.512,15.145],[120.637,15.179]],[[120.653,16.354],[120.645,16.432],[120.564,16.435],[120.585,16.359],[120.653,16.354]],[[46.821,40.496],[46.821,40.496]],[[47.184,41.242],[47.219,41.188],[47.189,41.155],[47.148,41.164],[47.184,41.242]],[[-4.083,42.174],[-4.054,42.139],[-4.097,42.141],[-4.083,42.174]],[[-5.309,42.293],[-5.337,42.247],[-5.309,42.293]],[[-3.299,43.217],[-3.267,43.227],[-3.304,43.261],[-3.299,43.217]]]}}